point_id,bus,S,p_level,q_level,feasible,n_samples,alpha_median,dloss_ratio_to_p0_median,identity_abs_max_mw
P1_old_full_opt,15,0.176,-0.176,0.0,True,72,nan,nan,0.0
P1_old_full_opt,15,0.176,-0.176,0.0375,False,72,0.9472160731778594,1.0126232024676156,5.407024654402459e-15
P1_old_full_opt,15,0.176,-0.176,0.05,False,72,0.9472021171065752,1.0126987386732456,4.793474644992912e-15
P1_old_full_opt,15,0.176,-0.176,0.0625,False,72,0.9471842313054444,1.0127685700818199,5.856426454897701e-15
P1_old_full_opt,15,0.176,-0.176,0.075,False,72,0.9471622765902126,1.0128419494942955,6.319380782549011e-15
P1_old_full_opt,15,0.176,-0.176,0.1,False,72,0.9471055654104528,1.0129818422316972,4.99556992994421e-15
P1_old_full_opt,15,0.176,-0.176,0.125,False,72,0.9470307162620991,1.0131412968551594,9.857132471369212e-15
P1_old_full_opt,15,0.176,-0.176,0.15,False,72,0.9469363268614666,1.0133101611444963,4.919675777870225e-15
P1_old_full_opt,15,0.176,-0.176,0.175,False,72,0.9468208419406966,1.0134885638890265,7.768525406293136e-15
P1_old_full_opt,15,0.176,-0.176,0.2,False,72,0.9466825315484508,1.013677311979389,5.931453245233698e-15
P1_old_full_opt,15,0.176,-0.176,0.25,False,72,0.9463294854820998,1.0140895548256799,8.141057272759156e-15
P1_old_full_opt,15,0.176,-0.176,0.3,False,72,0.9458587805299751,1.0145554923492766,4.7427339833205906e-15
P1_old_full_opt,15,0.176,-0.176,0.4,False,72,0.9444641074576428,1.0156954225705306,7.929421008689985e-15
P1_old_full_opt,15,0.176,-0.088,0.0,True,72,nan,nan,0.0
P1_old_full_opt,15,0.176,-0.088,0.0375,True,72,0.9499752358460256,1.0060689564467853,5.740633662876249e-15
P1_old_full_opt,15,0.176,-0.088,0.05,True,72,0.9499731778650415,1.0061010676675206,5.148008755395672e-15
P1_old_full_opt,15,0.176,-0.088,0.0625,True,72,0.9499674757559716,1.0061339933301596,5.523576387944651e-15
P1_old_full_opt,15,0.176,-0.088,0.075,True,72,0.9499580005653783,1.006167763573413,7.046880440286785e-15
P1_old_full_opt,15,0.176,-0.088,0.1,True,72,0.9499271784741006,1.0062429307245706,4.983860546481367e-15
P1_old_full_opt,15,0.176,-0.088,0.125,True,72,0.949879535152302,1.0063189817655904,5.340346220794601e-15
P1_old_full_opt,15,0.176,-0.088,0.15,True,72,0.949813768412487,1.0063915215132684,5.5936158482872145e-15
P1_old_full_opt,15,0.176,-0.088,0.175,False,72,0.9497284334612641,1.006472495569331,5.9483667991244715e-15
P1_old_full_opt,15,0.176,-0.088,0.2,False,72,0.9496219227071876,1.0065597699844084,5.913672329604935e-15
P1_old_full_opt,15,0.176,-0.088,0.25,False,72,0.949337983006101,1.0067504126037763,5.798746899321472e-15
P1_old_full_opt,15,0.176,-0.088,0.3,False,72,0.9489448238955814,1.0069659249307745,6.225922555280761e-15
P1_old_full_opt,15,0.176,-0.088,0.4,False,72,0.9477374291598333,1.0074933124395664,3.926546587873503e-15
P1_old_full_opt,15,0.176,0.0,0.0,True,72,nan,nan,0.0
P1_old_full_opt,15,0.176,0.0,0.0375,True,72,0.9525626395311928,1.0,5.405832032012725e-15
P1_old_full_opt,15,0.176,0.0,0.05,True,72,0.9525706301407795,1.0,4.3846220057486285e-15
P1_old_full_opt,15,0.176,0.0,0.0625,True,72,0.952575220271671,1.0,5.6174682960818956e-15
P1_old_full_opt,15,0.176,0.0,0.075,True,72,0.9525762895809426,1.0,5.615516732171422e-15
P1_old_full_opt,15,0.176,0.0,0.1,True,72,0.9525673498977878,1.0,4.747070792010533e-15
P1_old_full_opt,15,0.176,0.0,0.125,True,72,0.9525427125305552,1.0,4.156831129309424e-15
P1_old_full_opt,15,0.176,0.0,0.15,True,72,0.952501161281732,1.0,5.439659139794273e-15
P1_old_full_opt,15,0.176,0.0,0.175,True,72,0.9524413461912035,1.0,5.884615711382324e-15
P1_old_full_opt,15,0.176,0.0,0.2,False,72,0.9523617647112816,1.0,5.057586294210381e-15
P1_old_full_opt,15,0.176,0.0,0.25,False,72,0.9521363917750911,1.0,5.108760636751697e-15
P1_old_full_opt,15,0.176,0.0,0.3,False,72,0.9518090209918642,1.0,5.64479019082853e-15
P1_old_full_opt,15,0.176,0.0,0.4,False,72,0.9507607907778057,1.0,4.85722573273506e-15
P1_old_full_opt,15,0.176,0.088,0.0,True,72,nan,nan,0.0
P1_old_full_opt,15,0.176,0.088,0.0375,True,72,0.9549770184495624,0.9943994060675372,4.2406399572425535e-15
P1_old_full_opt,15,0.176,0.088,0.05,True,72,0.954993162766776,0.994372461303145,5.047286373571769e-15
P1_old_full_opt,15,0.176,0.088,0.0625,True,72,0.9550061063364212,0.9943448290365049,5.573666528313481e-15
P1_old_full_opt,15,0.176,0.088,0.075,True,72,0.955015735947236,0.9943164837802225,4.66575562907412e-15
P1_old_full_opt,15,0.176,0.088,0.1,True,72,0.9550245675324374,0.9942575462217436,5.528563717938084e-15
P1_old_full_opt,15,0.176,0.088,0.125,True,72,0.9550186231902567,0.9941954179414703,5.040239059450613e-15
P1_old_full_opt,15,0.176,0.088,0.15,True,72,0.9549967573438883,0.9941298437585973,4.945696630009877e-15
P1_old_full_opt,15,0.176,0.088,0.175,False,72,0.9549576982069949,0.9940605403174776,4.7188815355259095e-15
P1_old_full_opt,15,0.176,0.088,0.2,False,72,0.9549000298173218,0.9939871922863281,4.518087293181594e-15
P1_old_full_opt,15,0.176,0.088,0.25,False,72,0.9547223500683165,0.9938199588329826,6.526897078362737e-15
P1_old_full_opt,15,0.176,0.088,0.3,False,72,0.9544486074046159,0.9936456418085098,5.728056917675417e-15
P1_old_full_opt,15,0.176,0.088,0.4,False,72,0.953530332330762,0.9932017721955663,5.100087019371813e-15
P1_old_full_opt,15,0.176,0.176,0.0,True,72,nan,nan,0.0
P1_old_full_opt,15,0.176,0.176,0.0375,False,72,0.957217496778258,0.9892581511856681,5.0357938305434224e-15
P1_old_full_opt,15,0.176,0.176,0.05,False,72,0.9572398635354044,0.9892093297387714,4.202150780119318e-15
P1_old_full_opt,15,0.176,0.176,0.0625,False,72,0.9572591840414029,0.9891592576330125,5.594049529156209e-15
P1_old_full_opt,15,0.176,0.176,0.075,False,72,0.957275350433545,0.9891078887557289,4.179816215366117e-15
P1_old_full_opt,15,0.176,0.176,0.1,False,72,0.9572977587023325,0.9890010636995157,5.85946222098066e-15
P1_old_full_opt,15,0.176,0.176,0.125,False,72,0.9573061036392765,0.9888884351215593,5.0758008907081376e-15
P1_old_full_opt,15,0.176,0.176,0.15,False,72,0.9572992943320588,0.9887695389850069,4.94699767261686e-15
P1_old_full_opt,15,0.176,0.176,0.175,False,72,0.9572761195681022,0.988643859945202,5.927116436543756e-15
P1_old_full_opt,15,0.176,0.176,0.2,False,72,0.9572352303540363,0.9885108246369925,5.476088332789786e-15
P1_old_full_opt,15,0.176,0.176,0.25,False,72,0.9570940998451463,0.988220048091748,7.094151655007153e-15
P1_old_full_opt,15,0.176,0.176,0.3,False,72,0.9568614976717384,0.9878746858929701,5.0350348890226826e-15
P1_old_full_opt,15,0.176,0.176,0.4,False,72,0.9560430712191235,0.9870852799650209,5.676882575134101e-15
P2_dev_run1,17,0.303,-0.303,0.0,True,72,nan,nan,0.0
P2_dev_run1,17,0.303,-0.303,0.0375,False,72,0.9413475368152671,1.027008650162276,5.5410320429216675e-15
P2_dev_run1,17,0.303,-0.303,0.05,False,72,0.9413314346916235,1.0271899511609845,5.520106940992697e-15
P2_dev_run1,17,0.303,-0.303,0.0625,False,72,0.9413092856683849,1.027376863237191,4.943311385230409e-15
P2_dev_run1,17,0.303,-0.303,0.075,False,72,0.9412808305999592,1.027569640081056,4.477754972365133e-15
P2_dev_run1,17,0.303,-0.303,0.1,False,72,0.9412038770754747,1.0279738830334217,5.798746899321472e-15
P2_dev_run1,17,0.303,-0.303,0.125,False,72,0.9410981453476388,1.0284050464864671,7.183056233150964e-15
P2_dev_run1,17,0.303,-0.303,0.15,False,72,0.9409608871857776,1.0288658120768899,5.6517290847324375e-15
P2_dev_run1,17,0.303,-0.303,0.175,False,72,0.9407889816000032,1.0293592305245212,7.07940650546135e-15
P2_dev_run1,17,0.303,-0.303,0.2,False,72,0.9405788689040744,1.0298887877684764,5.213711407048294e-15
P2_dev_run1,17,0.303,-0.303,0.25,False,72,0.9400270935254005,1.0310729386317088,5.9266827556747614e-15
P2_dev_run1,17,0.303,-0.303,0.3,False,72,0.9392647913833914,1.0324584160710977,5.8173951766882226e-15
P2_dev_run1,17,0.303,-0.303,0.4,False,72,0.9368658555889382,1.0360740801831816,6.76975836499949e-15
P2_dev_run1,17,0.303,-0.1515,0.0,True,72,nan,nan,0.0
P2_dev_run1,17,0.303,-0.1515,0.0375,True,72,0.9472773511508887,1.0123675158066554,5.3828469459560324e-15
P2_dev_run1,17,0.303,-0.1515,0.05,True,72,0.9472934941138851,1.0124425006818023,5.498314477325739e-15
P2_dev_run1,17,0.303,-0.1515,0.0625,True,72,0.9473045288540105,1.0125153291054598,4.919458937435728e-15
P2_dev_run1,17,0.303,-0.1515,0.075,True,72,0.9473102362337975,1.0125882317534545,7.28583859910259e-15
P2_dev_run1,17,0.303,-0.1515,0.1,True,72,0.947304716643452,1.0127560253667058,5.061489422031329e-15
P2_dev_run1,17,0.303,-0.1515,0.125,True,72,0.9472748786793646,1.0129350583115813,4.852888924045118e-15
P2_dev_run1,17,0.303,-0.1515,0.15,True,72,0.9472183927585265,1.0131264497473405,7.35089072945172e-15
P2_dev_run1,17,0.303,-0.1515,0.175,True,72,0.9471326104511654,1.0133314729473337,7.531735651822302e-15
P2_dev_run1,17,0.303,-0.1515,0.2,True,72,0.9470145078418988,1.0135515826936334,4.721483620739875e-15
P2_dev_run1,17,0.303,-0.1515,0.25,True,72,0.9466669380799916,1.0140439983838543,5.3355757312356644e-15
P2_dev_run1,17,0.303,-0.1515,0.3,False,72,0.9461409341004834,1.0146204541090098,6.389853923760569e-15
P2_dev_run1,17,0.303,-0.1515,0.4,False,72,0.9443458643048754,1.0161259542669643,6.404599073306372e-15
P2_dev_run1,17,0.303,0.0,0.0,True,72,nan,nan,0.0
P2_dev_run1,17,0.303,0.0,0.0375,True,72,0.9524170082252261,1.0,5.6515122442979404e-15
P2_dev_run1,17,0.303,0.0,0.05,True,72,0.9524550225192816,1.0,4.44956571588051e-15
P2_dev_run1,17,0.303,0.0,0.0625,True,72,0.9524885796081879,1.0,7.366936921604506e-15
P2_dev_run1,17,0.303,0.0,0.075,True,72,0.9525174885914591,1.0,4.458456173694891e-15
P2_dev_run1,17,0.303,0.0,0.1,True,72,0.952560531035094,1.0,5.1551644897340765e-15
P2_dev_run1,17,0.303,0.0,0.125,True,72,0.9525823542646787,1.0,5.814359410605263e-15
P2_dev_run1,17,0.303,0.0,0.15,True,72,0.9525809229538704,1.0,3.736160686385048e-15
P2_dev_run1,17,0.303,0.0,0.175,True,72,0.9525539214481042,1.0,3.70536934468646e-15
P2_dev_run1,17,0.303,0.0,0.2,True,72,0.9524987035523347,1.0,6.076302655477761e-15
P2_dev_run1,17,0.303,0.0,0.25,True,72,0.9522909999339706,1.0,4.641252659975947e-15
P2_dev_run1,17,0.303,0.0,0.3,True,72,0.9519273293489293,1.0,5.4773893753967684e-15
P2_dev_run1,17,0.303,0.0,0.4,False,72,0.950549281214113,1.0,5.7783638984787444e-15
P2_dev_run1,17,0.303,0.1515,0.0,True,72,nan,nan,0.0
P2_dev_run1,17,0.303,0.1515,0.0375,True,72,0.9567566365691594,0.9898487018893237,6.536546477697858e-15
P2_dev_run1,17,0.303,0.1515,0.05,True,72,0.9568056787678623,0.9898031510388023,5.286027691953077e-15
P2_dev_run1,17,0.303,0.1515,0.0625,True,72,0.9568506043622687,0.9897561455968347,4.641252659975947e-15
P2_dev_run1,17,0.303,0.1515,0.075,True,72,0.9568912370311127,0.9897076200184991,4.340061296459474e-15
P2_dev_run1,17,0.303,0.1515,0.1,True,72,0.9569588560223148,0.9896057248386478,4.620652818698723e-15
P2_dev_run1,17,0.303,0.1515,0.125,True,72,0.9570068764710973,0.9894968533380686,5.2067725131443865e-15
P2_dev_run1,17,0.303,0.1515,0.15,True,72,0.9570334167387985,0.9893803117744101,4.669008235591576e-15
P2_dev_run1,17,0.303,0.1515,0.175,True,72,0.957036335036609,0.9892553108464852,3.658531810835086e-15
P2_dev_run1,17,0.303,0.1515,0.2,True,72,0.9570131824788695,0.9891209487573002,4.152494320619482e-15
P2_dev_run1,17,0.303,0.1515,0.25,True,72,0.956876978869563,0.9888198411591231,4.598751934814516e-15
P2_dev_run1,17,0.303,0.1515,0.3,False,72,0.9565965526474576,0.9884505422159476,4.454769886308441e-15
P2_dev_run1,17,0.303,0.1515,0.4,False,72,0.955433268755616,0.9875414474298954,4.989064716909297e-15
P2_dev_run1,17,0.303,0.303,0.0,True,72,nan,nan,0.0
P2_dev_run1,17,0.303,0.303,0.0375,False,72,0.9602950207898157,0.9818133595755881,4.336266588855775e-15
P2_dev_run1,17,0.303,0.303,0.05,False,72,0.9603440316418645,0.9817507395402113,5.213494566613797e-15
P2_dev_run1,17,0.303,0.303,0.0625,False,72,0.9603889441740583,0.9816860632533788,4.5254598679544955e-15
P2_dev_run1,17,0.303,0.303,0.075,False,72,0.9604295824390119,0.9816192382817377,5.3334073268906934e-15
P2_dev_run1,17,0.303,0.303,0.1,False,72,0.9604972704429244,0.9814787423053919,5.296544453026186e-15
P2_dev_run1,17,0.303,0.303,0.125,False,72,0.9605454404354644,0.9813283877137264,5.849921241862788e-15
P2_dev_run1,17,0.303,0.303,0.15,False,72,0.9605722148982139,0.9811671956495325,4.802148262372796e-15
P2_dev_run1,17,0.303,0.303,0.175,False,72,0.9605754563004787,0.9809940523768839,6.779733024986356e-15
P2_dev_run1,17,0.303,0.303,0.2,False,72,0.9605527202548498,0.9808076852806278,5.1616697027689895e-15
P2_dev_run1,17,0.303,0.303,0.25,False,72,0.9604176473073865,0.980389212121592,4.679416576447437e-15
P2_dev_run1,17,0.303,0.303,0.3,False,72,0.9601387749336945,0.9798971186846097,4.599619296552504e-15
P2_dev_run1,17,0.303,0.303,0.4,False,72,0.9589799250491775,0.9786041910821788,5.608360997833017e-15
P3_dev_run0,31,1.045,-1.045,0.0,True,72,nan,nan,0.0
P3_dev_run0,31,1.045,-1.045,0.0375,False,72,0.93138326284272,1.06038917759099,4.457155131087909e-15
P3_dev_run0,31,1.045,-1.045,0.05,False,72,0.931336994139853,1.0605981263445377,6.465097554531063e-15
P3_dev_run0,31,1.045,-1.045,0.0625,False,72,0.9312888103290016,1.0608100267349425,7.794546258432788e-15
P3_dev_run0,31,1.045,-1.045,0.075,False,72,0.9312386739251148,1.0610249403601002,6.357327858586004e-15
P3_dev_run0,31,1.045,-1.045,0.1,False,72,0.931132389648947,1.0614640599823406,5.398893138108818e-15
P3_dev_run0,31,1.045,-1.045,0.125,False,72,0.9310178246013512,1.0619160063661937,5.347718795567502e-15
P3_dev_run0,31,1.045,-1.045,0.15,False,72,0.9308946454752465,1.062381329129522,5.762317706325959e-15
P3_dev_run0,31,1.045,-1.045,0.175,False,72,0.9307625004365117,1.0628606096278739,5.5077470362263625e-15
P3_dev_run0,31,1.045,-1.045,0.2,False,72,0.9306210176727165,1.0633544632876792,5.729791641151394e-15
P3_dev_run0,31,1.045,-1.045,0.25,False,72,0.9303084427922934,1.0643885383112215,6.286637876939949e-15
P3_dev_run0,31,1.045,-1.045,0.3,False,72,0.9299534876256887,1.0654892650960197,5.2327933652840386e-15
P3_dev_run0,31,1.045,-1.045,0.4,False,72,0.9291004912746882,1.067917333275991,5.828670879282072e-15
P3_dev_run0,31,1.045,-0.5225,0.0,True,72,nan,nan,0.0
P3_dev_run0,31,1.045,-0.5225,0.0375,True,72,0.9445233247706466,1.0265477812698713,7.31576257906319e-15
P3_dev_run0,31,1.045,-0.5225,0.05,True,72,0.9445127469127157,1.0266301635753805,5.2627173452446385e-15
P3_dev_run0,31,1.045,-0.5225,0.0625,True,72,0.9445007111231921,1.0267137193621392,4.930734640029577e-15
P3_dev_run0,31,1.045,-0.5225,0.075,True,72,0.9444871893772186,1.0267984726277621,5.750174641994121e-15
P3_dev_run0,31,1.045,-0.5225,0.1,True,72,0.9444555708668265,1.0269716714445638,6.553785292240377e-15
P3_dev_run0,31,1.045,-0.5225,0.125,True,72,0.9444176492775478,1.0271499661999477,6.815728537112875e-15
P3_dev_run0,31,1.045,-0.5225,0.15,True,72,0.944373168741549,1.0273335749038,6.424548393280105e-15
P3_dev_run0,31,1.045,-0.5225,0.175,True,72,0.9443218587246658,1.0275227283121093,6.31873026124552e-15
P3_dev_run0,31,1.045,-0.5225,0.2,True,72,0.9442634329601882,1.0277176706879647,4.597017211338539e-15
P3_dev_run0,31,1.045,-0.5225,0.25,True,72,0.9441240031453193,1.0281259737957884,6.885117476151947e-15
P3_dev_run0,31,1.045,-0.5225,0.3,True,72,0.9439522275201592,1.0285607515817652,6.1652072336215724e-15
P3_dev_run0,31,1.045,-0.5225,0.4,True,72,0.9434992829328244,1.0295203160020332,5.16687387319692e-15
P3_dev_run0,31,1.045,0.0,0.0,True,72,nan,nan,0.0
P3_dev_run0,31,1.045,0.0,0.0375,True,72,0.9555233242034462,1.0,5.606301013705295e-15
P3_dev_run0,31,1.045,0.0,0.05,True,72,0.9555366568902561,1.0,5.523359547510154e-15
P3_dev_run0,31,1.045,0.0,0.0625,True,72,0.9555488523473761,1.0,6.444497713253838e-15
P3_dev_run0,31,1.045,0.0,0.075,True,72,0.9555598886632204,1.0,5.923430149157305e-15
P3_dev_run0,31,1.045,0.0,0.1,True,72,0.955578392679329,1.0,6.6188374225895075e-15
P3_dev_run0,31,1.045,0.0,0.125,True,72,0.9555919797931495,1.0,7.4870665223159e-15
P3_dev_run0,31,1.045,0.0,0.15,True,72,0.955600449970138,1.0,5.539405739662939e-15
P3_dev_run0,31,1.045,0.0,0.175,True,72,0.9556035916238553,1.0,4.879777137922758e-15
P3_dev_run0,31,1.045,0.0,0.2,True,72,0.9556011806284846,1.0,7.230327447871332e-15
P3_dev_run0,31,1.045,0.0,0.25,True,72,0.955578735976035,1.0,5.5398394205319335e-15
P3_dev_run0,31,1.045,0.0,0.3,True,72,0.9555310357428182,1.0,6.0706648041808364e-15
P3_dev_run0,31,1.045,0.0,0.4,True,72,0.955350153650758,1.0,6.8296063249206895e-15
P3_dev_run0,31,1.045,0.5225,0.0,True,72,nan,nan,0.0
P3_dev_run0,31,1.045,0.5225,0.0375,True,72,0.9643057426513137,0.9801746421659929,4.8693687970668975e-15
P3_dev_run0,31,1.045,0.5225,0.05,True,72,0.9643297161916745,0.980133029540716,5.169692798845382e-15
P3_dev_run0,31,1.045,0.5225,0.0625,True,72,0.9643527032163384,0.9800908031929441,3.882311139236094e-15
P3_dev_run0,31,1.045,0.5225,0.075,True,72,0.9643746846535111,0.9800479506543716,4.777428452840127e-15
P3_dev_run0,31,1.045,0.5225,0.1,True,72,0.9644155517604625,0.9799603150892127,4.924663107863658e-15
P3_dev_run0,31,1.045,0.5225,0.125,True,72,0.9644521535350312,0.9798700152628474,4.1125956806720154e-15
P3_dev_run0,31,1.045,0.5225,0.15,True,72,0.9644843164989413,0.9797769373978127,4.180683577104105e-15
P3_dev_run0,31,1.045,0.5225,0.175,True,72,0.964511856975433,0.9796809612543256,4.330737157776099e-15
P3_dev_run0,31,1.045,0.5225,0.2,True,72,0.9645345804118046,0.979581959364552,4.1988981736018616e-15
P3_dev_run0,31,1.045,0.5225,0.25,True,72,0.964564738150429,0.9793743300146898,3.9213424174455724e-15
P3_dev_run0,31,1.045,0.5225,0.3,True,72,0.9645729815697223,0.979152866845006,3.756543687227776e-15
P3_dev_run0,31,1.045,0.5225,0.4,True,72,0.964515271305019,0.9786629182100599,5.7055055124877185e-15
P3_dev_run0,31,1.045,1.045,0.0,True,72,nan,nan,0.0
P3_dev_run0,31,1.045,1.045,0.0375,False,72,0.9708607740313828,0.9665607641169113,4.5116905003639296e-15
P3_dev_run0,31,1.045,1.045,0.05,False,72,0.9708815219800054,0.9665152535929102,4.022173219486724e-15
P3_dev_run0,31,1.045,1.045,0.0625,False,72,0.9709012494435854,0.9664690334162227,4.454986726742938e-15
P3_dev_run0,31,1.045,1.045,0.075,False,72,0.9709199366861929,0.966422089148792,4.724302546388337e-15
P3_dev_run0,31,1.045,1.045,0.1,False,72,0.9709541081366707,0.9663259687530474,4.133412362383737e-15
P3_dev_run0,31,1.045,1.045,0.125,False,72,0.9709838659333387,0.9662267684877471,5.362463945113305e-15
P3_dev_run0,31,1.045,1.045,0.15,False,72,0.9710090297008597,0.9661243573909551,3.608224830031759e-15
P3_dev_run0,31,1.045,1.045,0.175,False,72,0.9710294085461897,0.9660185969172913,3.4356198441720665e-15
P3_dev_run0,31,1.045,1.045,0.2,False,72,0.9710448001752038,0.9659093403344646,4.214510684885653e-15
P3_dev_run0,31,1.045,1.045,0.25,False,72,0.9710597505803475,0.965679707265864,3.978588292152807e-15
P3_dev_run0,31,1.045,1.045,0.3,False,72,0.971052000891574,0.9654340962961665,4.1043557441611256e-15
P3_dev_run0,31,1.045,1.045,0.4,False,72,0.9709596093481945,0.9648885823636875,3.984659824318726e-15
