point_id,M,scenario,t,m,boundary_lo,boundary_hi,delta_m,slope
P1_old_full_opt,1,summer,0,0,0.0,0.5,0.5,0.01026008092099967
P1_old_full_opt,1,summer,1,0,0.0,0.5,0.5,0.008553849854565504
P1_old_full_opt,1,summer,2,0,0.0,0.5,0.5,0.007832462425617193
P1_old_full_opt,1,summer,3,0,0.0,0.5,0.5,0.007394444257436794
P1_old_full_opt,1,summer,4,0,0.0,0.5,0.5,0.007133248018797056
P1_old_full_opt,1,summer,5,0,0.0,0.5,0.5,0.007114429797180827
P1_old_full_opt,1,summer,6,0,0.0,0.5,0.5,0.00738905066690318
P1_old_full_opt,1,summer,7,0,0.0,0.5,0.5,0.008275463670215394
P1_old_full_opt,1,summer,8,0,0.0,0.5,0.5,0.009698661043094359
P1_old_full_opt,1,summer,9,0,0.0,0.5,0.5,0.011574914655651802
P1_old_full_opt,1,summer,10,0,0.0,0.5,0.5,0.01264293793604615
P1_old_full_opt,1,summer,11,0,0.0,0.5,0.5,0.012981713001132988
P1_old_full_opt,1,summer,12,0,0.0,0.5,0.5,0.01284087696923375
P1_old_full_opt,1,summer,13,0,0.0,0.5,0.5,0.012288337260043969
P1_old_full_opt,1,summer,14,0,0.0,0.5,0.5,0.013189064752915258
P1_old_full_opt,1,summer,15,0,0.0,0.5,0.5,0.013654495428085
P1_old_full_opt,1,summer,16,0,0.0,0.5,0.5,0.013909931017297261
P1_old_full_opt,1,summer,17,0,0.0,0.5,0.5,0.014361643024791648
P1_old_full_opt,1,summer,18,0,0.0,0.5,0.5,0.014317828397798882
P1_old_full_opt,1,summer,19,0,0.0,0.5,0.5,0.014169020083281358
P1_old_full_opt,1,summer,20,0,0.0,0.5,0.5,0.013985541746498076
P1_old_full_opt,1,summer,21,0,0.0,0.5,0.5,0.013304471039080001
P1_old_full_opt,1,summer,22,0,0.0,0.5,0.5,0.012179955285750332
P1_old_full_opt,1,summer,23,0,0.0,0.5,0.5,0.011176685500907446
P1_old_full_opt,1,winter,0,0,0.0,0.5,0.5,0.011190776067144581
P1_old_full_opt,1,winter,1,0,0.0,0.5,0.5,0.009737454039770332
P1_old_full_opt,1,winter,2,0,0.0,0.5,0.5,0.009030838094174432
P1_old_full_opt,1,winter,3,0,0.0,0.5,0.5,0.00862769184989573
P1_old_full_opt,1,winter,4,0,0.0,0.5,0.5,0.008463684763147905
P1_old_full_opt,1,winter,5,0,0.0,0.5,0.5,0.008614012611362243
P1_old_full_opt,1,winter,6,0,0.0,0.5,0.5,0.009146370745607618
P1_old_full_opt,1,winter,7,0,0.0,0.5,0.5,0.010285179566208447
P1_old_full_opt,1,winter,8,0,0.0,0.5,0.5,0.012094485047496495
P1_old_full_opt,1,winter,9,0,0.0,0.5,0.5,0.014268197922539694
P1_old_full_opt,1,winter,10,0,0.0,0.5,0.5,0.014423019806871773
P1_old_full_opt,1,winter,11,0,0.0,0.5,0.5,0.013837289160157251
P1_old_full_opt,1,winter,12,0,0.0,0.5,0.5,0.012950077150972628
P1_old_full_opt,1,winter,13,0,0.0,0.5,0.5,0.011648545659089737
P1_old_full_opt,1,winter,14,0,0.0,0.5,0.5,0.012408283747173954
P1_old_full_opt,1,winter,15,0,0.0,0.5,0.5,0.012812162563387575
P1_old_full_opt,1,winter,16,0,0.0,0.5,0.5,0.013238093994476563
P1_old_full_opt,1,winter,17,0,0.0,0.5,0.5,0.01387214982117857
P1_old_full_opt,1,winter,18,0,0.0,0.5,0.5,0.013860528077094258
P1_old_full_opt,1,winter,19,0,0.0,0.5,0.5,0.013518370924515355
P1_old_full_opt,1,winter,20,0,0.0,0.5,0.5,0.012967331661582093
P1_old_full_opt,1,winter,21,0,0.0,0.5,0.5,0.012217018267558999
P1_old_full_opt,1,winter,22,0,0.0,0.5,0.5,0.01144762279623085
P1_old_full_opt,1,winter,23,0,0.0,0.5,0.5,0.01119641293102036
P1_old_full_opt,1,shoulder,0,0,0.0,0.5,0.5,0.008745423370509542
P1_old_full_opt,1,shoulder,1,0,0.0,0.5,0.5,0.007281250546915918
P1_old_full_opt,1,shoulder,2,0,0.0,0.5,0.5,0.00668008311957885
P1_old_full_opt,1,shoulder,3,0,0.0,0.5,0.5,0.006359773193926582
P1_old_full_opt,1,shoulder,4,0,0.0,0.5,0.5,0.006224007704269702
P1_old_full_opt,1,shoulder,5,0,0.0,0.5,0.5,0.0063411258060087905
P1_old_full_opt,1,shoulder,6,0,0.0,0.5,0.5,0.006787122726494621
P1_old_full_opt,1,shoulder,7,0,0.0,0.5,0.5,0.0076618546153115474
P1_old_full_opt,1,shoulder,8,0,0.0,0.5,0.5,0.008775566681137853
P1_old_full_opt,1,shoulder,9,0,0.0,0.5,0.5,0.00982341483214716
P1_old_full_opt,1,shoulder,10,0,0.0,0.5,0.5,0.009859488357151586
P1_old_full_opt,1,shoulder,11,0,0.0,0.5,0.5,0.009543663041159167
P1_old_full_opt,1,shoulder,12,0,0.0,0.5,0.5,0.008975877016346195
P1_old_full_opt,1,shoulder,13,0,0.0,0.5,0.5,0.008177425312347969
P1_old_full_opt,1,shoulder,14,0,0.0,0.5,0.5,0.009025340406118187
P1_old_full_opt,1,shoulder,15,0,0.0,0.5,0.5,0.009529837455153484
P1_old_full_opt,1,shoulder,16,0,0.0,0.5,0.5,0.010009493459240626
P1_old_full_opt,1,shoulder,17,0,0.0,0.5,0.5,0.010670937254309537
P1_old_full_opt,1,shoulder,18,0,0.0,0.5,0.5,0.010864460261232861
P1_old_full_opt,1,shoulder,19,0,0.0,0.5,0.5,0.01100777614007234
P1_old_full_opt,1,shoulder,20,0,0.0,0.5,0.5,0.010853229772653572
P1_old_full_opt,1,shoulder,21,0,0.0,0.5,0.5,0.01026565776994498
P1_old_full_opt,1,shoulder,22,0,0.0,0.5,0.5,0.009612824204264403
P1_old_full_opt,1,shoulder,23,0,0.0,0.5,0.5,0.009182162297071028
P1_old_full_opt,2,summer,0,0,0.0,0.025,0.025,0.018990221034564936
P1_old_full_opt,2,summer,0,1,0.025,0.5,0.475,0.009800599862390973
P1_old_full_opt,2,summer,1,0,0.0,0.025,0.025,0.01719448500131504
P1_old_full_opt,2,summer,1,1,0.025,0.5,0.475,0.00809907958368395
P1_old_full_opt,2,summer,2,0,0.0,0.025,0.025,0.01643530145087224
P1_old_full_opt,2,summer,2,1,0.025,0.5,0.475,0.00737968142428798
P1_old_full_opt,2,summer,3,0,0.0,0.025,0.025,0.01597434717984514
P1_old_full_opt,2,summer,3,1,0.025,0.5,0.475,0.006942870419415302
P1_old_full_opt,2,summer,4,0,0.0,0.025,0.025,0.015699478584548232
P1_old_full_opt,2,summer,4,1,0.025,0.5,0.475,0.006682393778494363
P1_old_full_opt,2,summer,5,0,0.0,0.025,0.025,0.015679675455539388
P1_old_full_opt,2,summer,5,1,0.025,0.5,0.475,0.006663627394109324
P1_old_full_opt,2,summer,6,0,0.0,0.025,0.025,0.015968671227410414
P1_old_full_opt,2,summer,6,1,0.025,0.5,0.475,0.006937491690034378
P1_old_full_opt,2,summer,7,0,0.0,0.025,0.025,0.016901509915086543
P1_old_full_opt,2,summer,7,1,0.025,0.5,0.475,0.007821461236274807
P1_old_full_opt,2,summer,8,0,0.0,0.025,0.025,0.01839933330451793
P1_old_full_opt,2,summer,8,1,0.025,0.5,0.475,0.009240730924072066
P1_old_full_opt,2,summer,9,0,0.0,0.025,0.025,0.020374133932342664
P1_old_full_opt,2,summer,9,1,0.025,0.5,0.475,0.011111797851615441
P1_old_full_opt,2,summer,10,0,0.0,0.025,0.025,0.021498338111961557
P1_old_full_opt,2,summer,10,1,0.025,0.5,0.475,0.01217686424257692
P1_old_full_opt,2,summer,11,0,0.0,0.025,0.025,0.02185494662824916
P1_old_full_opt,2,summer,11,1,0.025,0.5,0.475,0.01251470070496898
P1_old_full_opt,2,summer,12,0,0.0,0.025,0.025,0.021706696085095345
P1_old_full_opt,2,summer,12,1,0.025,0.5,0.475,0.012374254910504192
P1_old_full_opt,2,summer,13,0,0.0,0.025,0.025,0.021125077606978238
P1_old_full_opt,2,summer,13,1,0.025,0.5,0.475,0.011823245662836903
P1_old_full_opt,2,summer,14,0,0.0,0.025,0.025,0.022073216676798957
P1_old_full_opt,2,summer,14,1,0.025,0.5,0.475,0.01272147780955296
P1_old_full_opt,2,summer,15,0,0.0,0.025,0.025,0.02256316362000854
P1_old_full_opt,2,summer,15,1,0.025,0.5,0.475,0.013185618154825867
P1_old_full_opt,2,summer,16,0,0.0,0.025,0.025,0.022832059177801955
P1_old_full_opt,2,summer,16,1,0.025,0.5,0.475,0.01344034532463912
P1_old_full_opt,2,summer,17,0,0.0,0.025,0.025,0.023307582591878262
P1_old_full_opt,2,summer,17,1,0.025,0.5,0.475,0.013890804100208144
P1_old_full_opt,2,summer,18,0,0.0,0.025,0.025,0.02326145783735467
P1_old_full_opt,2,summer,18,1,0.025,0.5,0.475,0.013847111058874893
P1_old_full_opt,2,summer,19,0,0.0,0.025,0.025,0.02310480440641638
P1_old_full_opt,2,summer,19,1,0.025,0.5,0.475,0.013698715645221621
P1_old_full_opt,2,summer,20,0,0.0,0.025,0.025,0.022911654841047957
P1_old_full_opt,2,summer,20,1,0.025,0.5,0.475,0.013515746320469136
P1_old_full_opt,2,summer,21,0,0.0,0.025,0.025,0.02219470080776831
P1_old_full_opt,2,summer,21,1,0.025,0.5,0.475,0.012836564209149038
P1_old_full_opt,2,summer,22,0,0.0,0.025,0.025,0.021010993715823156
P1_old_full_opt,2,summer,22,1,0.025,0.5,0.475,0.01171516378943071
P1_old_full_opt,2,summer,23,0,0.0,0.025,0.025,0.019954972664729675
P1_old_full_opt,2,summer,23,1,0.025,0.5,0.475,0.010714670387022066
P1_old_full_opt,2,winter,0,0,0.0,0.025,0.025,0.019969803729571467
P1_old_full_opt,2,winter,0,1,0.025,0.5,0.475,0.01072872197964843
P1_old_full_opt,2,winter,1,0,0.0,0.025,0.025,0.018440161927388288
P1_old_full_opt,2,winter,1,1,0.025,0.5,0.475,0.009279416782527283
P1_old_full_opt,2,winter,2,0,0.0,0.025,0.025,0.017696479424652023
P1_old_full_opt,2,winter,2,1,0.025,0.5,0.475,0.008574751708359822
P1_old_full_opt,2,winter,3,0,0.0,0.025,0.025,0.017272197390503785
P1_old_full_opt,2,winter,3,1,0.025,0.5,0.475,0.008172717874074253
P1_old_full_opt,2,winter,4,0,0.0,0.025,0.025,0.017099594342775415
P1_old_full_opt,2,winter,4,1,0.025,0.5,0.475,0.008009163206325404
P1_old_full_opt,2,winter,5,0,0.0,0.025,0.025,0.017257801143011897
P1_old_full_opt,2,winter,5,1,0.025,0.5,0.475,0.008159076372854367
P1_old_full_opt,2,winter,6,0,0.0,0.025,0.025,0.017818070699172628
P1_old_full_opt,2,winter,6,1,0.025,0.5,0.475,0.008689965484893671
P1_old_full_opt,2,winter,7,0,0.0,0.025,0.025,0.01901663745181359
P1_old_full_opt,2,winter,7,1,0.025,0.5,0.475,0.009825629151176598
P1_old_full_opt,2,winter,8,0,0.0,0.025,0.025,0.02092102738149082
P1_old_full_opt,2,winter,8,1,0.025,0.5,0.475,0.011629930187812583
P1_old_full_opt,2,winter,9,0,0.0,0.025,0.025,0.023209210725861906
P1_old_full_opt,2,winter,9,1,0.025,0.5,0.475,0.013797618301312209
P1_old_full_opt,2,winter,10,0,0.0,0.025,0.025,0.023372195635811277
P1_old_full_opt,2,winter,10,1,0.025,0.5,0.475,0.013952010552717062
P1_old_full_opt,2,winter,11,0,0.0,0.025,0.025,0.02275558915236897
P1_old_full_opt,2,winter,11,1,0.025,0.5,0.475,0.013367904950040846
P1_old_full_opt,2,winter,12,0,0.0,0.025,0.025,0.021821645170072568
P1_old_full_opt,2,winter,12,1,0.025,0.5,0.475,0.012483152518388422
P1_old_full_opt,2,winter,13,0,0.0,0.025,0.025,0.020451636137172047
P1_old_full_opt,2,winter,13,1,0.025,0.5,0.475,0.011185225107611722
P1_old_full_opt,2,winter,14,0,0.0,0.025,0.025,0.021251335162295604
P1_old_full_opt,2,winter,14,1,0.025,0.5,0.475,0.01194285998848334
P1_old_full_opt,2,winter,15,0,0.0,0.025,0.025,0.021676470104605716
P1_old_full_opt,2,winter,15,1,0.025,0.5,0.475,0.012345620061218199
P1_old_full_opt,2,winter,16,0,0.0,0.025,0.025,0.022124827941853997
P1_old_full_opt,2,winter,16,1,0.025,0.5,0.475,0.01277037115514091
P1_old_full_opt,2,winter,17,0,0.0,0.025,0.025,0.02279228690397095
P1_old_full_opt,2,winter,17,1,0.025,0.5,0.475,0.013402668922084235
P1_old_full_opt,2,winter,18,0,0.0,0.025,0.025,0.022780052707991327
P1_old_full_opt,2,winter,18,1,0.025,0.5,0.475,0.013391079412310204
P1_old_full_opt,2,winter,19,0,0.0,0.025,0.025,0.022419867610876665
P1_old_full_opt,2,winter,19,1,0.025,0.5,0.475,0.013049871098917393
P1_old_full_opt,2,winter,20,0,0.0,0.025,0.025,0.0218398081088933
P1_old_full_opt,2,winter,20,1,0.025,0.5,0.475,0.012500359216986768
P1_old_full_opt,2,winter,21,0,0.0,0.025,0.025,0.021050006490200834
P1_old_full_opt,2,winter,21,1,0.025,0.5,0.475,0.01175212415057785
P1_old_full_opt,2,winter,22,0,0.0,0.025,0.025,0.020240150298529436
P1_old_full_opt,2,winter,22,1,0.025,0.5,0.475,0.010984858190846714
P1_old_full_opt,2,winter,23,0,0.0,0.025,0.025,0.01997573682526954
P1_old_full_opt,2,winter,23,1,0.025,0.5,0.475,0.010734343252375668
P1_old_full_opt,2,shoulder,0,0,0.0,0.025,0.025,0.01739610035134287
P1_old_full_opt,2,shoulder,0,1,0.025,0.5,0.475,0.00829012458204463
P1_old_full_opt,2,shoulder,1,0,0.0,0.025,0.025,0.015855227893115664
P1_old_full_opt,2,shoulder,1,1,0.025,0.5,0.475,0.006829988581326459
P1_old_full_opt,2,shoulder,2,0,0.0,0.025,0.025,0.015222601087139243
P1_old_full_opt,2,shoulder,2,1,0.025,0.5,0.475,0.006230476910759882
P1_old_full_opt,2,shoulder,3,0,0.0,0.025,0.025,0.014885536820388179
P1_old_full_opt,2,shoulder,3,1,0.025,0.5,0.475,0.005911048792533867
P1_old_full_opt,2,shoulder,4,0,0.0,0.025,0.025,0.014742671484531678
P1_old_full_opt,2,shoulder,4,1,0.025,0.5,0.475,0.005775656978992756
P1_old_full_opt,2,shoulder,5,0,0.0,0.025,0.025,0.01486591421137995
P1_old_full_opt,2,shoulder,5,1,0.025,0.5,0.475,0.0058924527320418875
P1_old_full_opt,2,shoulder,6,0,0.0,0.025,0.025,0.01533524076164583
P1_old_full_opt,2,shoulder,6,1,0.025,0.5,0.475,0.006337221777276136
P1_old_full_opt,2,shoulder,7,0,0.0,0.025,0.025,0.016255758850034496
P1_old_full_opt,2,shoulder,7,1,0.025,0.5,0.475,0.007209543866115603
P1_old_full_opt,2,shoulder,8,0,0.0,0.025,0.025,0.017427823878349846
P1_old_full_opt,2,shoulder,8,1,0.025,0.5,0.475,0.008320184723389855
P1_old_full_opt,2,shoulder,9,0,0.0,0.025,0.025,0.018530633729719748
P1_old_full_opt,2,shoulder,9,1,0.025,0.5,0.475,0.00936514015332755
P1_old_full_opt,2,shoulder,10,0,0.0,0.025,0.025,0.0185686004196578
P1_old_full_opt,2,shoulder,10,1,0.025,0.5,0.475,0.009401114038072311
P1_old_full_opt,2,shoulder,11,0,0.0,0.025,0.025,0.01823620270714643
P1_old_full_opt,2,shoulder,11,1,0.025,0.5,0.475,0.009086160953475628
P1_old_full_opt,2,shoulder,12,0,0.0,0.025,0.025,0.01763863639267671
P1_old_full_opt,2,shoulder,12,1,0.025,0.5,0.475,0.0085199423123288
P1_old_full_opt,2,shoulder,13,0,0.0,0.025,0.025,0.01679833479951598
P1_old_full_opt,2,shoulder,13,1,0.025,0.5,0.475,0.007723693234075969
P1_old_full_opt,2,shoulder,14,0,0.0,0.025,0.025,0.017690693452247497
P1_old_full_opt,2,shoulder,14,1,0.025,0.5,0.475,0.008569269193164013
P1_old_full_opt,2,shoulder,15,0,0.0,0.025,0.025,0.018221651769290137
P1_old_full_opt,2,shoulder,15,1,0.025,0.5,0.475,0.009072373543883135
P1_old_full_opt,2,shoulder,16,0,0.0,0.025,0.025,0.018726478644654487
P1_old_full_opt,2,shoulder,16,1,0.025,0.5,0.475,0.009550704765271477
P1_old_full_opt,2,shoulder,17,0,0.0,0.025,0.025,0.019422653098024045
P1_old_full_opt,2,shoulder,17,1,0.025,0.5,0.475,0.010210320630956142
P1_old_full_opt,2,shoulder,18,0,0.0,0.025,0.025,0.01962634191564505
P1_old_full_opt,2,shoulder,18,1,0.025,0.5,0.475,0.010403308595211167
P1_old_full_opt,2,shoulder,19,0,0.0,0.025,0.025,0.019777187507067362
P1_old_full_opt,2,shoulder,19,1,0.025,0.5,0.475,0.010546228173388392
P1_old_full_opt,2,shoulder,20,0,0.0,0.025,0.025,0.01961452142975606
P1_old_full_opt,2,shoulder,20,1,0.025,0.5,0.475,0.010392109159121863
P1_old_full_opt,2,shoulder,21,0,0.0,0.025,0.025,0.018996090684593736
P1_old_full_opt,2,shoulder,21,1,0.025,0.5,0.475,0.00980616130075294
P1_old_full_opt,2,shoulder,22,0,0.0,0.025,0.025,0.0183089925298785
P1_old_full_opt,2,shoulder,22,1,0.025,0.5,0.475,0.00915513113449524
P1_old_full_opt,2,shoulder,23,0,0.0,0.025,0.025,0.01785573932925444
P1_old_full_opt,2,shoulder,23,1,0.025,0.5,0.475,0.008725658242745587
P1_old_full_opt,4,summer,0,0,0.0,0.01,0.01,0.019269609479409533
P1_old_full_opt,4,summer,0,1,0.01,0.025,0.015000000000000001,0.018803962071335202
P1_old_full_opt,4,summer,0,2,0.025,0.05,0.025,0.018059953730538703
P1_old_full_opt,4,summer,0,3,0.05,0.5,0.45,0.009341746869716097
P1_old_full_opt,4,summer,1,0,0.0,0.01,0.01,0.017470977934659626
P1_old_full_opt,4,summer,1,1,0.01,0.025,0.015000000000000001,0.017010156379085317
P1_old_full_opt,4,summer,1,2,0.025,0.05,0.025,0.016273850075650964
P1_old_full_opt,4,summer,1,3,0.05,0.5,0.45,0.00764492566746356
P1_old_full_opt,4,summer,2,0,0.0,0.01,0.01,0.01671057184516045
P1_old_full_opt,4,summer,2,1,0.01,0.025,0.015000000000000001,0.0162517878546801
P1_old_full_opt,4,summer,2,2,0.025,0.05,0.025,0.015518733543178342
P1_old_full_opt,4,summer,2,3,0.05,0.5,0.45,0.006927511862127403
P1_old_full_opt,4,summer,3,0,0.0,0.01,0.01,0.016248875735280777
P1_old_full_opt,4,summer,3,1,0.01,0.025,0.015000000000000001,0.015791328142888045
P1_old_full_opt,4,summer,3,2,0.025,0.05,0.025,0.015060247151904016
P1_old_full_opt,4,summer,3,3,0.05,0.5,0.45,0.006491905045388152
P1_old_full_opt,4,summer,4,0,0.0,0.01,0.01,0.015973564952098673
P1_old_full_opt,4,summer,4,1,0.01,0.025,0.015000000000000001,0.015516754339514603
P1_old_full_opt,4,summer,4,2,0.025,0.05,0.025,0.014786849615752162
P1_old_full_opt,4,summer,4,3,0.05,0.5,0.45,0.00623214623198004
P1_old_full_opt,4,summer,5,0,0.0,0.01,0.01,0.015953729970476227
P1_old_full_opt,4,summer,5,1,0.01,0.025,0.015000000000000001,0.015496972445581495
P1_old_full_opt,4,summer,5,2,0.025,0.05,0.025,0.014767152455948396
P1_old_full_opt,4,summer,5,3,0.05,0.5,0.45,0.006213431557340486
P1_old_full_opt,4,summer,6,0,0.0,0.01,0.01,0.016243190657187767
P1_old_full_opt,4,summer,6,1,0.01,0.025,0.015000000000000001,0.01578565827422551
P1_old_full_opt,4,summer,6,2,0.025,0.05,0.025,0.015054601574913673
P1_old_full_opt,4,summer,6,3,0.05,0.5,0.45,0.0064865411408744165
P1_old_full_opt,4,summer,7,0,0.0,0.01,0.01,0.017177530941192565
P1_old_full_opt,4,summer,7,1,0.01,0.025,0.015000000000000001,0.016717495897682528
P1_old_full_opt,4,summer,7,2,0.025,0.05,0.025,0.015982444851933564
P1_old_full_opt,4,summer,7,3,0.05,0.5,0.45,0.007368073257627098
P1_old_full_opt,4,summer,8,0,0.0,0.01,0.01,0.018677768392694194
P1_old_full_opt,4,summer,8,1,0.01,0.025,0.015000000000000001,0.018213709912400417
P1_old_full_opt,4,summer,8,2,0.025,0.05,0.025,0.01747223747548432
P1_old_full_opt,4,summer,8,3,0.05,0.5,0.45,0.008783425004549162
P1_old_full_opt,4,summer,9,0,0.0,0.01,0.01,0.020655757491472304
P1_old_full_opt,4,summer,9,1,0.01,0.025,0.015000000000000001,0.020186384892922904
P1_old_full_opt,4,summer,9,2,0.025,0.05,0.025,0.01943643125021155
P1_old_full_opt,4,summer,9,3,0.05,0.5,0.45,0.010649318218360102
P1_old_full_opt,4,summer,10,0,0.0,0.01,0.01,0.02178177970997286
P1_old_full_opt,4,summer,10,1,0.01,0.025,0.015000000000000001,0.021309377046620687
P1_old_full_opt,4,summer,10,2,0.025,0.05,0.025,0.02055458760077733
P1_old_full_opt,4,summer,10,3,0.05,0.5,0.45,0.01171143516712134
P1_old_full_opt,4,summer,11,0,0.0,0.01,0.01,0.022138965371515384
P1_old_full_opt,4,summer,11,1,0.01,0.025,0.015000000000000001,0.02166560079940501
P1_old_full_opt,4,summer,11,2,0.025,0.05,0.025,0.020909276217701
P1_old_full_opt,4,summer,11,3,0.05,0.5,0.45,0.01204833539870609
P1_old_full_opt,4,summer,12,0,0.0,0.01,0.01,0.021990474866351306
P1_old_full_opt,4,summer,12,1,0.01,0.025,0.015000000000000001,0.021517510230924703
P1_old_full_opt,4,summer,12,2,0.025,0.05,0.025,0.020761823910426802
P1_old_full_opt,4,summer,12,3,0.05,0.5,0.45,0.011908278854952936
P1_old_full_opt,4,summer,13,0,0.0,0.01,0.01,0.021407915332666283
P1_old_full_opt,4,summer,13,1,0.01,0.025,0.015000000000000001,0.020936519123186205
P1_old_full_opt,4,summer,13,2,0.025,0.05,0.025,0.02018333589377086
P1_old_full_opt,4,summer,13,3,0.05,0.5,0.45,0.011358796205562793
P1_old_full_opt,4,summer,14,0,0.0,0.01,0.01,0.02235758878409433
P1_old_full_opt,4,summer,14,1,0.01,0.025,0.015000000000000001,0.021883635271935375
P1_old_full_opt,4,summer,14,2,0.025,0.05,0.025,0.021126370800886862
P1_old_full_opt,4,summer,14,3,0.05,0.5,0.45,0.012254539310034408
P1_old_full_opt,4,summer,15,0,0.0,0.01,0.01,0.02284832920219082
P1_old_full_opt,4,summer,15,1,0.01,0.025,0.015000000000000001,0.02237305323188702
P1_old_full_opt,4,summer,15,2,0.025,0.05,0.025,0.02161367821089777
P1_old_full_opt,4,summer,15,3,0.05,0.5,0.45,0.012717392596155206
P1_old_full_opt,4,summer,16,0,0.0,0.01,0.01,0.023117660412386165
P1_old_full_opt,4,summer,16,1,0.01,0.025,0.015000000000000001,0.022641658354745815
P1_old_full_opt,4,summer,16,2,0.025,0.05,0.025,0.021881124560916287
P1_old_full_opt,4,summer,16,3,0.05,0.5,0.45,0.012971413144845944
P1_old_full_opt,4,summer,17,0,0.0,0.01,0.01,0.023593954554548824
P1_old_full_opt,4,summer,17,1,0.01,0.025,0.015000000000000001,0.023116667950097886
P1_old_full_opt,4,summer,17,2,0.025,0.05,0.025,0.022354084141987807
P1_old_full_opt,4,summer,17,3,0.05,0.5,0.45,0.013420621875664828
P1_old_full_opt,4,summer,18,0,0.0,0.01,0.01,0.02354775501741957
P1_old_full_opt,4,summer,18,1,0.01,0.025,0.015000000000000001,0.023070593050644735
P1_old_full_opt,4,summer,18,2,0.025,0.05,0.025,0.022308208133627883
P1_old_full_opt,4,summer,18,3,0.05,0.5,0.45,0.013377050110277504
P1_old_full_opt,4,summer,19,0,0.0,0.01,0.01,0.023390847658982805
P1_old_full_opt,4,summer,19,1,0.01,0.025,0.015000000000000001,0.022914108904705428
P1_old_full_opt,4,summer,19,2,0.025,0.05,0.025,0.02215239941082303
P1_old_full_opt,4,summer,19,3,0.05,0.5,0.45,0.013229066547132653
P1_old_full_opt,4,summer,20,0,0.0,0.01,0.01,0.023197385053649877
P1_old_full_opt,4,summer,20,1,0.01,0.025,0.015000000000000001,0.022721168032646673
P1_old_full_opt,4,summer,20,2,0.025,0.05,0.025,0.02196029116840803
P1_old_full_opt,4,summer,20,3,0.05,0.5,0.45,0.013046604940028085
P1_old_full_opt,4,summer,21,0,0.0,0.01,0.01,0.022479269619793407
P1_old_full_opt,4,summer,21,1,0.01,0.025,0.015000000000000001,0.02200498826641824
P1_old_full_opt,4,summer,21,2,0.025,0.05,0.025,0.02124720057327223
P1_old_full_opt,4,summer,21,3,0.05,0.5,0.45,0.012369306633364417
P1_old_full_opt,4,summer,22,0,0.0,0.01,0.01,0.02129364693416458
P1_old_full_opt,4,summer,22,1,0.01,0.025,0.015000000000000001,0.020822558236928874
P1_old_full_opt,4,summer,22,2,0.025,0.05,0.025,0.02006986581637893
P1_old_full_opt,4,summer,22,3,0.05,0.5,0.45,0.011251013676822475
P1_old_full_opt,4,summer,23,0,0.0,0.01,0.01,0.020235918909242145
P1_old_full_opt,4,summer,23,1,0.01,0.025,0.015000000000000001,0.019767675168388028
P1_old_full_opt,4,summer,23,2,0.025,0.05,0.025,0.01901952313801747
P1_old_full_opt,4,summer,23,3,0.05,0.5,0.45,0.010253289678633431
P1_old_full_opt,4,winter,0,0,0.0,0.01,0.01,0.020250773942490086
P1_old_full_opt,4,winter,0,1,0.01,0.025,0.015000000000000001,0.019782490254292386
P1_old_full_opt,4,winter,0,2,0.025,0.05,0.025,0.01903427449261197
P1_old_full_opt,4,winter,0,3,0.05,0.5,0.45,0.0102673023955949
P1_old_full_opt,4,winter,1,0,0.0,0.01,0.01,0.018718662869945946
P1_old_full_opt,4,winter,1,1,0.01,0.025,0.015000000000000001,0.01825449463234985
P1_old_full_opt,4,winter,1,2,0.025,0.05,0.025,0.017512847024976352
P1_old_full_opt,4,winter,1,3,0.05,0.5,0.45,0.008822003991280112
P1_old_full_opt,4,winter,2,0,0.0,0.01,0.01,0.017973781263343203
P1_old_full_opt,4,winter,2,1,0.01,0.025,0.015000000000000001,0.017511611532191235
P1_old_full_opt,4,winter,2,2,0.025,0.05,0.025,0.016773153547550157
P1_old_full_opt,4,winter,2,3,0.05,0.5,0.45,0.008119284939515914
P1_old_full_opt,4,winter,3,0,0.0,0.01,0.01,0.01754881552507581
P1_old_full_opt,4,winter,3,1,0.01,0.025,0.015000000000000001,0.0170877853007891
P1_old_full_opt,4,winter,3,2,0.025,0.05,0.025,0.01635114597373144
P1_old_full_opt,4,winter,3,3,0.05,0.5,0.45,0.0077183607574266315
P1_old_full_opt,4,winter,4,0,0.0,0.01,0.01,0.01737593441894225
P1_old_full_opt,4,winter,4,1,0.01,0.025,0.015000000000000001,0.016915367625330857
P1_old_full_opt,4,winter,4,2,0.025,0.05,0.025,0.01617946791522329
P1_old_full_opt,4,winter,4,3,0.05,0.5,0.45,0.007555257389164411
P1_old_full_opt,4,winter,5,0,0.0,0.01,0.01,0.017534396086474335
P1_old_full_opt,4,winter,5,1,0.01,0.025,0.015000000000000001,0.01707340451403694
P1_old_full_opt,4,winter,5,2,0.025,0.05,0.025,0.01633682687816551
P1_old_full_opt,4,winter,5,3,0.05,0.5,0.45,0.00770475690033708
P1_old_full_opt,4,winter,6,0,0.0,0.01,0.01,0.01809556851915528
P1_old_full_opt,4,winter,6,1,0.01,0.025,0.015000000000000001,0.017633072152517526
P1_old_full_opt,4,winter,6,2,0.025,0.05,0.025,0.01689409282408405
P1_old_full_opt,4,winter,6,3,0.05,0.5,0.45,0.008234180632716427
P1_old_full_opt,4,winter,7,0,0.0,0.01,0.01,0.01929606852643928
P1_old_full_opt,4,winter,7,1,0.01,0.025,0.015000000000000001,0.018830350068729795
P1_old_full_opt,4,winter,7,2,0.025,0.05,0.025,0.018086228321933517
P1_old_full_opt,4,winter,7,3,0.05,0.5,0.45,0.009366706975023434
P1_old_full_opt,4,winter,8,0,0.0,0.01,0.01,0.021203535099392767
P1_old_full_opt,4,winter,8,1,0.01,0.025,0.015000000000000001,0.02073268890288952
P1_old_full_opt,4,winter,8,2,0.025,0.05,0.025,0.019980383488029663
P1_old_full_opt,4,winter,8,3,0.05,0.5,0.45,0.011166016115578301
P1_old_full_opt,4,winter,9,0,0.0,0.01,0.01,0.023495423213446
P1_old_full_opt,4,winter,9,1,0.01,0.025,0.015000000000000001,0.023018402400805844
P1_old_full_opt,4,winter,9,2,0.025,0.05,0.025,0.022256242763883938
P1_old_full_opt,4,winter,9,3,0.05,0.5,0.45,0.013327694720058224
P1_old_full_opt,4,winter,10,0,0.0,0.01,0.01,0.023658672340887144
P1_old_full_opt,4,winter,10,1,0.01,0.025,0.015000000000000001,0.023181211165760697
P1_old_full_opt,4,winter,10,2,0.025,0.05,0.025,0.0224183487269336
P1_old_full_opt,4,winter,10,3,0.05,0.5,0.45,0.013481658431927255
P1_old_full_opt,4,winter,11,0,0.0,0.01,0.01,0.023041066475235072
P1_old_full_opt,4,winter,11,1,0.01,0.025,0.015000000000000001,0.0225652709371249
P1_old_full_opt,4,winter,11,2,0.025,0.05,0.025,0.021805066709655874
P1_old_full_opt,4,winter,11,3,0.05,0.5,0.45,0.012899173741173343
P1_old_full_opt,4,winter,12,0,0.0,0.01,0.01,0.022105610005909715
P1_old_full_opt,4,winter,12,1,0.01,0.025,0.015000000000000001,0.02163233527951447
P1_old_full_opt,4,winter,12,2,0.025,0.05,0.025,0.02087615407526
P1_old_full_opt,4,winter,12,3,0.05,0.5,0.45,0.012016874654117776
P1_old_full_opt,4,winter,13,0,0.0,0.01,0.01,0.020733384964924384
P1_old_full_opt,4,winter,13,1,0.01,0.025,0.015000000000000001,0.020263803585337154
P1_old_full_opt,4,winter,13,2,0.025,0.05,0.025,0.019513516746937354
P1_old_full_opt,4,winter,13,3,0.05,0.5,0.45,0.010722542238760296
P1_old_full_opt,4,winter,14,0,0.0,0.01,0.01,0.02153437712762163
P1_old_full_opt,4,winter,14,1,0.01,0.025,0.015000000000000001,0.02106264051874492
P1_old_full_opt,4,winter,14,2,0.025,0.05,0.025,0.0203089140471846
P1_old_full_opt,4,winter,14,3,0.05,0.5,0.45,0.011478079207444382
P1_old_full_opt,4,winter,15,0,0.0,0.01,0.01,0.021960199978349193
P1_old_full_opt,4,winter,15,1,0.01,0.025,0.015000000000000001,0.021487316855443396
P1_old_full_opt,4,winter,15,2,0.025,0.05,0.025,0.020731760663512677
P1_old_full_opt,4,winter,15,3,0.05,0.5,0.45,0.011879723361090727
P1_old_full_opt,4,winter,16,0,0.0,0.01,0.01,0.022409283616342535
P1_old_full_opt,4,winter,16,1,0.01,0.025,0.015000000000000001,0.021935190825528306
P1_old_full_opt,4,winter,16,2,0.025,0.05,0.025,0.02117770408089803
P1_old_full_opt,4,winter,16,3,0.05,0.5,0.45,0.012303297103709957
P1_old_full_opt,4,winter,17,0,0.0,0.01,0.01,0.023077823694730992
P1_old_full_opt,4,winter,17,1,0.01,0.025,0.015000000000000001,0.02260192904346425
P1_old_full_opt,4,winter,17,2,0.025,0.05,0.025,0.02184156666789061
P1_old_full_opt,4,winter,17,3,0.05,0.5,0.45,0.012933841269539436
P1_old_full_opt,4,winter,18,0,0.0,0.01,0.01,0.02306556967660023
P1_old_full_opt,4,winter,18,1,0.01,0.025,0.015000000000000001,0.022589708062252058
P1_old_full_opt,4,winter,18,2,0.025,0.05,0.025,0.021829398415781354
P1_old_full_opt,4,winter,18,3,0.05,0.5,0.45,0.01292228391211736
P1_old_full_opt,4,winter,19,0,0.0,0.01,0.01,0.02270480107482431
P1_old_full_opt,4,winter,19,1,0.01,0.025,0.015000000000000001,0.0222299119682449
P1_old_full_opt,4,winter,19,2,0.025,0.05,0.025,0.02147115433784208
P1_old_full_opt,4,winter,19,3,0.05,0.5,0.45,0.012582022030088241
P1_old_full_opt,4,winter,20,0,0.0,0.01,0.01,0.02212380234434541
P1_old_full_opt,4,winter,20,1,0.01,0.025,0.015000000000000001,0.02165047861859189
P1_old_full_opt,4,winter,20,2,0.025,0.05,0.025,0.020894219219285137
P1_old_full_opt,4,winter,20,3,0.05,0.5,0.45,0.012034033661303524
P1_old_full_opt,4,winter,21,0,0.0,0.01,0.01,0.0213327228077681
P1_old_full_opt,4,winter,21,1,0.01,0.025,0.015000000000000001,0.02086152894515599
P1_old_full_opt,4,winter,21,2,0.025,0.05,0.025,0.020108668694097664
P1_old_full_opt,4,winter,21,3,0.05,0.5,0.45,0.01128787167593786
P1_old_full_opt,4,winter,22,0,0.0,0.01,0.01,0.020521557322517037
P1_old_full_opt,4,winter,22,1,0.01,0.025,0.015000000000000001,0.020052545615871033
P1_old_full_opt,4,winter,22,2,0.025,0.05,0.025,0.019303167942031907
P1_old_full_opt,4,winter,22,3,0.05,0.5,0.45,0.010522729871336425
P1_old_full_opt,4,winter,23,0,0.0,0.01,0.01,0.02025671661578521
P1_old_full_opt,4,winter,23,1,0.01,0.025,0.015000000000000001,0.01978841696492576
P1_old_full_opt,4,winter,23,2,0.025,0.05,0.025,0.01904017570600325
P1_old_full_opt,4,winter,23,3,0.05,0.5,0.45,0.010272908116063023
P1_old_full_opt,4,shoulder,0,0,0.0,0.01,0.01,0.01767291811352184
P1_old_full_opt,4,shoulder,0,1,0.01,0.025,0.015000000000000001,0.017211555176556887
P1_old_full_opt,4,shoulder,0,2,0.025,0.05,0.025,0.0164743848207366
P1_old_full_opt,4,shoulder,0,3,0.05,0.5,0.45,0.007835443457672854
P1_old_full_opt,4,shoulder,1,0,0.0,0.01,0.01,0.01612956480595562
P1_old_full_opt,4,shoulder,1,1,0.01,0.025,0.015000000000000001,0.015672336617889027
P1_old_full_opt,4,shoulder,1,2,0.025,0.05,0.025,0.014941765423855391
P1_old_full_opt,4,shoulder,1,3,0.05,0.5,0.45,0.006379334312297072
P1_old_full_opt,4,shoulder,2,0,0.0,0.01,0.01,0.015495920570944566
P1_old_full_opt,4,shoulder,2,1,0.01,0.025,0.015000000000000001,0.015040388097935693
P1_old_full_opt,4,shoulder,2,2,0.025,0.05,0.025,0.014312523349541695
P1_old_full_opt,4,shoulder,2,3,0.05,0.5,0.45,0.005781474330827559
P1_old_full_opt,4,shoulder,3,0,0.0,0.01,0.01,0.01515831447812116
P1_old_full_opt,4,shoulder,3,1,0.01,0.025,0.015000000000000001,0.01470368504856619
P1_old_full_opt,4,shoulder,3,2,0.025,0.05,0.025,0.013977261599878443
P1_old_full_opt,4,shoulder,3,3,0.05,0.5,0.45,0.005462925858792501
P1_old_full_opt,4,shoulder,4,0,0.0,0.01,0.01,0.015015219540208402
P1_old_full_opt,4,shoulder,4,1,0.01,0.025,0.015000000000000001,0.014560972780747193
P1_old_full_opt,4,shoulder,4,2,0.025,0.05,0.025,0.01383516008409913
P1_old_full_opt,4,shoulder,4,3,0.05,0.5,0.45,0.0053279068064868455
P1_old_full_opt,4,shoulder,5,0,0.0,0.01,0.01,0.015138660324742759
P1_old_full_opt,4,shoulder,5,1,0.01,0.025,0.015000000000000001,0.014684083469138074
P1_old_full_opt,4,shoulder,5,2,0.025,0.05,0.025,0.0139577439099553
P1_old_full_opt,4,shoulder,5,3,0.05,0.5,0.45,0.005444380999935587
P1_old_full_opt,4,shoulder,6,0,0.0,0.01,0.01,0.015608741348603627
P1_old_full_opt,4,shoulder,6,1,0.01,0.025,0.015000000000000001,0.015152907037007297
P1_old_full_opt,4,shoulder,6,2,0.025,0.05,0.025,0.014424560517776741
P1_old_full_opt,4,shoulder,6,3,0.05,0.5,0.45,0.005887925180581658
P1_old_full_opt,4,shoulder,7,0,0.0,0.01,0.01,0.016530740256676113
P1_old_full_opt,4,shoulder,7,1,0.01,0.025,0.015000000000000001,0.01607243791227342
P1_old_full_opt,4,shoulder,7,2,0.025,0.05,0.025,0.015340152324939682
P1_old_full_opt,4,shoulder,7,3,0.05,0.5,0.45,0.006757843396180931
P1_old_full_opt,4,shoulder,8,0,0.0,0.01,0.01,0.017704692755207696
P1_old_full_opt,4,shoulder,8,1,0.01,0.025,0.015000000000000001,0.017243244627111277
P1_old_full_opt,4,shoulder,8,2,0.025,0.05,0.025,0.016505938300151457
P1_old_full_opt,4,shoulder,8,3,0.05,0.5,0.45,0.007865420635791986
P1_old_full_opt,4,shoulder,9,0,0.0,0.01,0.01,0.018809280610847245
P1_old_full_opt,4,shoulder,9,1,0.01,0.025,0.015000000000000001,0.018344869142301413
P1_old_full_opt,4,shoulder,9,2,0.025,0.05,0.025,0.01760283333489321
P1_old_full_opt,4,shoulder,9,3,0.05,0.5,0.45,0.008907490532129457
P1_old_full_opt,4,shoulder,10,0,0.0,0.01,0.01,0.01884730854720129
P1_old_full_opt,4,shoulder,10,1,0.01,0.025,0.015000000000000001,0.01838279500129547
P1_old_full_opt,4,shoulder,10,2,0.025,0.05,0.025,0.017640596273547637
P1_old_full_opt,4,shoulder,10,3,0.05,0.5,0.45,0.008943365024990348
P1_old_full_opt,4,shoulder,11,0,0.0,0.01,0.01,0.01851437469674866
P1_old_full_opt,4,shoulder,11,1,0.01,0.025,0.015000000000000001,0.018050754714078278
P1_old_full_opt,4,shoulder,11,2,0.025,0.05,0.025,0.017309982116736622
P1_old_full_opt,4,shoulder,11,3,0.05,0.5,0.45,0.008629281999961127
P1_old_full_opt,4,shoulder,12,0,0.0,0.01,0.01,0.017915845002097752
P1_old_full_opt,4,shoulder,12,1,0.01,0.025,0.015000000000000001,0.01745383065306268
P1_old_full_opt,4,shoulder,12,2,0.025,0.05,0.025,0.016715620653471874
P1_old_full_opt,4,shoulder,12,3,0.05,0.5,0.45,0.008064626848931963
P1_old_full_opt,4,shoulder,13,0,0.0,0.01,0.01,0.017074189685539753
P1_old_full_opt,4,shoulder,13,1,0.01,0.025,0.015000000000000001,0.016614431542166797
P1_old_full_opt,4,shoulder,13,2,0.025,0.05,0.025,0.015879822472982252
P1_old_full_opt,4,shoulder,13,3,0.05,0.5,0.45,0.0072705749430256195
P1_old_full_opt,4,shoulder,14,0,0.0,0.01,0.01,0.017967985958335098
P1_old_full_opt,4,shoulder,14,1,0.01,0.025,0.015000000000000001,0.01750583178152243
P1_old_full_opt,4,shoulder,14,2,0.025,0.05,0.025,0.016767398596552185
P1_old_full_opt,4,shoulder,14,3,0.05,0.5,0.45,0.008113817559642448
P1_old_full_opt,4,shoulder,15,0,0.0,0.01,0.01,0.018499800295510016
P1_old_full_opt,4,shoulder,15,1,0.01,0.025,0.015000000000000001,0.018036219418476884
P1_old_full_opt,4,shoulder,15,2,0.025,0.05,0.025,0.017295509240233264
P1_old_full_opt,4,shoulder,15,3,0.05,0.5,0.45,0.008615532671863681
P1_old_full_opt,4,shoulder,16,0,0.0,0.01,0.01,0.019005441487746078
P1_old_full_opt,4,shoulder,16,1,0.01,0.025,0.015000000000000001,0.018540503415926758
P1_old_full_opt,4,shoulder,16,2,0.025,0.05,0.025,0.01779762715606814
P1_old_full_opt,4,shoulder,16,3,0.05,0.5,0.45,0.009092542410227215
P1_old_full_opt,4,shoulder,17,0,0.0,0.01,0.01,0.019702739602552033
P1_old_full_opt,4,shoulder,17,1,0.01,0.025,0.015000000000000001,0.01923592876167205
P1_old_full_opt,4,shoulder,17,2,0.025,0.05,0.025,0.018490063585556715
P1_old_full_opt,4,shoulder,17,3,0.05,0.5,0.45,0.00975033491125611
P1_old_full_opt,4,shoulder,18,0,0.0,0.01,0.01,0.019906757344234638
P1_old_full_opt,4,shoulder,18,1,0.01,0.025,0.015000000000000001,0.019439398296585326
P1_old_full_opt,4,shoulder,18,2,0.025,0.05,0.025,0.01869265822168842
P1_old_full_opt,4,shoulder,18,3,0.05,0.5,0.45,0.009942789171517986
P1_old_full_opt,4,shoulder,19,0,0.0,0.01,0.01,0.020057846566728932
P1_old_full_opt,4,shoulder,19,1,0.01,0.025,0.015000000000000001,0.01959008146729298
P1_old_full_opt,4,shoulder,19,2,0.025,0.05,0.025,0.01884269334804456
P1_old_full_opt,4,shoulder,19,3,0.05,0.5,0.45,0.010085313441463049
P1_old_full_opt,4,shoulder,20,0,0.0,0.01,0.01,0.01989491776648311
P1_old_full_opt,4,shoulder,20,1,0.01,0.025,0.015000000000000001,0.01942759053860469
P1_old_full_opt,4,shoulder,20,2,0.025,0.05,0.025,0.018680901238361525
P1_old_full_opt,4,shoulder,20,3,0.05,0.5,0.45,0.009931620710275214
P1_old_full_opt,4,shoulder,21,0,0.0,0.01,0.01,0.0192754885999194
P1_old_full_opt,4,shoulder,21,1,0.01,0.025,0.015000000000000001,0.01880982540770996
P1_old_full_opt,4,shoulder,21,2,0.025,0.05,0.025,0.018065791870042203
P1_old_full_opt,4,shoulder,21,3,0.05,0.5,0.45,0.009347292935792426
P1_old_full_opt,4,shoulder,22,0,0.0,0.01,0.01,0.01858728190917286
P1_old_full_opt,4,shoulder,22,1,0.01,0.025,0.015000000000000001,0.01812346627701559
P1_old_full_opt,4,shoulder,22,2,0.025,0.05,0.025,0.017382381424324578
P1_old_full_opt,4,shoulder,22,3,0.05,0.5,0.45,0.008698061673949166
P1_old_full_opt,4,shoulder,23,0,0.0,0.01,0.01,0.018133297874339815
P1_old_full_opt,4,shoulder,23,1,0.01,0.025,0.015000000000000001,0.01767070029919752
P1_old_full_opt,4,shoulder,23,2,0.025,0.05,0.025,0.016931559455371503
P1_old_full_opt,4,shoulder,23,3,0.05,0.5,0.45,0.008269774842044145
P2_dev_run1,1,summer,0,0,0.0,0.5,0.5,0.008578433720183853
P2_dev_run1,1,summer,1,0,0.0,0.5,0.5,0.0068613904528973535
P2_dev_run1,1,summer,2,0,0.0,0.5,0.5,0.006135486270154422
P2_dev_run1,1,summer,3,0,0.0,0.5,0.5,0.0056947415169076865
P2_dev_run1,1,summer,4,0,0.0,0.5,0.5,0.005431925127252102
P2_dev_run1,1,summer,5,0,0.0,0.5,0.5,0.005412990345753793
P2_dev_run1,1,summer,6,0,0.0,0.5,0.5,0.005689314427449105
P2_dev_run1,1,summer,7,0,0.0,0.5,0.5,0.006581257373659388
P2_dev_run1,1,summer,8,0,0.0,0.5,0.5,0.008013436230419696
P2_dev_run1,1,summer,9,0,0.0,0.5,0.5,0.009901722228730647
P2_dev_run1,1,summer,10,0,0.0,0.5,0.5,0.010976691197729926
P2_dev_run1,1,summer,11,0,0.0,0.5,0.5,0.011317683939272682
P2_dev_run1,1,summer,12,0,0.0,0.5,0.5,0.011175925125214203
P2_dev_run1,1,summer,13,0,0.0,0.5,0.5,0.01061977672562514
P2_dev_run1,1,summer,14,0,0.0,0.5,0.5,0.011526396486164214
P2_dev_run1,1,summer,15,0,0.0,0.5,0.5,0.011994891145235831
P2_dev_run1,1,summer,16,0,0.0,0.5,0.5,0.0122520138612644
P2_dev_run1,1,summer,17,0,0.0,0.5,0.5,0.012706719013636791
P2_dev_run1,1,summer,18,0,0.0,0.5,0.5,0.01266261352330067
P2_dev_run1,1,summer,19,0,0.0,0.5,0.5,0.012512818206485643
P2_dev_run1,1,summer,20,0,0.0,0.5,0.5,0.012328124747736147
P2_dev_run1,1,summer,21,0,0.0,0.5,0.5,0.01164256128249258
P2_dev_run1,1,summer,22,0,0.0,0.5,0.5,0.010510689079613778
P2_dev_run1,1,summer,23,0,0.0,0.5,0.5,0.009500921121161188
P2_dev_run1,1,winter,0,0,0.0,0.5,0.5,0.0095151025247871
P2_dev_run1,1,winter,1,0,0.0,0.5,0.5,0.008052475805411102
P2_dev_run1,1,winter,2,0,0.0,0.5,0.5,0.007341383083736164
P2_dev_run1,1,winter,3,0,0.0,0.5,0.5,0.006935696625423149
P2_dev_run1,1,winter,4,0,0.0,0.5,0.5,0.006770659037747484
P2_dev_run1,1,winter,5,0,0.0,0.5,0.5,0.006921931372205564
P2_dev_run1,1,winter,6,0,0.0,0.5,0.5,0.007457645570863508
P2_dev_run1,1,winter,7,0,0.0,0.5,0.5,0.008603692760024512
P2_dev_run1,1,winter,8,0,0.0,0.5,0.5,0.010424662852367872
P2_dev_run1,1,winter,9,0,0.0,0.5,0.5,0.01261265371521314
P2_dev_run1,1,winter,10,0,0.0,0.5,0.5,0.012768503439998025
P2_dev_run1,1,winter,11,0,0.0,0.5,0.5,0.012178891811189918
P2_dev_run1,1,winter,12,0,0.0,0.5,0.5,0.011285840700523408
P2_dev_run1,1,winter,13,0,0.0,0.5,0.5,0.009975829840912831
P2_dev_run1,1,winter,14,0,0.0,0.5,0.5,0.010740505015867319
P2_dev_run1,1,winter,15,0,0.0,0.5,0.5,0.011147022725269518
P2_dev_run1,1,winter,16,0,0.0,0.5,0.5,0.011575747874933484
P2_dev_run1,1,winter,17,0,0.0,0.5,0.5,0.012213982875987295
P2_dev_run1,1,winter,18,0,0.0,0.5,0.5,0.012202284312374412
P2_dev_run1,1,winter,19,0,0.0,0.5,0.5,0.01185786916208309
P2_dev_run1,1,winter,20,0,0.0,0.5,0.5,0.01130320831542897
P2_dev_run1,1,winter,21,0,0.0,0.5,0.5,0.010547993296831926
P2_dev_run1,1,winter,22,0,0.0,0.5,0.5,0.009773607200592949
P2_dev_run1,1,winter,23,0,0.0,0.5,0.5,0.009520775731196252
P2_dev_run1,1,shoulder,0,0,0.0,0.5,0.5,0.007054168921012627
P2_dev_run1,1,shoulder,1,0,0.0,0.5,0.5,0.005580845158854902
P2_dev_run1,1,shoulder,2,0,0.0,0.5,0.5,0.004975959549615855
P2_dev_run1,1,shoulder,3,0,0.0,0.5,0.5,0.004653677862728134
P2_dev_run1,1,shoulder,4,0,0.0,0.5,0.5,0.004517078591997514
P2_dev_run1,1,shoulder,5,0,0.0,0.5,0.5,0.0046349158857282025
P2_dev_run1,1,shoulder,6,0,0.0,0.5,0.5,0.005083659518351824
P2_dev_run1,1,shoulder,7,0,0.0,0.5,0.5,0.0059638150220041874
P2_dev_run1,1,shoulder,8,0,0.0,0.5,0.5,0.007084502034705592
P2_dev_run1,1,shoulder,9,0,0.0,0.5,0.5,0.008138983318498744
P2_dev_run1,1,shoulder,10,0,0.0,0.5,0.5,0.008175286411663735
P2_dev_run1,1,shoulder,11,0,0.0,0.5,0.5,0.007857453954051935
P2_dev_run1,1,shoulder,12,0,0.0,0.5,0.5,0.007286075100758432
P2_dev_run1,1,shoulder,13,0,0.0,0.5,0.5,0.006482604972452899
P2_dev_run1,1,shoulder,14,0,0.0,0.5,0.5,0.0073358506865142115
P2_dev_run1,1,shoulder,15,0,0.0,0.5,0.5,0.007843540644589447
P2_dev_run1,1,shoulder,16,0,0.0,0.5,0.5,0.008326246995433634
P2_dev_run1,1,shoulder,17,0,0.0,0.5,0.5,0.008991920553083038
P2_dev_run1,1,shoulder,18,0,0.0,0.5,0.5,0.009186686192089705
P2_dev_run1,1,shoulder,19,0,0.0,0.5,0.5,0.009330923803203856
P2_dev_run1,1,shoulder,20,0,0.0,0.5,0.5,0.009175383528456427
P2_dev_run1,1,shoulder,21,0,0.0,0.5,0.5,0.008584046204759749
P2_dev_run1,1,shoulder,22,0,0.0,0.5,0.5,0.007927054123062743
P2_dev_run1,1,shoulder,23,0,0.0,0.5,0.5,0.007493663391186317
P2_dev_run1,2,summer,0,0,0.0,0.025,0.025,0.019293425176137857
P2_dev_run1,2,summer,0,1,0.025,0.5,0.475,0.008014486801449432
P2_dev_run1,2,summer,1,0,0.0,0.025,0.025,0.01745965983579012
P2_dev_run1,2,summer,1,1,0.025,0.5,0.475,0.006303586801166156
P2_dev_run1,2,summer,2,0,0.0,0.025,0.025,0.016684483198276534
P2_dev_run1,2,summer,2,1,0.025,0.5,0.475,0.005580275905516416
P2_dev_run1,2,summer,3,0,0.0,0.025,0.025,0.01621384303115203
P2_dev_run1,2,summer,3,1,0.025,0.5,0.475,0.005141104595105353
P2_dev_run1,2,summer,4,0,0.0,0.025,0.025,0.015933207572656483
P2_dev_run1,2,summer,4,1,0.025,0.5,0.475,0.004879226051178187
P2_dev_run1,2,summer,5,0,0.0,0.025,0.025,0.015912989223802465
P2_dev_run1,2,summer,5,1,0.025,0.5,0.475,0.004860358825856495
P2_dev_run1,2,summer,6,0,0.0,0.025,0.025,0.01620804792332453
P2_dev_run1,2,summer,6,1,0.025,0.5,0.475,0.0051356968750346085
P2_dev_run1,2,summer,7,0,0.0,0.025,0.025,0.017160506913033724
P2_dev_run1,2,summer,7,1,0.025,0.5,0.475,0.006024454766323897
P2_dev_run1,2,summer,8,0,0.0,0.025,0.025,0.01868999292965412
P2_dev_run1,2,summer,8,1,0.025,0.5,0.475,0.007451512193617884
P2_dev_run1,2,summer,9,0,0.0,0.025,0.025,0.020706836729389444
P2_dev_run1,2,summer,9,1,0.025,0.5,0.475,0.009333031991853868
P2_dev_run1,2,summer,10,0,0.0,0.025,0.025,0.021855125237116857
P2_dev_run1,2,summer,10,1,0.025,0.5,0.475,0.010404142037762194
P2_dev_run1,2,summer,11,0,0.0,0.025,0.025,0.02221939619335145
P2_dev_run1,2,summer,11,1,0.025,0.5,0.475,0.010743909610110642
P2_dev_run1,2,summer,12,0,0.0,0.025,0.025,0.0220679588767847
P2_dev_run1,2,summer,12,1,0.025,0.5,0.475,0.01060266019092102
P2_dev_run1,2,summer,13,0,0.0,0.025,0.025,0.02147385617009223
P2_dev_run1,2,summer,13,1,0.025,0.5,0.475,0.010048509386442663
P2_dev_run1,2,summer,14,0,0.0,0.025,0.025,0.02244236157521451
P2_dev_run1,2,summer,14,1,0.025,0.5,0.475,0.010951872007793146
P2_dev_run1,2,summer,15,0,0.0,0.025,0.025,0.022942862881343284
P2_dev_run1,2,summer,15,1,0.025,0.5,0.475,0.011418682106493334
P2_dev_run1,2,summer,16,0,0.0,0.025,0.025,0.02321755964732386
P2_dev_run1,2,summer,16,1,0.025,0.5,0.475,0.011674879872524429
P2_dev_run1,2,summer,17,0,0.0,0.025,0.025,0.023703357183469942
P2_dev_run1,2,summer,17,1,0.025,0.5,0.475,0.012127948583645574
P2_dev_run1,2,summer,18,0,0.0,0.025,0.025,0.023656235020854677
P2_dev_run1,2,summer,18,1,0.025,0.5,0.475,0.01208400186553467
P2_dev_run1,2,summer,19,0,0.0,0.025,0.025,0.02349619543512871
P2_dev_run1,2,summer,19,1,0.025,0.5,0.475,0.011934745720767588
P2_dev_run1,2,summer,20,0,0.0,0.025,0.025,0.0232988737074602
P2_dev_run1,2,summer,20,1,0.025,0.5,0.475,0.011750716907750671
P2_dev_run1,2,summer,21,0,0.0,0.025,0.025,0.022566460786951348
P2_dev_run1,2,summer,21,1,0.025,0.5,0.475,0.011067619203310541
P2_dev_run1,2,summer,22,0,0.0,0.025,0.025,0.021357326917913477
P2_dev_run1,2,summer,22,1,0.025,0.5,0.475,0.009939813403913794
P2_dev_run1,2,summer,23,0,0.0,0.025,0.025,0.02027872341432202
P2_dev_run1,2,summer,23,1,0.025,0.5,0.475,0.008933668368889565
P2_dev_run1,2,winter,0,0,0.0,0.025,0.025,0.020293870966991978
P2_dev_run1,2,winter,0,1,0.025,0.5,0.475,0.008947798922565791
P2_dev_run1,2,winter,1,0,0.0,0.025,0.025,0.01873168737362707
P2_dev_run1,2,winter,1,1,0.025,0.5,0.475,0.007490412038662894
P2_dev_run1,2,winter,2,0,0.0,0.025,0.025,0.017972257009064574
P2_dev_run1,2,winter,2,1,0.025,0.5,0.475,0.006781863403455721
P2_dev_run1,2,winter,3,0,0.0,0.025,0.025,0.017539012169167645
P2_dev_run1,2,winter,3,1,0.025,0.5,0.475,0.006377627386278702
P2_dev_run1,2,winter,4,0,0.0,0.025,0.025,0.017362767432694826
P2_dev_run1,2,winter,4,1,0.025,0.5,0.475,0.00621317964853973
P2_dev_run1,2,winter,5,0,0.0,0.025,0.025,0.017524312077798476
P2_dev_run1,2,winter,5,1,0.025,0.5,0.475,0.006363911335069096
P2_dev_run1,2,winter,6,0,0.0,0.025,0.025,0.01809641974771181
P2_dev_run1,2,winter,6,1,0.025,0.5,0.475,0.006897710087871493
P2_dev_run1,2,winter,7,0,0.0,0.025,0.025,0.019320403115077323
P2_dev_run1,2,winter,7,1,0.025,0.5,0.475,0.00803965537291647
P2_dev_run1,2,winter,8,0,0.0,0.025,0.025,0.021265432961242725
P2_dev_run1,2,winter,8,1,0.025,0.5,0.475,0.009854096004532353
P2_dev_run1,2,winter,9,0,0.0,0.025,0.025,0.0236028583280401
P2_dev_run1,2,winter,9,1,0.025,0.5,0.475,0.012034221893485407
P2_dev_run1,2,winter,10,0,0.0,0.025,0.025,0.023769367745466452
P2_dev_run1,2,winter,10,1,0.025,0.5,0.475,0.012189510581815477
P2_dev_run1,2,winter,11,0,0.0,0.025,0.025,0.02313943921343986
P2_dev_run1,2,winter,11,1,0.025,0.5,0.475,0.011602020895282027
P2_dev_run1,2,winter,12,0,0.0,0.025,0.025,0.0221853787261983
P2_dev_run1,2,winter,12,1,0.025,0.5,0.475,0.010712180804435256
P2_dev_run1,2,winter,13,0,0.0,0.025,0.025,0.02078599581186502
P2_dev_run1,2,winter,13,1,0.025,0.5,0.475,0.009406873737178505
P2_dev_run1,2,winter,14,0,0.0,0.025,0.025,0.021602821334645306
P2_dev_run1,2,winter,14,1,0.025,0.5,0.475,0.010168804156984268
P2_dev_run1,2,winter,15,0,0.0,0.025,0.025,0.022037083386931
P2_dev_run1,2,winter,15,1,0.025,0.5,0.475,0.010573861637813651
P2_dev_run1,2,winter,16,0,0.0,0.025,0.025,0.022495083675309058
P2_dev_run1,2,winter,16,1,0.025,0.5,0.475,0.01100104599070319
P2_dev_run1,2,winter,17,0,0.0,0.025,0.025,0.023176928928592133
P2_dev_run1,2,winter,17,1,0.025,0.5,0.475,0.011636985715323882
P2_dev_run1,2,winter,18,0,0.0,0.025,0.025,0.02316443069983576
P2_dev_run1,2,winter,18,1,0.025,0.5,0.475,0.01162532923935013
P2_dev_run1,2,winter,19,0,0.0,0.025,0.025,0.022796477888555877
P2_dev_run1,2,winter,19,1,0.025,0.5,0.475,0.011282152913321365
P2_dev_run1,2,winter,20,0,0.0,0.025,0.025,0.02220393217514438
P2_dev_run1,2,winter,20,1,0.025,0.5,0.475,0.010729486007022896
P2_dev_run1,2,winter,21,0,0.0,0.025,0.025,0.02139717579442202
P2_dev_run1,2,winter,21,1,0.025,0.5,0.475,0.009976983691695605
P2_dev_run1,2,winter,22,0,0.0,0.025,0.025,0.020569989955993018
P2_dev_run1,2,winter,22,1,0.025,0.5,0.475,0.009205376529256104
P2_dev_run1,2,winter,23,0,0.0,0.025,0.025,0.020299930679271716
P2_dev_run1,2,winter,23,1,0.025,0.5,0.475,0.008953451786560701
P2_dev_run1,2,shoulder,0,0,0.0,0.025,0.025,0.017665530908202443
P2_dev_run1,2,shoulder,0,1,0.025,0.5,0.475,0.0064956761848447425
P2_dev_run1,2,shoulder,1,0,0.0,0.025,0.025,0.016092223751238977
P2_dev_run1,2,shoulder,1,1,0.025,0.5,0.475,0.005027614706624162
P2_dev_run1,2,shoulder,2,0,0.0,0.025,0.025,0.015446340749692977
P2_dev_run1,2,shoulder,2,1,0.025,0.5,0.475,0.004424886854874954
P2_dev_run1,2,shoulder,3,0,0.0,0.025,0.025,0.015102227962521253
P2_dev_run1,2,shoulder,3,1,0.025,0.5,0.475,0.004103754173265338
P2_dev_run1,2,shoulder,4,0,0.0,0.025,0.025,0.014956378121741554
P2_dev_run1,2,shoulder,4,1,0.025,0.5,0.475,0.003967641774642565
P2_dev_run1,2,shoulder,5,0,0.0,0.025,0.025,0.015082195324498393
P2_dev_run1,2,shoulder,5,1,0.025,0.5,0.475,0.0040850590731613505
P2_dev_run1,2,shoulder,6,0,0.0,0.025,0.025,0.015561338119402524
P2_dev_run1,2,shoulder,6,1,0.025,0.5,0.475,0.0045322027498754715
P2_dev_run1,2,shoulder,7,0,0.0,0.025,0.025,0.016501165710011145
P2_dev_run1,2,shoulder,7,1,0.025,0.5,0.475,0.005409217617372243
P2_dev_run1,2,shoulder,8,0,0.0,0.025,0.025,0.0176979243855252
P2_dev_run1,2,shoulder,8,1,0.025,0.5,0.475,0.006525900858346666
P2_dev_run1,2,shoulder,9,0,0.0,0.025,0.025,0.018824078242024034
P2_dev_run1,2,shoulder,9,1,0.025,0.5,0.475,0.007576609901471097
P2_dev_run1,2,shoulder,10,0,0.0,0.025,0.025,0.018862850477738835
P2_dev_run1,2,shoulder,10,1,0.025,0.5,0.475,0.007612783039765046
P2_dev_run1,2,shoulder,11,0,0.0,0.025,0.025,0.018523404425729306
P2_dev_run1,2,shoulder,11,1,0.025,0.5,0.475,0.007296088139753127
P2_dev_run1,2,shoulder,12,0,0.0,0.025,0.025,0.017913191139991014
P2_dev_run1,2,shoulder,12,1,0.025,0.5,0.475,0.006726753203956718
P2_dev_run1,2,shoulder,13,0,0.0,0.025,0.025,0.017055157976784696
P2_dev_run1,2,shoulder,13,1,0.025,0.5,0.475,0.005926154814330173
P2_dev_run1,2,shoulder,14,0,0.0,0.025,0.025,0.017966348702931345
P2_dev_run1,2,shoulder,14,1,0.025,0.5,0.475,0.00677635079091331
P2_dev_run1,2,shoulder,15,0,0.0,0.025,0.025,0.018508545157704392
P2_dev_run1,2,shoulder,15,1,0.025,0.5,0.475,0.007282224617583398
P2_dev_run1,2,shoulder,16,0,0.0,0.025,0.025,0.01902407979988363
P2_dev_run1,2,shoulder,16,1,0.025,0.5,0.475,0.007763203163620476
P2_dev_run1,2,shoulder,17,0,0.0,0.025,0.025,0.019735056921039718
P2_dev_run1,2,shoulder,17,1,0.025,0.5,0.475,0.008426492323190581
P2_dev_run1,2,shoulder,18,0,0.0,0.025,0.025,0.019943084679356904
P2_dev_run1,2,shoulder,18,1,0.025,0.5,0.475,0.008620559955917748
P2_dev_run1,2,shoulder,19,0,0.0,0.025,0.025,0.020097145869719668
P2_dev_run1,2,shoulder,19,1,0.025,0.5,0.475,0.008764280536545129
P2_dev_run1,2,shoulder,20,0,0.0,0.025,0.025,0.019931012300482553
P2_dev_run1,2,shoulder,20,1,0.025,0.5,0.475,0.008609297803612947
P2_dev_run1,2,shoulder,21,0,0.0,0.025,0.025,0.019299419591723987
P2_dev_run1,2,shoulder,21,1,0.025,0.5,0.475,0.00802007918439321
P2_dev_run1,2,shoulder,22,0,0.0,0.025,0.025,0.01859773690260358
P2_dev_run1,2,shoulder,22,1,0.025,0.5,0.475,0.0073654392399290156
P2_dev_run1,2,shoulder,23,0,0.0,0.025,0.025,0.018134885276887003
P2_dev_run1,2,shoulder,23,1,0.025,0.5,0.475,0.0069335990814125975
P2_dev_run1,4,summer,0,0,0.0,0.01,0.01,0.019637842038210118
P2_dev_run1,4,summer,0,1,0.01,0.025,0.015000000000000001,0.019063813934756348
P2_dev_run1,4,summer,0,2,0.025,0.05,0.025,0.01814705829440655
P2_dev_run1,4,summer,0,3,0.05,0.5,0.45,0.007451566162951814
P2_dev_run1,4,summer,1,0,0.0,0.01,0.01,0.01780027438945675
P2_dev_run1,4,summer,1,1,0.01,0.025,0.015000000000000001,0.01723258346667903
P2_dev_run1,4,summer,1,2,0.025,0.05,0.025,0.01632593453699871
P2_dev_run1,4,summer,1,3,0.05,0.5,0.45,0.0057467897047310135
P2_dev_run1,4,summer,2,0,0.0,0.01,0.01,0.0170234929459806
P2_dev_run1,4,summer,2,1,0.01,0.025,0.015000000000000001,0.016458476699807156
P2_dev_run1,4,summer,2,2,0.025,0.05,0.025,0.015556093483759525
P2_dev_run1,4,summer,2,3,0.05,0.5,0.45,0.005026063817836243
P2_dev_run1,4,summer,3,0,0.0,0.01,0.01,0.01655187916492218
P2_dev_run1,4,summer,3,1,0.01,0.025,0.015000000000000001,0.015988485608638598
P2_dev_run1,4,summer,3,2,0.025,0.05,0.025,0.015088690354675416
P2_dev_run1,4,summer,3,3,0.05,0.5,0.45,0.004588460941795904
P2_dev_run1,4,summer,4,0,0.0,0.01,0.01,0.016270663418560538
P2_dev_run1,4,summer,4,1,0.01,0.025,0.015000000000000001,0.015708237008720444
P2_dev_run1,4,summer,4,2,0.025,0.05,0.025,0.014809984241290763
P2_dev_run1,4,summer,4,3,0.05,0.5,0.45,0.004327517262838599
P2_dev_run1,4,summer,5,0,0.0,0.01,0.01,0.016250403268699976
P2_dev_run1,4,summer,5,1,0.01,0.025,0.015000000000000001,0.015688046527204125
P2_dev_run1,4,summer,5,2,0.025,0.05,0.025,0.01478990486326437
P2_dev_run1,4,summer,5,3,0.05,0.5,0.45,0.004308717379333834
P2_dev_run1,4,summer,6,0,0.0,0.01,0.01,0.016546072069645312
P2_dev_run1,4,summer,6,1,0.01,0.025,0.015000000000000001,0.01598269849244401
P2_dev_run1,4,summer,6,2,0.025,0.05,0.025,0.015082935095430683
P2_dev_run1,4,summer,6,3,0.05,0.5,0.45,0.004583072529457049
P2_dev_run1,4,summer,7,0,0.0,0.01,0.01,0.01750050196547559
P2_dev_run1,4,summer,7,1,0.01,0.025,0.015000000000000001,0.016933843544739147
P2_dev_run1,4,summer,7,2,0.025,0.05,0.025,0.016028841287646367
P2_dev_run1,4,summer,7,3,0.05,0.5,0.45,0.005468655515139315
P2_dev_run1,4,summer,8,0,0.0,0.01,0.01,0.019033157656382638
P2_dev_run1,4,summer,8,1,0.01,0.025,0.015000000000000001,0.01846121644516844
P2_dev_run1,4,summer,8,2,0.025,0.05,0.025,0.017547789048957818
P2_dev_run1,4,summer,8,3,0.05,0.5,0.45,0.006890607923876776
P2_dev_run1,4,summer,9,0,0.0,0.01,0.01,0.021054190076036372
P2_dev_run1,4,summer,9,1,0.01,0.025,0.015000000000000001,0.020475267831624823
P2_dev_run1,4,summer,9,2,0.025,0.05,0.025,0.019550707099311726
P2_dev_run1,4,summer,9,3,0.05,0.5,0.45,0.008765383374772876
P2_dev_run1,4,summer,10,0,0.0,0.01,0.01,0.022204867980404885
P2_dev_run1,4,summer,10,1,0.01,0.025,0.015000000000000001,0.02162196340825817
P2_dev_run1,4,summer,10,2,0.025,0.05,0.025,0.020691051856494003
P2_dev_run1,4,summer,10,3,0.05,0.5,0.45,0.009832647047832647
P2_dev_run1,4,summer,11,0,0.0,0.01,0.01,0.02256989762681738
P2_dev_run1,4,summer,11,1,0.01,0.025,0.015000000000000001,0.021985728571040825
P2_dev_run1,4,summer,11,2,0.025,0.05,0.025,0.02105280051585723
P2_dev_run1,4,summer,11,3,0.05,0.5,0.45,0.010171193448680275
P2_dev_run1,4,summer,12,0,0.0,0.01,0.01,0.022418144863209366
P2_dev_run1,4,summer,12,1,0.01,0.025,0.015000000000000001,0.021834501552501585
P2_dev_run1,4,summer,12,2,0.025,0.05,0.025,0.020902411918084507
P2_dev_run1,4,summer,12,3,0.05,0.5,0.45,0.01003045176163416
P2_dev_run1,4,summer,13,0,0.0,0.01,0.01,0.021822805188712047
P2_dev_run1,4,summer,13,1,0.01,0.025,0.015000000000000001,0.021241223491012352
P2_dev_run1,4,summer,13,2,0.025,0.05,0.025,0.020312421601399455
P2_dev_run1,4,summer,13,3,0.05,0.5,0.45,0.009478292041167284
P2_dev_run1,4,summer,14,0,0.0,0.01,0.01,0.02279332755793506
P2_dev_run1,4,summer,14,1,0.01,0.025,0.015000000000000001,0.022208384253400805
P2_dev_run1,4,summer,14,2,0.025,0.05,0.025,0.021274221487553868
P2_dev_run1,4,summer,14,3,0.05,0.5,0.45,0.01037840814780644
P2_dev_run1,4,summer,15,0,0.0,0.01,0.01,0.02329487212393011
P2_dev_run1,4,summer,15,1,0.01,0.025,0.015000000000000001,0.022708190052952066
P2_dev_run1,4,summer,15,2,0.025,0.05,0.025,0.021771254440980936
P2_dev_run1,4,summer,15,3,0.05,0.5,0.45,0.0108435391990218
P2_dev_run1,4,summer,16,0,0.0,0.01,0.01,0.0235701417363815
P2_dev_run1,4,summer,16,1,0.01,0.025,0.015000000000000001,0.02298250492128543
P2_dev_run1,4,summer,16,2,0.025,0.05,0.025,0.02204404673736171
P2_dev_run1,4,summer,16,3,0.05,0.5,0.45,0.011098815046700133
P2_dev_run1,4,summer,17,0,0.0,0.01,0.01,0.024056952837811507
P2_dev_run1,4,summer,17,1,0.01,0.025,0.015000000000000001,0.02346762674724223
P2_dev_run1,4,summer,17,2,0.025,0.05,0.025,0.022526474686848097
P2_dev_run1,4,summer,17,3,0.05,0.5,0.45,0.01155025268902321
P2_dev_run1,4,summer,18,0,0.0,0.01,0.01,0.02400973233328829
P2_dev_run1,4,summer,18,1,0.01,0.025,0.015000000000000001,0.02342057014589893
P2_dev_run1,4,summer,18,2,0.025,0.05,0.025,0.022479679463457414
P2_dev_run1,4,summer,18,3,0.05,0.5,0.45,0.011506464221205628
P2_dev_run1,4,summer,19,0,0.0,0.01,0.01,0.02384935879093386
P2_dev_run1,4,summer,19,1,0.01,0.025,0.015000000000000001,0.023260753197925272
P2_dev_run1,4,summer,19,2,0.025,0.05,0.025,0.022320750093864916
P2_dev_run1,4,summer,19,3,0.05,0.5,0.45,0.011357745477817736
P2_dev_run1,4,summer,20,0,0.0,0.01,0.01,0.023651625403975363
P2_dev_run1,4,summer,20,1,0.01,0.025,0.015000000000000001,0.023063705909783423
P2_dev_run1,4,summer,20,2,0.025,0.05,0.025,0.022124796929232637
P2_dev_run1,4,summer,20,3,0.05,0.5,0.45,0.011174379128779449
P2_dev_run1,4,summer,21,0,0.0,0.01,0.01,0.022917685370013596
P2_dev_run1,4,summer,21,1,0.01,0.025,0.015000000000000001,0.022332311064909845
P2_dev_run1,4,summer,21,2,0.025,0.05,0.025,0.021397460914952537
P2_dev_run1,4,summer,21,3,0.05,0.5,0.45,0.010493739108219317
P2_dev_run1,4,summer,22,0,0.0,0.01,0.01,0.02170603341627164
P2_dev_run1,4,summer,22,1,0.01,0.025,0.015000000000000001,0.021124855919008034
P2_dev_run1,4,summer,22,2,0.025,0.05,0.025,0.020196698611845143
P2_dev_run1,4,summer,22,3,0.05,0.5,0.45,0.009369986447917608
P2_dev_run1,4,summer,23,0,0.0,0.01,0.01,0.020625186790604322
P2_dev_run1,4,summer,23,1,0.01,0.025,0.015000000000000001,0.020047747830133817
P2_dev_run1,4,summer,23,2,0.025,0.05,0.025,0.019125552612804242
P2_dev_run1,4,summer,23,3,0.05,0.5,0.45,0.008367452577560972
P2_dev_run1,4,winter,0,0,0.0,0.01,0.01,0.02064036582942186
P2_dev_run1,4,winter,0,1,0.01,0.025,0.015000000000000001,0.020062874392038722
P2_dev_run1,4,winter,0,2,0.025,0.05,0.025,0.01914059550042424
P2_dev_run1,4,winter,0,3,0.05,0.5,0.45,0.0083815324460181
P2_dev_run1,4,winter,1,0,0.0,0.01,0.01,0.019074938584366652
P2_dev_run1,4,winter,1,1,0.01,0.025,0.015000000000000001,0.018502853233134015
P2_dev_run1,4,winter,1,2,0.025,0.05,0.025,0.01758919594258168
P2_dev_run1,4,winter,1,3,0.05,0.5,0.45,0.006929368488445183
P2_dev_run1,4,winter,2,0,0.0,0.01,0.01,0.0183139335941912
P2_dev_run1,4,winter,2,1,0.01,0.025,0.015000000000000001,0.017744472618980156
P2_dev_run1,4,winter,2,2,0.025,0.05,0.025,0.016835000771697195
P2_dev_run1,4,winter,2,3,0.05,0.5,0.45,0.0062233557718867506
P2_dev_run1,4,winter,3,0,0.0,0.01,0.01,0.017879791077948792
P2_dev_run1,4,winter,3,1,0.01,0.025,0.015000000000000001,0.01731182622998021
P2_dev_run1,4,winter,3,2,0.025,0.05,0.025,0.016404740406308904
P2_dev_run1,4,winter,3,3,0.05,0.5,0.45,0.005820565551832579
P2_dev_run1,4,winter,4,0,0.0,0.01,0.01,0.017703181312907212
P2_dev_run1,4,winter,4,1,0.01,0.025,0.015000000000000001,0.017135824845886567
P2_dev_run1,4,winter,4,2,0.025,0.05,0.025,0.0162297093223579
P2_dev_run1,4,winter,4,3,0.05,0.5,0.45,0.005656705777772053
P2_dev_run1,4,winter,5,0,0.0,0.01,0.01,0.017865060540474265
P2_dev_run1,4,winter,5,1,0.01,0.025,0.015000000000000001,0.017297146436014616
P2_dev_run1,4,winter,5,2,0.025,0.05,0.025,0.01639014155445262
P2_dev_run1,4,winter,5,3,0.05,0.5,0.45,0.005806898545103344
P2_dev_run1,4,winter,6,0,0.0,0.01,0.01,0.01843835367237312
P2_dev_run1,4,winter,6,1,0.01,0.025,0.015000000000000001,0.017868463797937606
P2_dev_run1,4,winter,6,2,0.025,0.05,0.025,0.016958307911214554
P2_dev_run1,4,winter,6,3,0.05,0.5,0.45,0.0063387879865746555
P2_dev_run1,4,winter,7,0,0.0,0.01,0.01,0.01966487598267508
P2_dev_run1,4,winter,7,1,0.01,0.025,0.015000000000000001,0.019090754536678817
P2_dev_run1,4,winter,7,2,0.025,0.05,0.025,0.018173850055468455
P2_dev_run1,4,winter,7,3,0.05,0.5,0.45,0.0074766445572191365
P2_dev_run1,4,winter,8,0,0.0,0.01,0.01,0.02161394823365359
P2_dev_run1,4,winter,8,1,0.01,0.025,0.015000000000000001,0.021033089446302146
P2_dev_run1,4,winter,8,2,0.025,0.05,0.025,0.02010544039788731
P2_dev_run1,4,winter,8,3,0.05,0.5,0.45,0.009284576871568188
P2_dev_run1,4,winter,9,0,0.0,0.01,0.01,0.02395624425104992
P2_dev_run1,4,winter,9,1,0.01,0.025,0.015000000000000001,0.02336726771270022
P2_dev_run1,4,winter,9,2,0.025,0.05,0.025,0.022426673067684755
P2_dev_run1,4,winter,9,3,0.05,0.5,0.45,0.011456863494918776
P2_dev_run1,4,winter,10,0,0.0,0.01,0.01,0.024123101173076367
P2_dev_run1,4,winter,10,1,0.01,0.025,0.015000000000000001,0.023533545460393174
P2_dev_run1,4,winter,10,2,0.025,0.05,0.025,0.022592027223147237
P2_dev_run1,4,winter,10,3,0.05,0.5,0.45,0.011611592990630379
P2_dev_run1,4,winter,11,0,0.0,0.01,0.01,0.023491858372787222
P2_dev_run1,4,winter,11,1,0.01,0.025,0.015000000000000001,0.022904493107208285
P2_dev_run1,4,winter,11,2,0.025,0.05,0.025,0.021966467978193904
P2_dev_run1,4,winter,11,3,0.05,0.5,0.45,0.0110262182795647
P2_dev_run1,4,winter,12,0,0.0,0.01,0.01,0.02253580929168497
P2_dev_run1,4,winter,12,1,0.01,0.025,0.015000000000000001,0.021951758349207186
P2_dev_run1,4,winter,12,2,0.025,0.05,0.025,0.021019018643950726
P2_dev_run1,4,winter,12,3,0.05,0.5,0.45,0.010139578702239952
P2_dev_run1,4,winter,13,0,0.0,0.01,0.01,0.021133513780496882
P2_dev_run1,4,winter,13,1,0.01,0.025,0.015000000000000001,0.020554317166110447
P2_dev_run1,4,winter,13,2,0.025,0.05,0.025,0.019629318924568873
P2_dev_run1,4,winter,13,3,0.05,0.5,0.45,0.008838960115656817
P2_dev_run1,4,winter,14,0,0.0,0.01,0.01,0.02195203879101215
P2_dev_run1,4,winter,14,1,0.01,0.025,0.015000000000000001,0.021370009697067406
P2_dev_run1,4,winter,14,2,0.025,0.05,0.025,0.02044049431549011
P2_dev_run1,4,winter,14,3,0.05,0.5,0.45,0.009598154703733942
P2_dev_run1,4,winter,15,0,0.0,0.01,0.01,0.02238720506004266
P2_dev_run1,4,winter,15,1,0.01,0.025,0.015000000000000001,0.021803668938189892
P2_dev_run1,4,winter,15,2,0.025,0.05,0.025,0.02087175022637111
P2_dev_run1,4,winter,15,3,0.05,0.5,0.45,0.010001756716227125
P2_dev_run1,4,winter,16,0,0.0,0.01,0.01,0.02284615952307112
P2_dev_run1,4,winter,16,1,0.01,0.025,0.015000000000000001,0.02226103311013435
P2_dev_run1,4,winter,16,2,0.025,0.05,0.025,0.021326578335225665
P2_dev_run1,4,winter,16,3,0.05,0.5,0.45,0.010427405304896387
P2_dev_run1,4,winter,17,0,0.0,0.01,0.01,0.02352942628142396
P2_dev_run1,4,winter,17,1,0.01,0.025,0.015000000000000001,0.022941930693370912
P2_dev_run1,4,winter,17,2,0.025,0.05,0.025,0.02200369775986255
P2_dev_run1,4,winter,17,3,0.05,0.5,0.45,0.011061057268405066
P2_dev_run1,4,winter,18,0,0.0,0.01,0.01,0.023516901981163185
P2_dev_run1,4,winter,18,1,0.01,0.025,0.015000000000000001,0.022929449845617473
P2_dev_run1,4,winter,18,2,0.025,0.05,0.025,0.021991286180264025
P2_dev_run1,4,winter,18,3,0.05,0.5,0.45,0.011049442742632691
P2_dev_run1,4,winter,19,0,0.0,0.01,0.01,0.023148181921817113
P2_dev_run1,4,winter,19,1,0.01,0.025,0.015000000000000001,0.022562008533048385
P2_dev_run1,4,winter,19,2,0.025,0.05,0.025,0.021625884082070446
P2_dev_run1,4,winter,19,3,0.05,0.5,0.45,0.010707501181724192
P2_dev_run1,4,winter,20,0,0.0,0.01,0.01,0.02255440139252718
P2_dev_run1,4,winter,20,1,0.01,0.025,0.015000000000000001,0.021970286030222514
P2_dev_run1,4,winter,20,2,0.025,0.05,0.025,0.0210374436007843
P2_dev_run1,4,winter,20,3,0.05,0.5,0.45,0.010156821696258372
P2_dev_run1,4,winter,21,0,0.0,0.01,0.01,0.021745965225419828
P2_dev_run1,4,winter,21,1,0.01,0.025,0.015000000000000001,0.021164649507090145
P2_dev_run1,4,winter,21,2,0.025,0.05,0.025,0.020236271788128812
P2_dev_run1,4,winter,21,3,0.05,0.5,0.45,0.00940702324189376
P2_dev_run1,4,winter,22,0,0.0,0.01,0.01,0.020917058783473386
P2_dev_run1,4,winter,22,1,0.01,0.025,0.015000000000000001,0.02033861073767277
P2_dev_run1,4,winter,22,2,0.025,0.05,0.025,0.019414806286884856
P2_dev_run1,4,winter,22,3,0.05,0.5,0.45,0.008638185987165616
P2_dev_run1,4,winter,23,0,0.0,0.01,0.01,0.020646438131466383
P2_dev_run1,4,winter,23,1,0.01,0.025,0.015000000000000001,0.02006892571114194
P2_dev_run1,4,winter,23,2,0.025,0.05,0.025,0.019146613346233687
P2_dev_run1,4,winter,23,3,0.05,0.5,0.45,0.008387165033245535
P2_dev_run1,4,shoulder,0,0,0.0,0.01,0.01,0.018006571912783376
P2_dev_run1,4,shoulder,0,1,0.01,0.025,0.015000000000000001,0.01743817023848182
P2_dev_run1,4,shoulder,0,2,0.025,0.05,0.025,0.016530387762128673
P2_dev_run1,4,shoulder,0,3,0.05,0.5,0.45,0.005938192208328968
P2_dev_run1,4,shoulder,1,0,0.0,0.01,0.01,0.016430008382803396
P2_dev_run1,4,shoulder,1,1,0.01,0.025,0.015000000000000001,0.015867033996862696
P2_dev_run1,4,shoulder,1,2,0.025,0.05,0.025,0.014967907277859682
P2_dev_run1,4,shoulder,1,3,0.05,0.5,0.45,0.004475376230444411
P2_dev_run1,4,shoulder,2,0,0.0,0.01,0.01,0.015782790331096697
P2_dev_run1,4,shoulder,2,1,0.01,0.025,0.015000000000000001,0.015222041028757164
P2_dev_run1,4,shoulder,2,2,0.025,0.05,0.025,0.014326463052963812
P2_dev_run1,4,shoulder,2,3,0.05,0.5,0.45,0.0038747992883144617
P2_dev_run1,4,shoulder,3,0,0.0,0.01,0.01,0.015437966678749637
P2_dev_run1,4,shoulder,3,1,0.01,0.025,0.015000000000000001,0.014878402151702328
P2_dev_run1,4,shoulder,3,2,0.025,0.05,0.025,0.013984713759627176
P2_dev_run1,4,shoulder,3,3,0.05,0.5,0.45,0.003554811974023014
P2_dev_run1,4,shoulder,4,0,0.0,0.01,0.01,0.015291815636438166
P2_dev_run1,4,shoulder,4,1,0.01,0.025,0.015000000000000001,0.014732753111943811
P2_dev_run1,4,shoulder,4,2,0.025,0.05,0.025,0.013839865384169814
P2_dev_run1,4,shoulder,4,3,0.05,0.5,0.45,0.0034191849074466066
P2_dev_run1,4,shoulder,5,0,0.0,0.01,0.01,0.015417892668692645
P2_dev_run1,4,shoulder,5,1,0.01,0.025,0.015000000000000001,0.014858397095035556
P2_dev_run1,4,shoulder,5,2,0.025,0.05,0.025,0.01396481868509325
P2_dev_run1,4,shoulder,5,3,0.05,0.5,0.45,0.0035361835391651336
P2_dev_run1,4,shoulder,6,0,0.0,0.01,0.01,0.015898025323166087
P2_dev_run1,4,shoulder,6,1,0.01,0.025,0.015000000000000001,0.015336879983560146
P2_dev_run1,4,shoulder,6,2,0.025,0.05,0.025,0.014440670359603947
P2_dev_run1,4,shoulder,6,3,0.05,0.5,0.45,0.003981732327112779
P2_dev_run1,4,shoulder,7,0,0.0,0.01,0.01,0.01683979616194653
P2_dev_run1,4,shoulder,7,1,0.01,0.025,0.015000000000000001,0.016275412075387553
P2_dev_run1,4,shoulder,7,2,0.025,0.05,0.025,0.015374037053830225
P2_dev_run1,4,shoulder,7,3,0.05,0.5,0.45,0.004855616537569021
P2_dev_run1,4,shoulder,8,0,0.0,0.01,0.01,0.018039032500184737
P2_dev_run1,4,shoulder,8,1,0.01,0.025,0.015000000000000001,0.01747051897575217
P2_dev_run1,4,shoulder,8,2,0.025,0.05,0.025,0.016562558109192715
P2_dev_run1,4,shoulder,8,3,0.05,0.5,0.45,0.0059683087888552176
P2_dev_run1,4,shoulder,9,0,0.0,0.01,0.01,0.019167521120659614
P2_dev_run1,4,shoulder,9,1,0.01,0.025,0.015000000000000001,0.018595116322933647
P2_dev_run1,4,shoulder,9,2,0.025,0.05,0.025,0.017680949578551264
P2_dev_run1,4,shoulder,9,3,0.05,0.5,0.45,0.007015257697188865
P2_dev_run1,4,shoulder,10,0,0.0,0.01,0.01,0.01920637379527884
P2_dev_run1,4,shoulder,10,1,0.01,0.025,0.015000000000000001,0.018633834932712163
P2_dev_run1,4,shoulder,10,2,0.025,0.05,0.025,0.01771945438614253
P2_dev_run1,4,shoulder,10,3,0.05,0.5,0.45,0.007051301298299629
P2_dev_run1,4,shoulder,11,0,0.0,0.01,0.01,0.018866223627406198
P2_dev_run1,4,shoulder,11,1,0.01,0.025,0.015000000000000001,0.018294858291278044
P2_dev_run1,4,shoulder,11,2,0.025,0.05,0.025,0.017382349279023712
P2_dev_run1,4,shoulder,11,3,0.05,0.5,0.45,0.0067357402986825375
P2_dev_run1,4,shoulder,12,0,0.0,0.01,0.01,0.01825474530643134
P2_dev_run1,4,shoulder,12,1,0.01,0.025,0.015000000000000001,0.017685488362364127
P2_dev_run1,4,shoulder,12,2,0.025,0.05,0.025,0.016776341875898715
P2_dev_run1,4,shoulder,12,3,0.05,0.5,0.45,0.006168442722182162
P2_dev_run1,4,shoulder,13,0,0.0,0.01,0.01,0.017394934925872574
P2_dev_run1,4,shoulder,13,1,0.01,0.025,0.015000000000000001,0.01682864001072611
P2_dev_run1,4,shoulder,13,2,0.025,0.05,0.025,0.01592421749932793
P2_dev_run1,4,shoulder,13,3,0.05,0.5,0.45,0.0053707068873858526
P2_dev_run1,4,shoulder,14,0,0.0,0.01,0.01,0.018308013033621617
P2_dev_run1,4,shoulder,14,1,0.01,0.025,0.015000000000000001,0.01773857248247116
P2_dev_run1,4,shoulder,14,2,0.025,0.05,0.025,0.016829133173597577
P2_dev_run1,4,shoulder,14,3,0.05,0.5,0.45,0.006217862880764183
P2_dev_run1,4,shoulder,15,0,0.0,0.01,0.01,0.0188513335374077
P2_dev_run1,4,shoulder,15,1,0.01,0.025,0.015000000000000001,0.01828001957123552
P2_dev_run1,4,shoulder,15,2,0.025,0.05,0.025,0.0173675924681721
P2_dev_run1,4,shoulder,15,3,0.05,0.5,0.45,0.006721926403661803
P2_dev_run1,4,shoulder,16,0,0.0,0.01,0.01,0.01936793764785172
P2_dev_run1,4,shoulder,16,1,0.01,0.025,0.015000000000000001,0.01879484123457157
P2_dev_run1,4,shoulder,16,2,0.025,0.05,0.025,0.017879571471823286
P2_dev_run1,4,shoulder,16,3,0.05,0.5,0.45,0.0072011827020536535
P2_dev_run1,4,shoulder,17,0,0.0,0.01,0.01,0.020080390783359936
P2_dev_run1,4,shoulder,17,1,0.01,0.025,0.015000000000000001,0.019504834346159572
P2_dev_run1,4,shoulder,17,2,0.025,0.05,0.025,0.01858564137732166
P2_dev_run1,4,shoulder,17,3,0.05,0.5,0.45,0.007862095153516633
P2_dev_run1,4,shoulder,18,0,0.0,0.01,0.01,0.020288850651833945
P2_dev_run1,4,shoulder,18,1,0.01,0.025,0.015000000000000001,0.019712574031038876
P2_dev_run1,4,shoulder,18,2,0.025,0.05,0.025,0.018792232517976792
P2_dev_run1,4,shoulder,18,3,0.05,0.5,0.45,0.008055467035803355
P2_dev_run1,4,shoulder,19,0,0.0,0.01,0.01,0.020443231930439287
P2_dev_run1,4,shoulder,19,1,0.01,0.025,0.015000000000000001,0.019866421829239922
P2_dev_run1,4,shoulder,19,2,0.025,0.05,0.025,0.018945229544149456
P2_dev_run1,4,shoulder,19,3,0.05,0.5,0.45,0.008198672258344888
P2_dev_run1,4,shoulder,20,0,0.0,0.01,0.01,0.020276753190928698
P2_dev_run1,4,shoulder,20,1,0.01,0.025,0.015000000000000001,0.019700518373518456
P2_dev_run1,4,shoulder,20,2,0.025,0.05,0.025,0.018780243519058715
P2_dev_run1,4,shoulder,20,3,0.05,0.5,0.45,0.008044245263865959
P2_dev_run1,4,shoulder,21,0,0.0,0.01,0.01,0.019643848905738504
P2_dev_run1,4,shoulder,21,1,0.01,0.025,0.015000000000000001,0.019069800049047642
P2_dev_run1,4,shoulder,21,2,0.025,0.05,0.025,0.018153011339009928
P2_dev_run1,4,shoulder,21,3,0.05,0.5,0.45,0.007457138509136725
P2_dev_run1,4,shoulder,22,0,0.0,0.01,0.01,0.01894071026499189
P2_dev_run1,4,shoulder,22,1,0.01,0.025,0.015000000000000001,0.018369087994344703
P2_dev_run1,4,shoulder,22,2,0.025,0.05,0.025,0.01745616921374149
P2_dev_run1,4,shoulder,22,3,0.05,0.5,0.45,0.006804843130272766
P2_dev_run1,4,shoulder,23,0,0.0,0.01,0.01,0.018476898933085517
P2_dev_run1,4,shoulder,23,1,0.01,0.025,0.015000000000000001,0.01790687617275466
P2_dev_run1,4,shoulder,23,2,0.025,0.05,0.025,0.01699650834710742
P2_dev_run1,4,shoulder,23,3,0.05,0.5,0.45,0.006374548566651773
P3_dev_run0,1,summer,0,0,0.0,0.5,0.5,0.0170671044385938
P3_dev_run0,1,summer,1,0,0.0,0.5,0.5,0.014967304586092106
P3_dev_run0,1,summer,2,0,0.0,0.5,0.5,0.014079049946572442
P3_dev_run0,1,summer,3,0,0.0,0.5,0.5,0.013539569415552094
P3_dev_run0,1,summer,4,0,0.0,0.5,0.5,0.013217819796921854
P3_dev_run0,1,summer,5,0,0.0,0.5,0.5,0.01319463748512928
P3_dev_run0,1,summer,6,0,0.0,0.5,0.5,0.013532925801313656
P3_dev_run0,1,summer,7,0,0.0,0.5,0.5,0.01462456116929639
P3_dev_run0,1,summer,8,0,0.0,0.5,0.5,0.016376360949858587
P3_dev_run0,1,summer,9,0,0.0,0.5,0.5,0.018684143635022632
P3_dev_run0,1,summer,10,0,0.0,0.5,0.5,0.019996958176325408
P3_dev_run0,1,summer,11,0,0.0,0.5,0.5,0.020413252425482087
P3_dev_run0,1,summer,12,0,0.0,0.5,0.5,0.02024019749850753
P3_dev_run0,1,summer,13,0,0.0,0.5,0.5,0.019561151002334687
P3_dev_run0,1,summer,14,0,0.0,0.5,0.5,0.020668020419883748
P3_dev_run0,1,summer,15,0,0.0,0.5,0.5,0.02123979967837586
P3_dev_run0,1,summer,16,0,0.0,0.5,0.5,0.021553551702935714
P3_dev_run0,1,summer,17,0,0.0,0.5,0.5,0.02210830498209726
P3_dev_run0,1,summer,18,0,0.0,0.5,0.5,0.02205450045700197
P3_dev_run0,1,summer,19,0,0.0,0.5,0.5,0.02187175563282806
P3_dev_run0,1,summer,20,0,0.0,0.5,0.5,0.021646417808371676
P3_dev_run0,1,summer,21,0,0.0,0.5,0.5,0.020809807293055038
P3_dev_run0,1,summer,22,0,0.0,0.5,0.5,0.019427935160908405
P3_dev_run0,1,summer,23,0,0.0,0.5,0.5,0.018194482890127206
P3_dev_run0,1,winter,0,0,0.0,0.5,0.5,0.018211810046711213
P3_dev_run0,1,winter,1,0,0.0,0.5,0.5,0.016424088285980687
P3_dev_run0,1,winter,2,0,0.0,0.5,0.5,0.0155544814684907
P3_dev_run0,1,winter,3,0,0.0,0.5,0.5,0.0150582181096576
P3_dev_run0,1,winter,4,0,0.0,0.5,0.5,0.01485630397922727
P3_dev_run0,1,winter,5,0,0.0,0.5,0.5,0.015041377742021494
P3_dev_run0,1,winter,6,0,0.0,0.5,0.5,0.015696683080440532
P3_dev_run0,1,winter,7,0,0.0,0.5,0.5,0.017097980590474793
P3_dev_run0,1,winter,8,0,0.0,0.5,0.5,0.01932287642755226
P3_dev_run0,1,winter,9,0,0.0,0.5,0.5,0.02199355280966664
P3_dev_run0,1,winter,10,0,0.0,0.5,0.5,0.022183674174797885
P3_dev_run0,1,winter,11,0,0.0,0.5,0.5,0.021464329124480708
P3_dev_run0,1,winter,12,0,0.0,0.5,0.5,0.020374380205739617
P3_dev_run0,1,winter,13,0,0.0,0.5,0.5,0.0187746619298238
P3_dev_run0,1,winter,14,0,0.0,0.5,0.5,0.019708573798401907
P3_dev_run0,1,winter,15,0,0.0,0.5,0.5,0.02020491282433101
P3_dev_run0,1,winter,16,0,0.0,0.5,0.5,0.020728258070772665
P3_dev_run0,1,winter,17,0,0.0,0.5,0.5,0.021507147188084497
P3_dev_run0,1,winter,18,0,0.0,0.5,0.5,0.021492872700985155
P3_dev_run0,1,winter,19,0,0.0,0.5,0.5,0.021072583418250412
P3_dev_run0,1,winter,20,0,0.0,0.5,0.5,0.020395581571752475
P3_dev_run0,1,winter,21,0,0.0,0.5,0.5,0.01947349119945574
P3_dev_run0,1,winter,22,0,0.0,0.5,0.5,0.018527635453888358
P3_dev_run0,1,winter,23,0,0.0,0.5,0.5,0.018218741663213606
P3_dev_run0,1,shoulder,0,0,0.0,0.5,0.5,0.015203144504739918
P3_dev_run0,1,shoulder,1,0,0.0,0.5,0.5,0.013400132559474337
P3_dev_run0,1,shoulder,2,0,0.0,0.5,0.5,0.012659508514951373
P3_dev_run0,1,shoulder,3,0,0.0,0.5,0.5,0.01226481012843883
P3_dev_run0,1,shoulder,4,0,0.0,0.5,0.5,0.012097497584527883
P3_dev_run0,1,shoulder,5,0,0.0,0.5,0.5,0.01224183035335663
P3_dev_run0,1,shoulder,6,0,0.0,0.5,0.5,0.012791394336328282
P3_dev_run0,1,shoulder,7,0,0.0,0.5,0.5,0.013868935085162237
P3_dev_run0,1,shoulder,8,0,0.0,0.5,0.5,0.015240258760678999
P3_dev_run0,1,shoulder,9,0,0.0,0.5,0.5,0.01652986667047973
P3_dev_run0,1,shoulder,10,0,0.0,0.5,0.5,0.016574252465030664
P3_dev_run0,1,shoulder,11,0,0.0,0.5,0.5,0.016185628879872044
P3_dev_run0,1,shoulder,12,0,0.0,0.5,0.5,0.015486830909778482
P3_dev_run0,1,shoulder,13,0,0.0,0.5,0.5,0.014503846082161764
P3_dev_run0,1,shoulder,14,0,0.0,0.5,0.5,0.015547714541530505
P3_dev_run0,1,shoulder,15,0,0.0,0.5,0.5,0.01616861523537222
P3_dev_run0,1,shoulder,16,0,0.0,0.5,0.5,0.016758815035281482
P3_dev_run0,1,shoulder,17,0,0.0,0.5,0.5,0.017572493683134183
P3_dev_run0,1,shoulder,18,0,0.0,0.5,0.5,0.017810512267820072
P3_dev_run0,1,shoulder,19,0,0.0,0.5,0.5,0.017986766850762226
P3_dev_run0,1,shoulder,20,0,0.0,0.5,0.5,0.01779670017431617
P3_dev_run0,1,shoulder,21,0,0.0,0.5,0.5,0.017073965062828406
P3_dev_run0,1,shoulder,22,0,0.0,0.5,0.5,0.016270736439366856
P3_dev_run0,1,shoulder,23,0,0.0,0.5,0.5,0.015740735095517294
P3_dev_run0,2,summer,0,0,0.0,0.025,0.025,0.023161900318946493
P3_dev_run0,2,summer,0,1,0.025,0.5,0.475,0.01674632570804892
P3_dev_run0,2,summer,1,0,0.0,0.025,0.025,0.020999848879217353
P3_dev_run0,2,summer,1,1,0.025,0.5,0.475,0.014649802254874989
P3_dev_run0,2,summer,2,0,0.0,0.025,0.025,0.020085478868330786
P3_dev_run0,2,summer,2,1,0.025,0.5,0.475,0.01376292210858516
P3_dev_run0,2,summer,3,0,0.0,0.025,0.025,0.019530080348232337
P3_dev_run0,2,summer,3,1,0.025,0.5,0.475,0.01322427936646366
P3_dev_run0,2,summer,4,0,0.0,0.025,0.025,0.01919884238729297
P3_dev_run0,2,summer,4,1,0.025,0.5,0.475,0.012903029134270744
P3_dev_run0,2,summer,5,0,0.0,0.025,0.025,0.019174976586373016
P3_dev_run0,2,summer,5,1,0.025,0.5,0.475,0.012879882795590136
P3_dev_run0,2,summer,6,0,0.0,0.025,0.025,0.019523240777135076
P3_dev_run0,2,summer,6,1,0.025,0.5,0.475,0.013217646065744108
P3_dev_run0,2,summer,7,0,0.0,0.025,0.025,0.02064709726720293
P3_dev_run0,2,summer,7,1,0.025,0.5,0.475,0.014307585585196047
P3_dev_run0,2,summer,8,0,0.0,0.025,0.025,0.022450698789149848
P3_dev_run0,2,summer,8,1,0.025,0.5,0.475,0.01605665895831694
P3_dev_run0,2,summer,9,0,0.0,0.025,0.025,0.0248269040734439
P3_dev_run0,2,summer,9,1,0.025,0.5,0.475,0.018360840454053094
P3_dev_run0,2,summer,10,0,0.0,0.025,0.025,0.026178733932856746
P3_dev_run0,2,summer,10,1,0.025,0.5,0.475,0.019671601557560602
P3_dev_run0,2,summer,11,0,0.0,0.025,0.025,0.026607414004856667
P3_dev_run0,2,summer,11,1,0.025,0.5,0.475,0.02008724392130448
P3_dev_run0,2,summer,12,0,0.0,0.025,0.025,0.026429209424242428
P3_dev_run0,2,summer,12,1,0.025,0.5,0.475,0.019914460028732008
P3_dev_run0,2,summer,13,0,0.0,0.025,0.025,0.02572996763148483
P3_dev_run0,2,summer,13,1,0.025,0.5,0.475,0.019236476442905732
P3_dev_run0,2,summer,14,0,0.0,0.025,0.025,0.026869765347535823
P3_dev_run0,2,summer,14,1,0.025,0.5,0.475,0.020341612792112586
P3_dev_run0,2,summer,15,0,0.0,0.025,0.025,0.027458573276293308
P3_dev_run0,2,summer,15,1,0.025,0.5,0.475,0.020912495804801257
P3_dev_run0,2,summer,16,0,0.0,0.025,0.025,0.02778167489364214
P3_dev_run0,2,summer,16,1,0.025,0.5,0.475,0.021225755745530112
P3_dev_run0,2,summer,17,0,0.0,0.025,0.025,0.028352968913023524
P3_dev_run0,2,summer,17,1,0.025,0.5,0.475,0.021779638459416932
P3_dev_run0,2,summer,18,0,0.0,0.025,0.025,0.028297559597724176
P3_dev_run0,2,summer,18,1,0.025,0.5,0.475,0.02172591839696396
P3_dev_run0,2,summer,19,0,0.0,0.025,0.025,0.02810936503494066
P3_dev_run0,2,summer,19,1,0.025,0.5,0.475,0.021543460401137925
P3_dev_run0,2,summer,20,0,0.0,0.025,0.025,0.02787730908937025
P3_dev_run0,2,summer,20,1,0.025,0.5,0.475,0.02131847616200333
P3_dev_run0,2,summer,21,0,0.0,0.025,0.025,0.02701577370713082
P3_dev_run0,2,summer,21,1,0.025,0.5,0.475,0.020483177481787893
P3_dev_run0,2,summer,22,0,0.0,0.025,0.025,0.0255927919716592
P3_dev_run0,2,summer,22,1,0.025,0.5,0.475,0.019103469012974154
P3_dev_run0,2,summer,23,0,0.0,0.025,0.025,0.024322708346814492
P3_dev_run0,2,summer,23,1,0.025,0.5,0.475,0.017871944708196297
P3_dev_run0,2,winter,0,0,0.0,0.025,0.025,0.024340549677295265
P3_dev_run0,2,winter,0,1,0.025,0.5,0.475,0.017889244802996265
P3_dev_run0,2,winter,1,0,0.0,0.025,0.025,0.022499703180970387
P3_dev_run0,2,winter,1,1,0.025,0.5,0.475,0.01610431908098123
P3_dev_run0,2,winter,2,0,0.0,0.025,0.025,0.021604501230735873
P3_dev_run0,2,winter,2,1,0.025,0.5,0.475,0.015236059375740954
P3_dev_run0,2,winter,3,0,0.0,0.025,0.025,0.021093566769027072
P3_dev_run0,2,winter,3,1,0.025,0.5,0.475,0.014740568180217102
P3_dev_run0,2,winter,4,0,0.0,0.025,0.025,0.02088568611535946
P3_dev_run0,2,winter,4,1,0.025,0.5,0.475,0.014538968077325576
P3_dev_run0,2,winter,5,0,0.0,0.025,0.025,0.021076228712473277
P3_dev_run0,2,winter,5,1,0.025,0.5,0.475,0.01472375400673456
P3_dev_run0,2,winter,6,0,0.0,0.025,0.025,0.02175090850822181
P3_dev_run0,2,winter,6,1,0.025,0.5,0.475,0.015378039636873097
P3_dev_run0,2,winter,7,0,0.0,0.025,0.025,0.023193691375190673
P3_dev_run0,2,winter,7,1,0.025,0.5,0.475,0.016777153707068695
P3_dev_run0,2,winter,8,0,0.0,0.025,0.025,0.025484610877124503
P3_dev_run0,2,winter,8,1,0.025,0.5,0.475,0.01899857461441688
P3_dev_run0,2,winter,9,0,0.0,0.025,0.025,0.028234794255209694
P3_dev_run0,2,winter,9,1,0.025,0.5,0.475,0.021665066417795954
P3_dev_run0,2,winter,10,0,0.0,0.025,0.025,0.028430586276863012
P3_dev_run0,2,winter,10,1,0.025,0.5,0.475,0.021854889327320774
P3_dev_run0,2,winter,11,0,0.0,0.025,0.025,0.027689793146865593
P3_dev_run0,2,winter,11,1,0.025,0.5,0.475,0.021136673123302557
P3_dev_run0,2,winter,12,0,0.0,0.025,0.025,0.026567384949549577
P3_dev_run0,2,winter,12,1,0.025,0.5,0.475,0.020048432587644358
P3_dev_run0,2,winter,13,0,0.0,0.025,0.025,0.024919945715333736
P3_dev_run0,2,winter,13,1,0.025,0.5,0.475,0.018451225941112752
P3_dev_run0,2,winter,14,0,0.0,0.025,0.025,0.025881773349808457
P3_dev_run0,2,winter,14,1,0.025,0.5,0.475,0.019383668558854195
P3_dev_run0,2,winter,15,0,0.0,0.025,0.025,0.0263928749197051
P3_dev_run0,2,winter,15,1,0.025,0.5,0.475,0.019879230608785006
P3_dev_run0,2,winter,16,0,0.0,0.025,0.025,0.026931796387690277
P3_dev_run0,2,winter,16,1,0.025,0.5,0.475,0.020401756054092793
P3_dev_run0,2,winter,17,0,0.0,0.025,0.025,0.027733887312434424
P3_dev_run0,2,winter,17,1,0.025,0.5,0.475,0.02117942402364503
P3_dev_run0,2,winter,18,0,0.0,0.025,0.025,0.027719187403096868
P3_dev_run0,2,winter,18,1,0.025,0.5,0.475,0.021165171927189804
P3_dev_run0,2,winter,19,0,0.0,0.025,0.025,0.027286375675139585
P3_dev_run0,2,winter,19,1,0.025,0.5,0.475,0.020745541720519404
P3_dev_run0,2,winter,20,0,0.0,0.025,0.025,0.026589217259607167
P3_dev_run0,2,winter,20,1,0.025,0.5,0.475,0.020069600746075913
P3_dev_run0,2,winter,21,0,0.0,0.025,0.025,0.02563970207982269
P3_dev_run0,2,winter,21,1,0.025,0.5,0.475,0.019148953784699586
P3_dev_run0,2,winter,22,0,0.0,0.025,0.025,0.0246657491249902
P3_dev_run0,2,winter,22,1,0.025,0.5,0.475,0.018204576839619842
P3_dev_run0,2,winter,23,0,0.0,0.025,0.025,0.02434768699148493
P3_dev_run0,2,winter,23,1,0.025,0.5,0.475,0.017896165593304588
P3_dev_run0,2,shoulder,0,0,0.0,0.025,0.025,0.021242635636150586
P3_dev_run0,2,shoulder,0,1,0.025,0.5,0.475,0.014885276550455148
P3_dev_run0,2,shoulder,1,0,0.0,0.025,0.025,0.019386418649497972
P3_dev_run0,2,shoulder,1,1,0.025,0.5,0.475,0.013085064870525725
P3_dev_run0,2,shoulder,2,0,0.0,0.025,0.025,0.01862407589102555
P3_dev_run0,2,shoulder,2,1,0.025,0.5,0.475,0.012345583916210627
P3_dev_run0,2,shoulder,3,0,0.0,0.025,0.025,0.018217751572474072
P3_dev_run0,2,shoulder,3,1,0.025,0.5,0.475,0.01195149742085803
P3_dev_run0,2,shoulder,4,0,0.0,0.025,0.025,0.01804551257176268
P3_dev_run0,2,shoulder,4,1,0.025,0.5,0.475,0.011784444164147105
P3_dev_run0,2,shoulder,5,0,0.0,0.025,0.025,0.018194095106743302
P3_dev_run0,2,shoulder,5,1,0.025,0.5,0.475,0.011928553261073123
P3_dev_run0,2,shoulder,6,0,0.0,0.025,0.025,0.018759847747271685
P3_dev_run0,2,shoulder,6,1,0.025,0.5,0.475,0.012477265209436525
P3_dev_run0,2,shoulder,7,0,0.0,0.025,0.025,0.019869163015715507
P3_dev_run0,2,shoulder,7,1,0.025,0.5,0.475,0.013553133615133118
P3_dev_run0,2,shoulder,8,0,0.0,0.025,0.025,0.0212809880248771
P3_dev_run0,2,shoulder,8,1,0.025,0.5,0.475,0.014922325641510678
P3_dev_run0,2,shoulder,9,0,0.0,0.025,0.025,0.022608749369320003
P3_dev_run0,2,shoulder,9,1,0.025,0.5,0.475,0.016209925475803928
P3_dev_run0,2,shoulder,10,0,0.0,0.025,0.025,0.022654449465362436
P3_dev_run0,2,shoulder,10,1,0.025,0.5,0.475,0.01625424209659215
P3_dev_run0,2,shoulder,11,0,0.0,0.025,0.025,0.022254320958001172
P3_dev_run0,2,shoulder,11,1,0.025,0.5,0.475,0.015866224033654723
P3_dev_run0,2,shoulder,12,0,0.0,0.025,0.025,0.02153485015584433
P3_dev_run0,2,shoulder,12,1,0.025,0.5,0.475,0.015168514107353964
P3_dev_run0,2,shoulder,13,0,0.0,0.025,0.025,0.020522816878746908
P3_dev_run0,2,shoulder,13,1,0.025,0.5,0.475,0.01418705814549939
P3_dev_run0,2,shoulder,14,0,0.0,0.025,0.025,0.021597534189587986
P3_dev_run0,2,shoulder,14,1,0.025,0.5,0.475,0.015229302981106427
P3_dev_run0,2,shoulder,15,0,0.0,0.025,0.025,0.02223680377007986
P3_dev_run0,2,shoulder,15,1,0.025,0.5,0.475,0.01584923689144024
P3_dev_run0,2,shoulder,16,0,0.0,0.025,0.025,0.022844477910974326
P3_dev_run0,2,shoulder,16,1,0.025,0.5,0.475,0.016438516989192384
P3_dev_run0,2,shoulder,17,0,0.0,0.025,0.025,0.023682269537130263
P3_dev_run0,2,shoulder,17,1,0.025,0.5,0.475,0.017250926532923865
P3_dev_run0,2,shoulder,18,0,0.0,0.025,0.025,0.023927346521606108
P3_dev_run0,2,shoulder,18,1,0.025,0.5,0.475,0.017488573622883967
P3_dev_run0,2,shoulder,19,0,0.0,0.025,0.025,0.024108829316176195
P3_dev_run0,2,shoulder,19,1,0.025,0.5,0.475,0.01766455303679307
P3_dev_run0,2,shoulder,20,0,0.0,0.025,0.025,0.023913124772361183
P3_dev_run0,2,shoulder,20,1,0.025,0.5,0.475,0.01747478309020854
P3_dev_run0,2,shoulder,21,0,0.0,0.025,0.025,0.023168964231249367
P3_dev_run0,2,shoulder,21,1,0.025,0.5,0.475,0.016753175632911513
P3_dev_run0,2,shoulder,22,0,0.0,0.025,0.025,0.022341947573050747
P3_dev_run0,2,shoulder,22,1,0.025,0.5,0.475,0.01595119901127823
P3_dev_run0,2,shoulder,23,0,0.0,0.025,0.025,0.021796263531316806
P3_dev_run0,2,shoulder,23,1,0.025,0.5,0.475,0.015422023072580478
P3_dev_run0,4,summer,0,0,0.0,0.01,0.01,0.023356217879361152
P3_dev_run0,4,summer,0,1,0.01,0.025,0.015000000000000001,0.023032355278670053
P3_dev_run0,4,summer,0,2,0.025,0.05,0.025,0.02251468589327954
P3_dev_run0,4,summer,0,3,0.05,0.5,0.45,0.016425861253313887
P3_dev_run0,4,summer,1,0,0.0,0.01,0.01,0.02119198251082921
P3_dev_run0,4,summer,1,1,0.01,0.025,0.015000000000000001,0.020871759791476114
P3_dev_run0,4,summer,1,2,0.025,0.05,0.025,0.020359407989081202
P3_dev_run0,4,summer,1,3,0.05,0.5,0.45,0.014332601936307976
P3_dev_run0,4,summer,2,0,0.0,0.01,0.01,0.020276955234210803
P3_dev_run0,4,summer,2,1,0.01,0.025,0.015000000000000001,0.019957827957744107
P3_dev_run0,4,summer,2,2,0.025,0.05,0.025,0.019447721054580702
P3_dev_run0,4,summer,2,3,0.05,0.5,0.45,0.013447099944918741
P3_dev_run0,4,summer,3,0,0.0,0.01,0.01,0.0197210449874613
P3_dev_run0,4,summer,3,1,0.01,0.025,0.015000000000000001,0.01940277058874636
P3_dev_run0,4,summer,3,2,0.025,0.05,0.025,0.01889402579614674
P3_dev_run0,4,summer,3,3,0.05,0.5,0.45,0.012909293453703488
P3_dev_run0,4,summer,4,0,0.0,0.01,0.01,0.01938950199525946
P3_dev_run0,4,summer,4,1,0.01,0.025,0.015000000000000001,0.019071735981981974
P3_dev_run0,4,summer,4,2,0.025,0.05,0.025,0.018563803083564423
P3_dev_run0,4,summer,4,3,0.05,0.5,0.45,0.012588541692643316
P3_dev_run0,4,summer,5,0,0.0,0.01,0.01,0.019365614230976158
P3_dev_run0,4,summer,5,1,0.01,0.025,0.015000000000000001,0.019047884823304252
P3_dev_run0,4,summer,5,2,0.025,0.05,0.025,0.018540010409942576
P3_dev_run0,4,summer,5,3,0.05,0.5,0.45,0.012565431261459443
P3_dev_run0,4,summer,6,0,0.0,0.01,0.01,0.019714199111291186
P3_dev_run0,4,summer,6,1,0.01,0.025,0.015000000000000001,0.019395935221031002
P3_dev_run0,4,summer,6,2,0.025,0.05,0.025,0.018887207188129085
P3_dev_run0,4,summer,6,3,0.05,0.5,0.45,0.01290267044783383
P3_dev_run0,4,summer,7,0,0.0,0.01,0.01,0.02083909147145152
P3_dev_run0,4,summer,7,1,0.01,0.025,0.015000000000000001,0.0205191011310372
P3_dev_run0,4,summer,7,2,0.025,0.05,0.025,0.020007615878054885
P3_dev_run0,4,summer,7,3,0.05,0.5,0.45,0.013990917235592776
P3_dev_run0,4,summer,8,0,0.0,0.01,0.01,0.02264435852765423
P3_dev_run0,4,summer,8,1,0.01,0.025,0.015000000000000001,0.022321592296813592
P3_dev_run0,4,summer,8,2,0.025,0.05,0.025,0.02180567385597354
P3_dev_run0,4,summer,8,3,0.05,0.5,0.45,0.015737269241780465
P3_dev_run0,4,summer,9,0,0.0,0.01,0.01,0.025022764080873117
P3_dev_run0,4,summer,9,1,0.01,0.025,0.015000000000000001,0.024696330735157753
P3_dev_run0,4,summer,9,2,0.025,0.05,0.025,0.024174555910662088
P3_dev_run0,4,summer,9,3,0.05,0.5,0.45,0.01803785626201926
P3_dev_run0,4,summer,10,0,0.0,0.01,0.01,0.026375848722981488
P3_dev_run0,4,summer,10,1,0.01,0.025,0.015000000000000001,0.026047324072773582
P3_dev_run0,4,summer,10,2,0.025,0.05,0.025,0.02552220947075523
P3_dev_run0,4,summer,10,3,0.05,0.5,0.45,0.019346567784605345
P3_dev_run0,4,summer,11,0,0.0,0.01,0.01,0.026804927161927505
P3_dev_run0,4,summer,11,1,0.01,0.025,0.015000000000000001,0.02647573856680944
P3_dev_run0,4,summer,11,2,0.025,0.05,0.025,0.025949563656634256
P3_dev_run0,4,summer,11,3,0.05,0.5,0.45,0.019761559491563933
P3_dev_run0,4,summer,12,0,0.0,0.01,0.01,0.02662655694674887
P3_dev_run0,4,summer,12,1,0.01,0.025,0.015000000000000001,0.02629764440923813
P3_dev_run0,4,summer,12,2,0.025,0.05,0.025,0.025771910348044713
P3_dev_run0,4,summer,12,3,0.05,0.5,0.45,0.019589046122103524
P3_dev_run0,4,summer,13,0,0.0,0.01,0.01,0.0259266656210011
P3_dev_run0,4,summer,13,1,0.01,0.025,0.015000000000000001,0.02559883563847398
P3_dev_run0,4,summer,13,2,0.025,0.05,0.025,0.025074830386984104
P3_dev_run0,4,summer,13,3,0.05,0.5,0.45,0.01891212344601249
P3_dev_run0,4,summer,14,0,0.0,0.01,0.01,0.02706752241500021
P3_dev_run0,4,summer,14,1,0.01,0.025,0.015000000000000001,0.026737927302559562
P3_dev_run0,4,summer,14,2,0.025,0.05,0.025,0.026211103192517182
P3_dev_run0,4,summer,14,3,0.05,0.5,0.45,0.02001552999209011
P3_dev_run0,4,summer,15,0,0.0,0.01,0.01,0.02765687807144701
P3_dev_run0,4,summer,15,1,0.01,0.025,0.015000000000000001,0.02732637007952417
P3_dev_run0,4,summer,15,2,0.025,0.05,0.025,0.02679808813834228
P3_dev_run0,4,summer,15,3,0.05,0.5,0.45,0.020585518452937865
P3_dev_run0,4,summer,16,0,0.0,0.01,0.01,0.027980280424541593
P3_dev_run0,4,summer,16,1,0.01,0.025,0.015000000000000001,0.027649271206375833
P3_dev_run0,4,summer,16,2,0.025,0.05,0.025,0.02712018880793976
P3_dev_run0,4,summer,16,3,0.05,0.5,0.45,0.02089828724206291
P3_dev_run0,4,summer,17,0,0.0,0.01,0.01,0.028552106513390907
P3_dev_run0,4,summer,17,1,0.01,0.025,0.015000000000000001,0.0282202105127786
P3_dev_run0,4,summer,17,2,0.025,0.05,0.025,0.027689711964788977
P3_dev_run0,4,summer,17,3,0.05,0.5,0.45,0.021451301042451815
P3_dev_run0,4,summer,18,0,0.0,0.01,0.01,0.02849664557265097
P3_dev_run0,4,summer,18,1,0.01,0.025,0.015000000000000001,0.028164835614439644
P3_dev_run0,4,summer,18,2,0.025,0.05,0.025,0.02763447446312628
P3_dev_run0,4,summer,18,3,0.05,0.5,0.45,0.021397665282177163
P3_dev_run0,4,summer,19,0,0.0,0.01,0.01,0.02830827570819705
P3_dev_run0,4,summer,19,1,0.01,0.025,0.015000000000000001,0.027976757919436396
P3_dev_run0,4,summer,19,2,0.025,0.05,0.025,0.02744686335548252
P3_dev_run0,4,summer,19,3,0.05,0.5,0.45,0.021215493570341002
P3_dev_run0,4,summer,20,0,0.0,0.01,0.01,0.02807600366274421
P3_dev_run0,4,summer,20,1,0.01,0.025,0.015000000000000001,0.027744846040454275
P3_dev_run0,4,summer,20,2,0.025,0.05,0.025,0.027215526651752642
P3_dev_run0,4,summer,20,3,0.05,0.5,0.45,0.020990862245906145
P3_dev_run0,4,summer,21,0,0.0,0.01,0.01,0.027213666551850757
P3_dev_run0,4,summer,21,1,0.01,0.025,0.015000000000000001,0.026883845143984193
P3_dev_run0,4,summer,21,2,0.025,0.05,0.025,0.026356659631253665
P3_dev_run0,4,summer,21,3,0.05,0.5,0.45,0.02015687291792868
P3_dev_run0,4,summer,22,0,0.0,0.01,0.01,0.02578936260344833
P3_dev_run0,4,summer,22,1,0.01,0.025,0.015000000000000001,0.02546174488379978
P3_dev_run0,4,summer,22,2,0.025,0.05,0.025,0.024938078602518843
P3_dev_run0,4,summer,22,3,0.05,0.5,0.45,0.018779324035777225
P3_dev_run0,4,summer,23,0,0.0,0.01,0.01,0.02451810091721185
P3_dev_run0,4,summer,23,1,0.01,0.025,0.015000000000000001,0.024192446633216253
P3_dev_run0,4,summer,23,2,0.025,0.05,0.025,0.023671915947921507
P3_dev_run0,4,summer,23,3,0.05,0.5,0.45,0.017549724083767117
P3_dev_run0,4,winter,0,0,0.0,0.01,0.01,0.024535958778909572
P3_dev_run0,4,winter,0,1,0.01,0.025,0.015000000000000001,0.024210276942885724
P3_dev_run0,4,winter,0,2,0.025,0.05,0.025,0.023689702245726085
P3_dev_run0,4,winter,0,3,0.05,0.5,0.45,0.01756699716728905
P3_dev_run0,4,winter,1,0,0.0,0.01,0.01,0.02269319341599435
P3_dev_run0,4,winter,1,1,0.01,0.025,0.015000000000000001,0.02237070969095441
P3_dev_run0,4,winter,1,2,0.025,0.05,0.025,0.02185467030015542
P3_dev_run0,4,winter,1,3,0.05,0.5,0.45,0.01578485512436044
P3_dev_run0,4,winter,2,0,0.0,0.01,0.01,0.02179737905942669
P3_dev_run0,4,winter,2,1,0.01,0.025,0.015000000000000001,0.02147591601160866
P3_dev_run0,4,winter,2,2,0.025,0.05,0.025,0.0209620787715481
P3_dev_run0,4,winter,2,3,0.05,0.5,0.45,0.014917947187085001
P3_dev_run0,4,winter,3,0,0.0,0.01,0.01,0.021285972906297246
P3_dev_run0,4,winter,3,1,0.01,0.025,0.015000000000000001,0.020965296010846957
P3_dev_run0,4,winter,3,2,0.025,0.05,0.025,0.02045271431070972
P3_dev_run0,4,winter,3,3,0.05,0.5,0.45,0.014423226728523067
P3_dev_run0,4,winter,4,0,0.0,0.01,0.01,0.021077900424347484
P3_dev_run0,4,winter,4,1,0.01,0.025,0.015000000000000001,0.020757543242700773
P3_dev_run0,4,winter,4,2,0.025,0.05,0.025,0.020245472140819065
P3_dev_run0,4,winter,4,3,0.05,0.5,0.45,0.01422194007379816
P3_dev_run0,4,winter,5,0,0.0,0.01,0.01,0.021268618846098652
P3_dev_run0,4,winter,5,1,0.01,0.025,0.015000000000000001,0.02094796862338969
P3_dev_run0,4,winter,5,2,0.025,0.05,0.025,0.02043542951419175
P3_dev_run0,4,winter,5,3,0.05,0.5,0.45,0.014406438700764714
P3_dev_run0,4,winter,6,0,0.0,0.01,0.01,0.02194392156538716
P3_dev_run0,4,winter,6,1,0.01,0.025,0.015000000000000001,0.021622233136778246
P3_dev_run0,4,winter,6,2,0.025,0.05,0.025,0.02110803597097477
P3_dev_run0,4,winter,6,3,0.05,0.5,0.45,0.01505970650720078
P3_dev_run0,4,winter,7,0,0.0,0.01,0.01,0.02338803836765546
P3_dev_run0,4,winter,7,1,0.01,0.025,0.015000000000000001,0.02306412671354748
P3_dev_run0,4,winter,7,2,0.025,0.05,0.025,0.022546379025889518
P3_dev_run0,4,winter,7,3,0.05,0.5,0.45,0.016456641189356424
P3_dev_run0,4,winter,8,0,0.0,0.01,0.01,0.02568108109617384
P3_dev_run0,4,winter,8,1,0.01,0.025,0.015000000000000001,0.02535363073109161
P3_dev_run0,4,winter,8,2,0.025,0.05,0.025,0.024830231732936303
P3_dev_run0,4,winter,8,3,0.05,0.5,0.45,0.01867459366338802
P3_dev_run0,4,winter,9,0,0.0,0.01,0.01,0.02843382176899445
P3_dev_run0,4,winter,9,1,0.01,0.025,0.015000000000000001,0.028102109246019854
P3_dev_run0,4,winter,9,2,0.025,0.05,0.025,0.027571903718965896
P3_dev_run0,4,winter,9,3,0.05,0.5,0.45,0.021336908789953177
P3_dev_run0,4,winter,10,0,0.0,0.01,0.01,0.02862979618716288
P3_dev_run0,4,winter,10,1,0.01,0.025,0.015000000000000001,0.028297779669996432
P3_dev_run0,4,winter,10,2,0.025,0.05,0.025,0.0277670886360748
P3_dev_run0,4,winter,10,3,0.05,0.5,0.45,0.02152643381016777
P3_dev_run0,4,winter,11,0,0.0,0.01,0.01,0.02788831315028162
P3_dev_run0,4,winter,11,1,0.01,0.025,0.015000000000000001,0.027557446477921573
P3_dev_run0,4,winter,11,2,0.025,0.05,0.025,0.02702859175451211
P3_dev_run0,4,winter,11,3,0.05,0.5,0.45,0.02080934431045758
P3_dev_run0,4,winter,12,0,0.0,0.01,0.01,0.026764860892289355
P3_dev_run0,4,winter,12,1,0.01,0.025,0.015000000000000001,0.02643573432105639
P3_dev_run0,4,winter,12,2,0.025,0.05,0.025,0.025909658440554928
P3_dev_run0,4,winter,12,3,0.05,0.5,0.45,0.019722808929149325
P3_dev_run0,4,winter,13,0,0.0,0.01,0.01,0.025115631870967214
P3_dev_run0,4,winter,13,1,0.01,0.025,0.015000000000000001,0.02478948827824475
P3_dev_run0,4,winter,13,2,0.025,0.05,0.025,0.02426748334405593
P3_dev_run0,4,winter,13,3,0.05,0.5,0.45,0.01812810052983813
P3_dev_run0,4,winter,14,0,0.0,0.01,0.01,0.026078612295873937
P3_dev_run0,4,winter,14,1,0.01,0.025,0.015000000000000001,0.0257505473857648
P3_dev_run0,4,winter,14,2,0.025,0.05,0.025,0.025226166939991135
P3_dev_run0,4,winter,14,3,0.05,0.5,0.45,0.019059085315457698
P3_dev_run0,4,winter,15,0,0.0,0.01,0.01,0.026590188675149062
P3_dev_run0,4,winter,15,1,0.01,0.025,0.015000000000000001,0.02626133241607579
P3_dev_run0,4,winter,15,2,0.025,0.05,0.025,0.025735688221921738
P3_dev_run0,4,winter,15,3,0.05,0.5,0.45,0.019553871852499634
P3_dev_run0,4,winter,16,0,0.0,0.01,0.01,0.027129611136905707
P3_dev_run0,4,winter,16,1,0.01,0.025,0.015000000000000001,0.02679991988821332
P3_dev_run0,4,winter,16,2,0.025,0.05,0.025,0.026272942238700914
P3_dev_run0,4,winter,16,3,0.05,0.5,0.45,0.020075579043836785
P3_dev_run0,4,winter,17,0,0.0,0.01,0.01,0.02793244835476716
P3_dev_run0,4,winter,17,1,0.01,0.025,0.015000000000000001,0.0276015132842126
P3_dev_run0,4,winter,17,2,0.025,0.05,0.025,0.02707254929498082
P3_dev_run0,4,winter,17,3,0.05,0.5,0.45,0.020852028175237482
P3_dev_run0,4,winter,18,0,0.0,0.01,0.01,0.0279177347558085
P3_dev_run0,4,winter,18,1,0.01,0.025,0.015000000000000001,0.02758682250128911
P3_dev_run0,4,winter,18,2,0.025,0.05,0.025,0.02705789492215338
P3_dev_run0,4,winter,18,3,0.05,0.5,0.45,0.020837798427469603
P3_dev_run0,4,winter,19,0,0.0,0.01,0.01,0.027484520238224563
P3_dev_run0,4,winter,19,1,0.01,0.025,0.015000000000000001,0.027154279299749597
P3_dev_run0,4,winter,19,2,0.025,0.05,0.025,0.026626423809068545
P3_dev_run0,4,winter,19,3,0.05,0.5,0.45,0.02041882604893334
P3_dev_run0,4,winter,20,0,0.0,0.01,0.01,0.026786713498858084
P3_dev_run0,4,winter,20,1,0.01,0.025,0.015000000000000001,0.026457553100106553
P3_dev_run0,4,winter,20,2,0.025,0.05,0.025,0.025931423207966597
P3_dev_run0,4,winter,20,3,0.05,0.5,0.45,0.01974394394263754
P3_dev_run0,4,winter,21,0,0.0,0.01,0.01,0.025836316261546033
P3_dev_run0,4,winter,21,1,0.01,0.025,0.015000000000000001,0.025508625958673793
P3_dev_run0,4,winter,21,2,0.025,0.05,0.025,0.02498484376108001
P3_dev_run0,4,winter,21,3,0.05,0.5,0.45,0.01882473767490067
P3_dev_run0,4,winter,22,0,0.0,0.01,0.01,0.024861459686725818
P3_dev_run0,4,winter,22,1,0.01,0.025,0.015000000000000001,0.024535275417166453
P3_dev_run0,4,winter,22,2,0.025,0.05,0.025,0.02401389833883605
P3_dev_run0,4,winter,22,3,0.05,0.5,0.45,0.01788183675633005
P3_dev_run0,4,winter,23,0,0.0,0.01,0.01,0.024543102711233056
P3_dev_run0,4,winter,23,1,0.01,0.025,0.015000000000000001,0.024217409844986177
P3_dev_run0,4,winter,23,2,0.025,0.05,0.025,0.023696817542371296
P3_dev_run0,4,winter,23,3,0.05,0.5,0.45,0.01757390715168977
P3_dev_run0,4,shoulder,0,0,0.0,0.01,0.01,0.021434956459065457
P3_dev_run0,4,shoulder,0,1,0.01,0.025,0.015000000000000001,0.021114421754207337
P3_dev_run0,4,shoulder,0,2,0.025,0.05,0.025,0.020601473457930175
P3_dev_run0,4,shoulder,0,3,0.05,0.5,0.45,0.014567710055595422
P3_dev_run0,4,shoulder,1,0,0.0,0.01,0.01,0.01957707335081965
P3_dev_run0,4,shoulder,1,1,0.01,0.025,0.015000000000000001,0.019259315515283516
P3_dev_run0,4,shoulder,1,2,0.025,0.05,0.025,0.018750922604883202
P3_dev_run0,4,shoulder,1,3,0.05,0.5,0.45,0.012770294996394753
P3_dev_run0,4,shoulder,2,0,0.0,0.01,0.01,0.018814206530626265
P3_dev_run0,4,shoulder,2,1,0.01,0.025,0.015000000000000001,0.018497322131291738
P3_dev_run0,4,shoulder,2,2,0.025,0.05,0.025,0.017990797229430755
P3_dev_run0,4,shoulder,2,3,0.05,0.5,0.45,0.012031960954365064
P3_dev_run0,4,shoulder,3,0,0.0,0.01,0.01,0.01840750850076317
P3_dev_run0,4,shoulder,3,1,0.01,0.025,0.015000000000000001,0.01809124695361467
P3_dev_run0,4,shoulder,3,2,0.025,0.05,0.025,0.01758571680642973
P3_dev_run0,4,shoulder,3,3,0.05,0.5,0.45,0.011638485232770711
P3_dev_run0,4,shoulder,4,0,0.0,0.01,0.01,0.01823511114526638
P3_dev_run0,4,shoulder,4,1,0.01,0.025,0.015000000000000001,0.01791911352276021
P3_dev_run0,4,shoulder,4,2,0.025,0.05,0.025,0.017414004886346368
P3_dev_run0,4,shoulder,4,3,0.05,0.5,0.45,0.01147169079069159
P3_dev_run0,4,shoulder,5,0,0.0,0.01,0.01,0.018383830275844892
P3_dev_run0,4,shoulder,5,1,0.01,0.025,0.015000000000000001,0.018067604994008907
P3_dev_run0,4,shoulder,5,2,0.025,0.05,0.025,0.017562132733198732
P3_dev_run0,4,shoulder,5,3,0.05,0.5,0.45,0.01161557662373281
P3_dev_run0,4,shoulder,6,0,0.0,0.01,0.01,0.01895010330732333
P3_dev_run0,4,shoulder,6,1,0.01,0.025,0.015000000000000001,0.018633010707237253
P3_dev_run0,4,shoulder,6,2,0.025,0.05,0.025,0.018126153299587444
P3_dev_run0,4,shoulder,6,3,0.05,0.5,0.45,0.012163438093317028
P3_dev_run0,4,shoulder,7,0,0.0,0.01,0.01,0.020060440030360283
P3_dev_run0,4,shoulder,7,1,0.01,0.025,0.015000000000000001,0.019741645005952324
P3_dev_run0,4,shoulder,7,2,0.025,0.05,0.025,0.019232068726787177
P3_dev_run0,4,shoulder,7,3,0.05,0.5,0.45,0.013237637220041225
P3_dev_run0,4,shoulder,8,0,0.0,0.01,0.01,0.02147356715868215
P3_dev_run0,4,shoulder,8,1,0.01,0.025,0.015000000000000001,0.021152601935673733
P3_dev_run0,4,shoulder,8,2,0.025,0.05,0.025,0.02063955977263887
P3_dev_run0,4,shoulder,8,3,0.05,0.5,0.45,0.014604701523114666
P3_dev_run0,4,shoulder,9,0,0.0,0.01,0.01,0.022802555245696188
P3_dev_run0,4,shoulder,9,1,0.01,0.025,0.015000000000000001,0.022479545451735878
P3_dev_run0,4,shoulder,9,2,0.025,0.05,0.025,0.021963238033946286
P3_dev_run0,4,shoulder,9,3,0.05,0.5,0.45,0.015890297000351574
P3_dev_run0,4,shoulder,10,0,0.0,0.01,0.01,0.022848297600924772
P3_dev_run0,4,shoulder,10,1,0.01,0.025,0.015000000000000001,0.022525217374987545
P3_dev_run0,4,shoulder,10,2,0.025,0.05,0.025,0.022008797474680764
P3_dev_run0,4,shoulder,10,3,0.05,0.5,0.45,0.015934544575587226
P3_dev_run0,4,shoulder,11,0,0.0,0.01,0.01,0.02244779916620865
P3_dev_run0,4,shoulder,11,1,0.01,0.025,0.015000000000000001,0.022125335485862853
P3_dev_run0,4,shoulder,11,2,0.025,0.05,0.025,0.021609900238861446
P3_dev_run0,4,shoulder,11,3,0.05,0.5,0.45,0.015547130911143237
P3_dev_run0,4,shoulder,12,0,0.0,0.01,0.01,0.021727663671565478
P3_dev_run0,4,shoulder,12,1,0.01,0.025,0.015000000000000001,0.021406307812030234
P3_dev_run0,4,shoulder,12,2,0.025,0.05,0.025,0.02089264178098127
P3_dev_run0,4,shoulder,12,3,0.05,0.5,0.45,0.014850507014374669
P3_dev_run0,4,shoulder,13,0,0.0,0.01,0.01,0.02071469646011681
P3_dev_run0,4,shoulder,13,1,0.01,0.025,0.015000000000000001,0.020394897157833637
P3_dev_run0,4,shoulder,13,2,0.025,0.05,0.025,0.019883717007149748
P3_dev_run0,4,shoulder,13,3,0.05,0.5,0.45,0.013870577097629923
P3_dev_run0,4,shoulder,14,0,0.0,0.01,0.01,0.021790405595598084
P3_dev_run0,4,shoulder,14,1,0.01,0.025,0.015000000000000001,0.02146895325224792
P3_dev_run0,4,shoulder,14,2,0.025,0.05,0.025,0.02095513314488373
P3_dev_run0,4,shoulder,14,3,0.05,0.5,0.45,0.01491120130534102
P3_dev_run0,4,shoulder,15,0,0.0,0.01,0.01,0.022430265786135828
P3_dev_run0,4,shoulder,15,1,0.01,0.025,0.015000000000000001,0.022107829092709214
P3_dev_run0,4,shoulder,15,2,0.025,0.05,0.025,0.021592436938108195
P3_dev_run0,4,shoulder,15,3,0.05,0.5,0.45,0.015530170222180907
P3_dev_run0,4,shoulder,16,0,0.0,0.01,0.01,0.0230385018062218
P3_dev_run0,4,shoulder,16,1,0.01,0.025,0.015000000000000001,0.022715128647476008
P3_dev_run0,4,shoulder,16,2,0.025,0.05,0.025,0.022198240942085667
P3_dev_run0,4,shoulder,16,3,0.05,0.5,0.45,0.016118532325142758
P3_dev_run0,4,shoulder,17,0,0.0,0.01,0.01,0.023877068812140634
P3_dev_run0,4,shoulder,17,1,0.01,0.025,0.015000000000000001,0.023552403353790014
P3_dev_run0,4,shoulder,17,2,0.025,0.05,0.025,0.023033451837197738
P3_dev_run0,4,shoulder,17,3,0.05,0.5,0.45,0.01692967512713087
P3_dev_run0,4,shoulder,18,0,0.0,0.01,0.01,0.024122372772211742
P3_dev_run0,4,shoulder,18,1,0.01,0.025,0.015000000000000001,0.023797329021202348
P3_dev_run0,4,shoulder,18,2,0.025,0.05,0.025,0.023277773356640274
P3_dev_run0,4,shoulder,18,3,0.05,0.5,0.45,0.017166951415453057
P3_dev_run0,4,shoulder,19,0,0.0,0.01,0.01,0.024304023694141086
P3_dev_run0,4,shoulder,19,1,0.01,0.025,0.015000000000000001,0.023978699730866266
P3_dev_run0,4,shoulder,19,2,0.025,0.05,0.025,0.023458696564395698
P3_dev_run0,4,shoulder,19,3,0.05,0.5,0.45,0.01734265617414848
P3_dev_run0,4,shoulder,20,0,0.0,0.01,0.01,0.02410813785396204
P3_dev_run0,4,shoulder,20,1,0.01,0.025,0.015000000000000001,0.02378311605129394
P3_dev_run0,4,shoulder,20,2,0.025,0.05,0.025,0.0232635954523408
P3_dev_run0,4,shoulder,20,3,0.05,0.5,0.45,0.017153182403423412
P3_dev_run0,4,shoulder,21,0,0.0,0.01,0.01,0.02336328834196405
P3_dev_run0,4,shoulder,21,1,0.01,0.025,0.015000000000000001,0.023039414824106243
P3_dev_run0,4,shoulder,21,2,0.025,0.05,0.025,0.02252172804921071
P3_dev_run0,4,shoulder,21,3,0.05,0.5,0.45,0.016432700498672667
P3_dev_run0,4,shoulder,22,0,0.0,0.01,0.01,0.022535506771791114
P3_dev_run0,4,shoulder,22,1,0.01,0.025,0.015000000000000001,0.022212908107223834
P3_dev_run0,4,shoulder,22,2,0.025,0.05,0.025,0.021697257257372593
P3_dev_run0,4,shoulder,22,3,0.05,0.5,0.45,0.015631973553161878
P3_dev_run0,4,shoulder,23,0,0.0,0.01,0.01,0.021989318485585163
P3_dev_run0,4,shoulder,23,1,0.01,0.025,0.015000000000000001,0.021667560228471234
P3_dev_run0,4,shoulder,23,2,0.025,0.05,0.025,0.021153251557199382
P3_dev_run0,4,shoulder,23,3,0.05,0.5,0.45,0.01510362149010165
