point_id,b,S,E,scenario,t,n_feasible,matrix_rank,n_unique_p,n_unique_q,A_P,A_Q,B_PP,B_QQ,B_PQ,relative_max_residual,rmse_mw,lambda_min_cost,lambda_max_cost,lambda_min_over_lambda_max_pct,is_psd_cost
P1_old_full_opt,15,0.176,0.419,summer_peak,0,37,5,9,17,-0.06854475882293742,-0.03984261389104645,0.019167910744021043,0.02578629422947704,0.0011769590014603232,0.006537572850634048,3.123349727194026e-05,0.019115992831751336,0.025838212141746746,73.98341931276919,True
P1_old_full_opt,15,0.176,0.419,summer_peak,1,37,5,9,17,-0.06088615576614772,-0.035401446900513264,0.01885271655803787,0.02473960783179928,0.0009638820304933848,0.006572551286032593,2.7768616844314118e-05,0.018813522531893712,0.024778801857943438,75.9258766414591,True
P1_old_full_opt,15,0.176,0.419,summer_peak,2,37,5,9,17,-0.05797090607327619,-0.033710296558299505,0.018734257344878394,0.024342078576009438,0.0008843895833379883,0.006588455702350405,2.6449411170721162e-05,0.018699603010709595,0.024376732910178237,76.71086638071085,True
P1_old_full_opt,15,0.176,0.419,summer_peak,3,37,5,9,17,-0.056160713425673844,-0.03265998036346199,0.01866119020574873,0.024095311221949196,0.0008354471484839782,0.006599233031557357,2.563051744930987e-05,0.0186292671218362,0.02412723430586173,77.21260914397556,True
P1_old_full_opt,15,0.176,0.419,summer_peak,4,37,5,9,17,-0.05506736424553534,-0.032025522293594955,0.018617224623888637,0.023946330530224835,0.0008060475932337961,0.006606110755408282,2.513593559948019e-05,0.01858691753971225,0.023976637614401226,77.52095118019501,True
P1_old_full_opt,15,0.176,0.419,summer_peak,5,37,5,9,17,-0.05495734803531028,-0.03196167817764584,0.018612807573878645,0.02393134244624608,0.0008030960478641706,0.006606819033615731,2.5086170190117668e-05,0.01858266167019233,0.023961488349932395,77.55220126067319,True
P1_old_full_opt,15,0.176,0.419,summer_peak,6,37,5,9,17,-0.056050265333629154,-0.03259589111572229,0.01865674299588806,0.024080259531495174,0.0008324717421240371,0.006599914699190966,2.5580553878934748e-05,0.018624984323091523,0.02411201820429171,77.24357274985987,True
P1_old_full_opt,15,0.176,0.419,summer_peak,7,37,5,9,17,-0.05955050915563717,-0.03462669988985513,0.01879829780756361,0.02455752353280744,0.0009273702968248046,0.006579623283148412,2.716403073769805e-05,0.0187612046247576,0.02459461671561345,76.28175239196709,True
P1_old_full_opt,15,0.176,0.419,summer_peak,8,37,5,9,17,-0.06548300076455847,-0.03806743123082698,0.01904117303284124,0.025367569403858935,0.0010910692515280693,0.006550512186750495,2.9848285749605858e-05,0.018994475458560686,0.025414266978139487,74.73941890552699,True
P1_old_full_opt,15,0.176,0.419,summer_peak,9,37,5,9,17,-0.07341540801487006,-0.042665676073083914,0.019371750726255174,0.0264529425784105,0.0013155998029747151,0.006519419200203665,3.343814530755691e-05,0.01931116348257397,0.026513529822091705,72.83512837465892,True
P1_old_full_opt,15,0.176,0.419,summer_peak,10,37,5,9,17,-0.07842036176461391,-0.04556563106896092,0.019583591674690485,0.0271393809003747,0.001460611521350498,0.006503218978008475,3.5702663577803605e-05,0.019513651284596933,0.027209321290468252,71.716788067892,True
P1_old_full_opt,15,0.176,0.419,summer_peak,11,37,5,9,17,-0.08032872303926375,-0.04667108433971307,0.019665083351608124,0.027401362518884594,0.00151658820167528,0.0064976177601739305,3.6566241955420484e-05,0.019591457622359996,0.02747498824813272,71.30651866135553,True
P1_old_full_opt,15,0.176,0.419,summer_peak,12,37,5,9,17,-0.08044904350824207,-0.04674077678737785,0.019670235061785148,0.027417884069183166,0.0015201301766046144,0.00649727439932978,3.662069417032046e-05,0.019596374772606832,0.02749174435836148,71.28094353404202,True
P1_old_full_opt,15,0.176,0.419,summer_peak,13,37,5,9,17,-0.07896859334265845,-0.04588322558538037,0.019606949079510532,0.02721464980072576,0.001476653674863486,0.00650157650016568,3.595068357331714e-05,0.019535956980770073,0.02728564189946622,71.59793803917161,True
P1_old_full_opt,15,0.176,0.419,summer_peak,14,37,5,9,17,-0.08260323187313401,-0.04798842690201818,0.019762742950866777,0.027713764023655888,0.0015837998689115715,0.006491312695075989,3.7595667290817513e-05,0.019684639108564807,0.02779186786595786,70.82877337897982,True
P1_old_full_opt,15,0.176,0.419,summer_peak,15,37,5,9,17,-0.08451921293903315,-0.049097957621583976,0.019845425535280424,0.027977107089472097,0.0016408355955039935,0.006486283467699446,3.846280058762141e-05,0.019763478156314827,0.028059054468437695,70.4352963088825,True
P1_old_full_opt,15,0.176,0.419,summer_peak,16,37,5,9,17,-0.08564019926798284,-0.04974704205801942,0.019893984355954648,0.028131249240276955,0.0016743833352593912,0.006483454429744306,3.897015581352448e-05,0.019809757880430014,0.02821547571580159,70.20883886545958,True
P1_old_full_opt,15,0.176,0.419,summer_peak,17,37,5,9,17,-0.08750448662837662,-0.05082640645928805,0.01997503855782742,0.028387715468057205,0.0017304668613267668,0.0064789234807771405,3.981394362124012e-05,0.019886972270895302,0.028475781754989323,69.83819598705433,True
P1_old_full_opt,15,0.176,0.419,summer_peak,18,37,5,9,17,-0.08752503990755366,-0.05083828753712735,0.019975976656357124,0.028390473869863958,0.0017310871927868413,0.006478884207442626,3.982344678780759e-05,0.019887866540455792,0.02847858398576529,69.83446420789926,True
P1_old_full_opt,15,0.176,0.419,summer_peak,19,37,5,9,17,-0.08679628709690793,-0.05041639765060101,0.01994420410920787,0.02829027303006949,0.0017091191869864214,0.006480619763248809,3.9493405285107215e-05,0.019857603760553004,0.028376873378724354,69.97812442381796,True
P1_old_full_opt,15,0.176,0.419,summer_peak,20,37,5,9,17,-0.08582404674975476,-0.04985349031985503,0.01990196105031826,0.02815653432447262,0.0016798978731977776,0.006482998106956833,3.905336540089056e-05,0.01981735865743638,0.0282411367173545,70.17195821745513,True
P1_old_full_opt,15,0.176,0.419,summer_peak,21,37,5,9,17,-0.08249210974407738,-0.04792407310569698,0.019757957543461286,0.027698498811616807,0.001580503692378936,0.006491611663550163,3.7545366839785e-05,0.019680074661647378,0.027776381693430715,70.85182972662648,True
P1_old_full_opt,15,0.176,0.419,summer_peak,22,37,5,9,17,-0.07752549900829667,-0.045047210512288306,0.019545454938647334,0.027016542100271747,0.0014344279604021765,0.006505921593090965,3.529746369310939e-05,0.019477226478768463,0.02708477056015062,71.91209700489391,True
P1_old_full_opt,15,0.176,0.419,summer_peak,23,37,5,9,17,-0.07281908622848492,-0.042320129838350234,0.019346523845604865,0.026371362717541924,0.001298431951752048,0.006521452805760764,3.3167582165263665e-05,0.019287028994037628,0.02643085756910916,72.97163530773658,True
P1_old_full_opt,15,0.176,0.419,winter_peak,0,37,5,9,17,-0.06977878039362967,-0.040557969530870805,0.019219294375118254,0.02595515181003616,0.001211858682641391,0.006532710068375141,3.17919313512498e-05,0.01916522160038612,0.026009224584768294,73.68624750008807,True
P1_old_full_opt,15,0.176,0.419,winter_peak,1,37,5,9,17,-0.06477965620955296,-0.03765958613127004,0.019012135964331607,0.025271432951871117,0.0010714244507954163,0.006553639908726724,2.9529798899690022e-05,0.01896661717384753,0.025316951742355192,74.91666993272509,True
P1_old_full_opt,15,0.176,0.419,winter_peak,2,37,5,9,17,-0.06234109764546043,-0.036245387329198256,0.018912066112821233,0.024938405932438453,0.0010039241693592313,0.006565184988492676,2.8426547111700317e-05,0.018870541465095175,0.02497993058016451,75.5428098750581,True
P1_old_full_opt,15,0.176,0.419,winter_peak,3,37,5,9,17,-0.06089552135073418,-0.03540692123482331,0.01885302765997868,0.02474106482503216,0.0009641685204716602,0.006572486646158999,2.7772517438406705e-05,0.018813818016534454,0.024780274468476388,75.92255703409576,True
P1_old_full_opt,15,0.176,0.419,winter_peak,4,37,5,9,17,-0.06012882176822237,-0.034962181118979696,0.018821804316107936,0.024636435001946885,0.0009431697303065659,0.006576512084649058,2.742564688407945e-05,0.01878380562004674,0.02467443369800808,76.1265926097551,True
P1_old_full_opt,15,0.176,0.419,winter_peak,5,37,5,9,17,-0.06043711994746455,-0.03514101905937231,0.018834352099876373,0.024678504886072653,0.0009516063523592258,0.006574880254977667,2.7565126195399753e-05,0.018795867885663113,0.024716989100285913,76.044326472781,True
P1_old_full_opt,15,0.176,0.419,winter_peak,6,37,5,9,17,-0.062143535621764556,-0.036130802677965645,0.01890398397690861,0.024911431805110282,0.0009984782920795798,0.006566161230927959,2.8337158760774573e-05,0.018862778158309564,0.02495263762370933,75.59432570922544,True
P1_old_full_opt,15,0.176,0.419,winter_peak,7,37,5,9,17,-0.06603549314050432,-0.03838780144654971,0.019063948180654735,0.02544313710940423,0.001106498044762795,0.006548075895836608,3.0098137606080514e-05,0.019016322027287157,0.025490763262771807,74.60083415807208,True
P1_old_full_opt,15,0.176,0.419,winter_peak,8,37,5,9,17,-0.07267264828344346,-0.04223525103877246,0.019340461134092483,0.026351288735823476,0.0012943003299802705,0.0065220074556449886,3.310172923774196e-05,0.019281224987018484,0.026410524882897475,73.00583790935683,True
P1_old_full_opt,15,0.176,0.419,winter_peak,9,37,5,9,17,-0.08181619667138913,-0.04753252599218097,0.019729108273792914,0.027605278369381307,0.001560482028610359,0.006493504442232847,3.724049819344857e-05,0.01965255885702322,0.027681827786151,70.99444086150713,True
P1_old_full_opt,15,0.176,0.419,winter_peak,10,37,5,9,17,-0.08471252830129584,-0.049209895828422986,0.01985379190621513,0.02800368218864643,0.0016466115689310126,0.0064857902409540084,3.85503030613443e-05,0.019771453039974542,0.028086021054887018,70.39606287176187,True
P1_old_full_opt,15,0.176,0.419,winter_peak,11,37,5,9,17,-0.08427520940177016,-0.048956665741651376,0.019834873000388786,0.027943563058218077,0.0016335507022537596,0.006486909949974596,3.8352363576570334e-05,0.01975341876100071,0.028025017297606154,70.48494761388787,True
P1_old_full_opt,15,0.176,0.419,winter_peak,12,37,5,9,17,-0.08231036568405938,-0.047818819424597134,0.01975013306646686,0.027673534161664844,0.0015751154520913455,0.006492102374464533,3.7463095991986404e-05,0.019672611114536966,0.027751056113594737,70.88959437799454,True
P1_old_full_opt,15,0.176,0.419,winter_peak,13,37,5,9,17,-0.0779725773878893,-0.04530621910614421,0.019564457370881694,0.02707788062577903,0.0014474540856148355,0.006504544633728801,3.549971852570223e-05,0.019495379787683908,0.027146958208976814,71.81423287872185,True
P1_old_full_opt,15,0.176,0.419,winter_peak,14,37,5,9,17,-0.08047913147792629,-0.04675820379116045,0.019671524907278415,0.027422013430097425,0.001521016135758814,0.006497189041299617,3.663431712994096e-05,0.01959760588934672,0.02749593244802912,71.27456370642726,True
P1_old_full_opt,15,0.176,0.419,winter_peak,15,37,5,9,17,-0.08151406121299318,-0.04735763249124612,0.019715906138840413,0.02756414529510832,0.0015515476732484643,0.00649428376370525,3.710269931959939e-05,0.019639958278907244,0.02764009315504149,71.05604951741981,True
P1_old_full_opt,15,0.176,0.419,winter_peak,16,37,5,9,17,-0.08232045957695325,-0.047824665418808705,0.01975056689978873,0.02767492169241317,0.0015754146229399052,0.00649207490670951,3.7467662226007245e-05,0.019673024933522566,0.027752463658679335,70.88749011790887,True
P1_old_full_opt,15,0.176,0.419,winter_peak,17,37,5,9,17,-0.08378781840982719,-0.048674431025349324,0.019813814535325817,0.027876565556319264,0.0016190179242900823,0.006488173401961765,3.81317740268826e-05,0.01973334213199768,0.027957037959647404,70.58452387009085,True
P1_old_full_opt,15,0.176,0.419,winter_peak,18,37,5,9,17,-0.08262344048950124,-0.04800013263213285,0.01976360757639025,0.02771654973806621,0.0015843994553753626,0.006491257041308833,3.7604787547589494e-05,0.019685463673621378,0.02779469364083508,70.82453912965646,True
P1_old_full_opt,15,0.176,0.419,winter_peak,19,37,5,9,17,-0.07996806287486168,-0.04646217794553233,0.01964965019437625,0.027351843086639908,0.0015059801781454746,0.0064986536187282016,3.6403021441586574e-05,0.019576726009617997,0.02742476727139816,71.3833806350472,True
P1_old_full_opt,15,0.176,0.419,winter_peak,20,37,5,9,17,-0.07718817325774126,-0.04485179548055504,0.019531149152874485,0.026970356165625074,0.0014246695709164356,0.006506986785952205,3.514493777560293e-05,0.01946355434239163,0.02703795097610793,71.98605530275053,True
P1_old_full_opt,15,0.176,0.419,winter_peak,21,37,5,9,17,-0.07396394366004214,-0.04298360305612707,0.019394732529522715,0.026528298890427206,0.0013313662932770906,0.0065175000383813795,3.368582267986762e-05,0.019333144683181307,0.026589886736768615,72.70863871882293,True
P1_old_full_opt,15,0.176,0.419,winter_peak,22,37,5,9,17,-0.07084356485979229,-0.04117516708746426,0.019263753973224947,0.02610090092483851,0.0012420922226481085,0.006528657204888297,3.227376148186498e-05,0.019207799728336382,0.026156855169727076,73.4331386693869,True
P1_old_full_opt,15,0.176,0.419,winter_peak,23,37,5,9,17,-0.06972081575600587,-0.04052437021054106,0.019216875102987047,0.025947222873558603,0.0012102161850955223,0.006532933826316188,3.176569036528449e-05,0.019162904200189675,0.026001193776355975,73.70009379190637,True
P2_dev_run1,17,0.303,0.404,summer_peak,0,37,5,9,17,-0.0707503984786935,-0.04071098890338099,0.024375808242491557,0.02763347329478168,0.0012366590110225936,0.00648003612476063,5.69981464189849e-05,0.024262393146852062,0.027746888390421175,87.44185223748535,True
P2_dev_run1,17,0.303,0.404,summer_peak,1,37,5,9,17,-0.06283277416510966,-0.036165987027468,0.023884194249824818,0.026774333812779404,0.000997013204911655,0.0064321753228205394,5.081330510689514e-05,0.023800625582868055,0.026857902479736167,88.61684415164298,True
P2_dev_run1,17,0.303,0.404,summer_peak,2,37,5,9,17,-0.05981995795784669,-0.03443570611890704,0.023699091736409276,0.026448348978840425,0.0009076427731144962,0.006410877262512194,4.8461370611156024e-05,0.02362611623454362,0.02652132448070608,89.08347036638881,True
P2_dev_run1,17,0.303,0.404,summer_peak,3,37,5,9,17,-0.05794947280111169,-0.03336122272126134,0.023584746549574775,0.02624617383259751,0.0008526606262692291,0.0063966423828085385,4.700213524942414e-05,0.023518121172951354,0.02631279920922093,89.37901659930495,True
P2_dev_run1,17,0.303,0.404,summer_peak,4,37,5,9,17,-0.05681981450387637,-0.03271221173394523,0.023515895447672637,0.026124161256735338,0.0008196410269779297,0.0063876305594138,4.6121127725453655e-05,0.02345301866461661,0.026187038039791364,89.55964637535412,True
P2_dev_run1,17,0.303,0.404,summer_peak,5,37,5,9,17,-0.05670614923806423,-0.032646905086017995,0.023508976295048587,0.026111888181378804,0.0008163263818902269,0.006386705634161204,4.603249353591633e-05,0.023446473015054044,0.026174391461373347,89.57791072107634,True
P2_dev_run1,17,0.303,0.404,summer_peak,6,37,5,9,17,-0.05783535315692462,-0.03329566182689919,0.023577783996328837,0.02623384502222772,0.0008493185756759947,0.0063957465891378495,4.691312384968657e-05,0.02351154030594816,0.026300088712608395,89.39719011166913,True
P2_dev_run1,17,0.303,0.404,summer_peak,7,37,5,9,17,-0.06145235391417487,-0.035373272091259136,0.023799230501517072,0.02662493982869847,0.0009559410428912063,0.006422648297324646,4.973530645549114e-05,0.023720571129035372,0.026703599201180168,88.82911606906922,True
P2_dev_run1,17,0.303,0.404,summer_peak,8,37,5,9,17,-0.06758461659869008,-0.038894099850518046,0.02417832226214383,0.02728956054522725,0.001140005967224994,0.006462151860985936,5.4524316059973544e-05,0.02407718121740084,0.02739070158997024,87.90275465677475,True
P2_dev_run1,17,0.303,0.404,summer_peak,9,37,5,9,17,-0.07578781197600831,-0.04360095139372632,0.024692637738006173,0.028181695533159346,0.0013927509649499584,0.00650562144688144,6.093745823920588e-05,0.02455878438293235,0.02831554888823317,86.73250333189908,True
P2_dev_run1,17,0.303,0.404,summer_peak,10,37,5,9,17,-0.0809657639781642,-0.04657028166667284,0.02502147384107336,0.02874672456334459,0.0015561491527726554,0.0065287532939461235,6.498796012013744e-05,0.024865492434568398,0.028902705969849552,86.03171087339484,True
P2_dev_run1,17,0.303,0.404,summer_peak,11,37,5,9,17,-0.08294052272458885,-0.04770236844205683,0.025147759092850528,0.028962573587805834,0.0016192565450988267,0.006536855181476612,6.653339053894295e-05,0.02498304174285784,0.029127290937798523,85.77193737724957,True
P2_dev_run1,17,0.303,0.404,summer_peak,12,37,5,9,17,-0.08306503750389505,-0.04777374352633502,0.025155738119603706,0.028976189953487705,0.0016232503307904364,0.006537353846481516,6.663084840477699e-05,0.02499046446707822,0.02914146360601319,85.75569437741476,True
P2_dev_run1,17,0.303,0.404,summer_peak,13,37,5,9,17,-0.08153304565399883,-0.04689551495205611,0.02505769755811855,0.028808717536679903,0.0015742330030981619,0.0065311171372140694,6.543181385771912e-05,0.02489922374537364,0.028967191349424815,85.95663778728084,True
P2_dev_run1,17,0.303,0.404,summer_peak,14,37,5,9,17,-0.08529448027266004,-0.04905158712325151,0.025298930299621675,0.0292201217639763,0.0016950540461307603,0.006546049108294062,6.837608862019733e-05,0.025123586500852956,0.02939546556274502,85.46755773344131,True
P2_dev_run1,17,0.303,0.404,summer_peak,15,37,5,9,17,-0.08727764919579671,-0.05018807518001118,0.025426815943023245,0.029437331981807167,0.0017593958740625276,0.006553426076592739,6.992878938509361e-05,0.025242341516486518,0.029621806408343894,85.2154023576909,True
P2_dev_run1,17,0.303,0.404,summer_peak,16,37,5,9,17,-0.08843805631203737,-0.050852977523825844,0.025501871079234163,0.02956452166244929,0.0017972495265481878,0.006557596023960064,7.083745400319627e-05,0.025311978482949145,0.029754414258734308,85.06965811138056,True
P2_dev_run1,17,0.303,0.404,summer_peak,17,37,5,9,17,-0.0903680847089488,-0.05195872270055767,0.025627073544237267,0.029776223248979855,0.0018605454366932839,0.006564304296999788,7.234897633190208e-05,0.025428045936064625,0.029975250857152493,84.83013555830561,True
P2_dev_run1,17,0.303,0.404,summer_peak,18,37,5,9,17,-0.09038936402562346,-0.051970902615638324,0.025628470829559144,0.029778534845244176,0.001861245642686353,0.0065643815029434735,7.236584412470814e-05,0.025429339987213556,0.029977665687589763,84.82761884205301,True
P2_dev_run1,17,0.303,0.404,summer_peak,19,37,5,9,17,-0.0896348850504929,-0.051538681497478145,0.02557945607494598,0.029695777005759295,0.0018364503876061172,0.006561788490636091,7.17747336102645e-05,0.025383916913539514,0.02989131616716576,84.92070664129062,True
P2_dev_run1,17,0.303,0.404,summer_peak,20,37,5,9,17,-0.08862837682042973,-0.050962023212140876,0.02551419687641914,0.02958538897527517,0.001803472466504738,0.006558269969782927,7.098649451142878e-05,0.025323410319283965,0.029776175532410347,85.04587935317717,True
P2_dev_run1,17,0.303,0.404,summer_peak,21,37,5,9,17,-0.08517946877420286,-0.04898567253076247,0.025291527919631098,0.029207532337563638,0.0016913362011755986,0.006545610991106666,6.828604055219095e-05,0.025116708713975748,0.02938235154321899,85.48229598652497,True
P2_dev_run1,17,0.303,0.404,summer_peak,22,37,5,9,17,-0.08003985554090265,-0.04603941506387271,0.024962423952112248,0.02864559501892746,0.0015267104409632387,0.006524822654895736,6.426340719013504e-05,0.024810482844239954,0.028797536126799753,86.15488052518027,True
P2_dev_run1,17,0.303,0.404,summer_peak,23,37,5,9,17,-0.07517099491797952,-0.043247174129166704,0.024653644947818118,0.028114546589078335,0.001373486052423871,0.006502649724921621,6.045453873493009e-05,0.024522355714984765,0.02824583582191169,86.81759629843053,True
P2_dev_run1,17,0.303,0.404,winter_peak,0,37,5,9,17,-0.07202652173069278,-0.04144322757199913,0.024455766965182188,0.027772243613161003,0.0012759344952419094,0.006486831215609503,5.79957229905533e-05,0.024337278932023636,0.027890731646319555,87.25937792038943,True
P2_dev_run1,17,0.303,0.404,winter_peak,1,37,5,9,17,-0.0668574693867718,-0.03847671385549171,0.0241331258660335,0.02721065635874824,0.0011179627155038369,0.006457817415275743,5.395613553261499e-05,0.024034741564636777,0.027309040660144963,88.01020095778493,True
P2_dev_run1,17,0.303,0.404,winter_peak,2,37,5,9,17,-0.06433661874829301,-0.0370295127666763,0.023976956061411567,0.026937303020291643,0.001041996996422316,0.006442094663647321,5.1987097586829116e-05,0.02388794090834884,0.027026318173354373,88.38769955687229,True
P2_dev_run1,17,0.303,0.404,winter_peak,3,37,5,9,17,-0.06284245103312212,-0.03617156626353194,0.023884759487237856,0.026775432799367577,0.0009973018669443279,0.006432226149370657,5.082042476165818e-05,0.02380115834116117,0.026859033945444262,88.61509460655134,True
P2_dev_run1,17,0.303,0.404,winter_peak,4,37,5,9,17,-0.062050036698819803,-0.035716517550927675,0.02383597468203663,0.026689634277866994,0.0009736983252883885,0.0064268145111687595,5.020181701983056e-05,0.02375520195296201,0.026770407006941613,88.73679786341032,True
P2_dev_run1,17,0.303,0.404,winter_peak,5,37,5,9,17,-0.06236867030491,-0.03589949873775647,0.023855582068771468,0.026724130333520713,0.0009831810955810497,0.006429005806175185,5.0450551487361996e-05,0.023773675620385352,0.02680603678190683,88.68776766146864,True
P2_dev_run1,17,0.303,0.404,winter_peak,6,37,5,9,17,-0.0641324076218703,-0.03691226230145046,0.023964339084547637,0.0269151732863478,0.001035873869474839,0.006440770930040002,5.182762568419165e-05,0.023876070062853545,0.027003442308041893,88.41861637670918,True
P2_dev_run1,17,0.303,0.404,winter_peak,7,37,5,9,17,-0.06815583362857319,-0.03922197286209298,0.024213857394966697,0.027351587977797083,0.0011573633323906582,0.006465490046575862,5.4970492665211745e-05,0.024110535264650138,0.027454910108113642,87.81866401931815,True
P2_dev_run1,17,0.303,0.404,winter_peak,8,37,5,9,17,-0.07501951941019204,-0.04316027481616121,0.024644100121701512,0.02809802036917363,0.0013687615410914872,0.006501922339661922,6.0336284177539275e-05,0.024513435873271004,0.028228684617604142,86.83874649257935,True
P2_dev_run1,17,0.303,0.404,winter_peak,9,37,5,9,17,-0.08447991556526442,-0.048584679409315525,0.02524661599248033,0.029130844551110334,0.0016687545742457982,0.0065429492996211,6.773943912760209e-05,0.02507496743477085,0.029302493108819813,85.57281232573172,True
P2_dev_run1,17,0.303,0.404,winter_peak,10,37,5,9,17,-0.08747775687205374,-0.0503027391418149,0.025439747696657612,0.02945925927255254,0.001765912759282319,0.00655415294258144,7.00854875659348e-05,0.02525434283090855,0.029644664138301604,85.19018030728621,True
P2_dev_run1,17,0.303,0.404,winter_peak,11,37,5,9,17,-0.08702507584982377,-0.05004334459381774,0.025410501326410085,0.029409657590491585,0.0017511767882649604,0.00655250429224336,6.973101969116423e-05,0.025227198851987192,0.029592960064914478,85.24729799468979,True
P2_dev_run1,17,0.303,0.404,winter_peak,12,37,5,9,17,-0.08499136525732054,-0.048877866718428434,0.025279424490900468,0.02918694391900074,0.0016852587966522323,0.006544891935694851,6.81387643500822e-05,0.025105462107690553,0.029360906302210655,85.50642766023984,True
P2_dev_run1,17,0.303,0.404,winter_peak,13,37,5,9,17,-0.08050244259816856,-0.04630464511556425,0.024991909535910843,0.02869611864626628,0.001541406116853973,0.006526796104468437,6.462534890382923e-05,0.02483795464840528,0.028850073533771843,86.09321088672449,True
P2_dev_run1,17,0.303,0.404,winter_peak,14,37,5,9,17,-0.08309617447330875,-0.047791591594734346,0.025157734157026407,0.02897959433027431,0.0016242493146672102,0.006537478486740848,6.665522589056342e-05,0.024992321243321694,0.02914500724397902,85.7516384679739,True
P2_dev_run1,17,0.303,0.404,winter_peak,15,37,5,9,17,-0.08416722255470964,-0.04840551068518829,0.02522645164197922,0.029096753198508317,0.0016586786146916416,0.00654170712440474,6.749359723089176e-05,0.02505622544180814,0.029266979398679397,85.6126117440693,True
P2_dev_run1,17,0.303,0.404,winter_peak,16,37,5,9,17,-0.08500181229157017,-0.04888385431935455,0.025280096370273567,0.029188087679711622,0.0016855962240825348,0.006544931871776715,6.814694078248954e-05,0.02510608646195448,0.029362097588030708,85.5050848689667,True
P2_dev_run1,17,0.303,0.404,winter_peak,17,37,5,9,17,-0.08652057850867066,-0.04975424608539582,0.025377937914057347,0.02935438938248235,0.0017347812575207525,0.006550647811315289,6.933600650951937e-05,0.0251969683889522,0.029535358907587496,85.31119756421587,True
P2_dev_run1,17,0.303,0.404,winter_peak,18,37,5,9,17,-0.08531539629449174,-0.049063575714231984,0.02530027472051746,0.029222414572955394,0.0016957303366139376,0.006546127974177298,6.839243742648026e-05,0.025124835671995464,0.02939785362147739,85.46486418872378,True
P2_dev_run1,17,0.303,0.404,winter_peak,19,37,5,9,17,-0.08256729581834898,-0.047488420658321255,0.025123853738160264,0.028921764133532632,0.001607295796230486,0.006535351865799842,6.62412717009614e-05,0.024960800015651284,0.02908481785604161,85.82071972806366,True
P2_dev_run1,17,0.303,0.404,winter_peak,20,37,5,9,17,-0.0796908311809766,-0.045839296116947946,0.024940186778547806,0.028607494533989582,0.0015156383401629739,0.006523316466033989,6.399022537153371e-05,0.024789759902412178,0.02875792141012521,86.20150096690956,True
P2_dev_run1,17,0.303,0.404,winter_peak,21,37,5,9,17,-0.07635522731154572,-0.04392643004340584,0.024728476120410375,0.028243603664021077,0.0014105104187244408,0.006508286782073551,6.138070900881029e-05,0.024592256556589604,0.028379823227841848,86.65401598577797,True
P2_dev_run1,17,0.303,0.404,winter_peak,22,37,5,9,17,-0.07312771590573079,-0.04207502671507095,0.024524924680624546,0.02789206122307577,0.0013099717477739956,0.006492515706066929,5.885667452485437e-05,0.024402002260241393,0.028014983643458922,87.10339642100378,True
P2_dev_run1,17,0.303,0.404,winter_peak,23,37,5,9,17,-0.07196657718647824,-0.04140883383154441,0.02445200574662674,0.027765724394773143,0.0012740855177560406,0.0064865167582334494,5.79488482547059e-05,0.024333757666510768,0.027883972474889114,87.26790161776451,True
P3_dev_run0,31,1.045,0.405,summer_peak,0,15,5,3,9,-0.06083469103174759,-0.04746381293437377,0.01095981961287613,0.013416418190976182,0.0005867088988346455,0.004797747267790634,0.00010700434591060789,0.010925274502772506,0.013450963301079805,81.22298944861039,True
P3_dev_run0,31,1.045,0.405,summer_peak,1,15,5,3,9,-0.05404869491697412,-0.04214719998378059,0.010996443389429709,0.013165744619708642,0.00041267736212344475,0.005015570624510961,9.562555118641459e-05,0.01097699137880257,0.013185196630335782,83.25239043873874,True
P3_dev_run0,31,1.045,0.405,summer_peak,2,15,5,3,9,-0.051464527305940616,-0.0401235231536047,0.011011404066407621,0.013070907604583862,0.00034771187231390465,0.0051183187426500085,9.12970382390019e-05,0.010996830889668475,0.013085480781323008,84.03841687929665,True
P3_dev_run0,31,1.045,0.405,summer_peak,3,15,5,3,9,-0.04985961652420176,-0.03886696703691972,0.011020994715085095,0.013012176583250362,0.0003077262257534753,0.0051892586773459055,8.861110550291989e-05,0.011009175521398679,0.013023995776936777,84.52993773918453,True
P3_dev_run0,31,1.045,0.405,summer_peak,4,15,5,3,9,-0.04889014414920454,-0.03810802232337654,0.011026895030032877,0.012976762448924237,0.00028370619478579594,0.005235118324206283,8.698939274727089e-05,0.011016629247470227,0.012987028231486888,84.8279456324007,True
P3_dev_run0,31,1.045,0.405,summer_peak,5,15,5,3,9,-0.048792588097939966,-0.038031655372263176,0.011027493215042547,0.012973201437151855,0.0002812946887118555,0.005239867598902996,8.682623634951098e-05,0.011017378966041642,0.01298331568615276,84.85797643965577,True
P3_dev_run0,31,1.045,0.405,summer_peak,6,15,5,3,9,-0.04976168609501867,-0.038790299519542604,0.011021587035411172,0.013008597099994534,0.0003052952849266098,0.005193783595021147,8.84472609624535e-05,0.011009928622317726,0.013020255513087978,84.5600043044511,True
P3_dev_run0,31,1.045,0.405,summer_peak,7,15,5,3,9,-0.05286480908754779,-0.04122003085077741,0.01100321660384972,0.013122257101714656,0.0003828254550156072,0.005061001123167357,9.364171334398357e-05,0.01098606513394218,0.013139408571622196,83.61156496548335,True
P3_dev_run0,31,1.045,0.405,summer_peak,8,15,5,3,9,-0.058122268399824845,-0.04533829742382714,0.010973982919206674,0.013315940727328614,0.0005165489835312222,0.004877061250410879,0.000102453823675488,0.010945838265475282,0.013344085381060007,82.02763960886605,True
P3_dev_run0,31,1.045,0.405,summer_peak,9,15,5,3,9,-0.06514829911339971,-0.05084516619339727,0.010938639397341628,0.013576972237003115,0.0006999320940278357,0.004688492459386639,0.0001142479158986717,0.010893006829309469,0.013622604805035276,79.96273095497216,True
P3_dev_run0,31,1.045,0.405,summer_peak,10,15,5,3,9,-0.06957919125406371,-0.05431988096168335,0.010918512258130633,0.01374289091527596,0.0008183476783079633,0.004593430110020166,0.00012169247320309067,0.010860428846568827,0.013800974326837766,78.69320375047239,True
P3_dev_run0,31,1.045,0.405,summer_peak,11,15,5,3,9,-0.07126822802996564,-0.05564479469229805,0.010911292039118054,0.013806401352912091,0.0008640532318561496,0.004560988331323043,0.00012453183096855535,0.010848197338429235,0.01386949605360091,78.21623292226785,True
P3_dev_run0,31,1.045,0.405,summer_peak,12,15,5,3,9,-0.07137471224150813,-0.05572832969947493,0.010910845310291017,0.013810410172526443,0.0008669452013168883,0.004559006034535338,0.0001247108663138607,0.010847429937716436,0.013873825545101024,78.18629333671247,True
P3_dev_run0,31,1.045,0.405,summer_peak,13,15,5,3,9,-0.07006444018291823,-0.054700500085624965,0.01091640970261868,0.013761122803447122,0.0008314465343045523,0.004583909876791657,0.00012250801590407646,0.010856901214860395,0.013820631291205407,78.55575469818845,True
P3_dev_run0,31,1.045,0.405,summer_peak,14,15,5,3,9,-0.07328101885355504,-0.057223927624044414,0.01090301728071642,0.01388227448224092,0.0009189288005299755,0.004524705237879205,0.000127916556995788,0.010833767790247747,0.013951523972709594,77.65293462878712,True
P3_dev_run0,31,1.045,0.405,summer_peak,15,15,5,3,9,-0.07497627382155865,-0.058554157767289464,0.010896319371365358,0.013946339147880566,0.0009654931208421678,0.0044959715689123995,0.0001307679449025686,0.010821735748482754,0.01402092277076317,77.18276411199231,True
P3_dev_run0,31,1.045,0.405,summer_peak,16,15,5,3,9,-0.07596800892194448,-0.05933244285459822,0.010892517612378933,0.013983885437485579,0.0009928804069457636,0.004479880955259103,0.00013243633223898572,0.010814750991916129,0.014061652057948383,76.90953344136449,True
P3_dev_run0,31,1.045,0.405,summer_peak,17,15,5,3,9,-0.07761716149956581,-0.06062679940516934,0.010886385692828333,0.014046432449333669,0.0010386630041250497,0.004454220390589248,0.00013521114136849847,0.01080322565219435,0.014129592489967651,76.4581544716516,True
P3_dev_run0,31,1.045,0.405,summer_peak,18,15,5,3,9,-0.07763534172535058,-0.06064106644516918,0.010886328215023378,0.014047120641888433,0.0010391693849030464,0.0044539552954946104,0.00013524207983192904,0.01080310775263728,0.014130341104274531,76.45326940741198,True
P3_dev_run0,31,1.045,0.405,summer_peak,19,15,5,3,9,-0.07699071309339203,-0.06013510223862848,0.010888686981543008,0.014022656902126026,0.0010212366045775914,0.004463811499439262,0.00013415703380877054,0.010807590355136797,0.014103753528532237,76.62917770984001,True
P3_dev_run0,31,1.045,0.405,summer_peak,20,15,5,3,9,-0.07613065077253295,-0.059460085934376454,0.010891902322821877,0.013990047729226266,0.000997382204506757,0.004477290498319138,0.0001327099630563639,0.010813609346383247,0.014068340705664897,76.86485259792529,True
P3_dev_run0,31,1.045,0.405,summer_peak,21,15,5,3,9,-0.07318269094454159,-0.05714677808773011,0.010903413033151937,0.01387856322284085,0.0009162376944761996,0.004526421002533564,0.00012775117455224552,0.010834468760626922,0.013947507495365864,77.68032219539394,True
P3_dev_run0,31,1.045,0.405,summer_peak,22,15,5,3,9,-0.06878709634924997,-0.05369861650330432,0.010921981448343006,0.013713157600942803,0.0007970212467260382,0.004609315624135055,0.00012036108712579618,0.010866198863631861,0.013768940185653947,78.91819353644594,True
P3_dev_run0,31,1.045,0.405,summer_peak,23,15,5,3,9,-0.06462026851022236,-0.05043118632811658,0.010941126763998615,0.013557272327509386,0.0006859635296630486,0.00470086589406766,0.00011336016237715871,0.01089690856620255,0.01360149052530545,80.11554723306942,True
P3_dev_run0,31,1.045,0.405,winter_peak,0,15,5,3,9,-0.061927733093942276,-0.04832049946117066,0.010954294883982356,0.013457013302651524,0.0006152074330343109,0.004768249047655839,0.00010883900471811455,0.010917042469435777,0.013494265717198101,80.90134504704676,True
P3_dev_run0,31,1.045,0.405,winter_peak,1,15,5,3,9,-0.05749908632453465,-0.04485003796872502,0.01097732097616425,0.013292910125672618,0.0005005423029262551,0.00489662212929825,0.00010140853399662508,0.010950580229965572,0.013319650871871296,82.21371817703739,True
P3_dev_run0,31,1.045,0.405,winter_peak,2,15,5,3,9,-0.0553381737983621,-0.04315720122472554,0.0109891641994761,0.01321320114927424,0.0004453637480007926,0.004968860809378824,9.778561645769639e-05,0.010967087305578884,0.013235278043171454,82.8625380578022,True
P3_dev_run0,31,1.045,0.405,winter_peak,3,15,5,3,9,-0.054056993257196914,-0.04215370571216511,0.01099637717381295,0.013166054268645436,0.00041288713976831093,0.005015225662446712,9.563871403090718e-05,0.010976908870074723,0.013185522572383663,83.2497067129159,True
P3_dev_run0,31,1.045,0.405,winter_peak,4,15,5,3,9,-0.05337742603361608,-0.04162148028915943,0.011000260346958862,0.013141080333938635,0.00039573265262672164,0.005040992242769117,9.450027821258598e-05,0.010982126066084237,0.01315921461481326,83.45578659171433,True
P3_dev_run0,31,1.045,0.405,winter_peak,5,15,5,3,9,-0.053650692299362104,-0.04183549346225739,0.010998694079273856,0.013151119986493872,0.00040262479935055745,0.005030529274043556,9.495803537750704e-05,0.010980027585738657,0.013169786480029073,83.37285955538451,True
P3_dev_run0,31,1.045,0.405,winter_peak,6,15,5,3,9,-0.05516308778387363,-0.04302005621917944,0.010990141481755403,0.013206753169735234,0.0004409150490886173,0.004975033288046335,9.74921697944723e-05,0.010968428138319547,0.01322846651317109,82.91534115007732,True
P3_dev_run0,31,1.045,0.405,winter_peak,7,15,5,3,9,-0.058611770895800636,-0.04572184331658253,0.010971375374636046,0.01333404700600319,0.0005291515403518609,0.004862051162090601,0.00010327464834774333,0.010942110245507102,0.013363312135132133,81.88172314511988,True
P3_dev_run0,31,1.045,0.405,winter_peak,8,15,5,3,9,-0.0644905900877011,-0.0503295157030017,0.010941755906775343,0.013552432941550403,0.0006825376568958762,0.0047039648868160274,0.00011314272383809064,0.010897882410339359,0.013596306437986387,80.15325676900038,True
P3_dev_run0,31,1.045,0.405,winter_peak,9,15,5,3,9,-0.07258458278761994,-0.05667749203850008,0.010905886164452405,0.013855987656296058,0.0008998911699173792,0.004537041095040085,0.00012674710904757644,0.0108387871989427,0.013923086621805763,77.84758863718797,True
P3_dev_run0,31,1.045,0.405,winter_peak,10,15,5,3,9,-0.07514730547820134,-0.05868837351253655,0.010895658008685355,0.013952810583271004,0.0009702085090044849,0.004493160403663805,0.0001310556705725943,0.010820528710837912,0.014027939881118447,77.13555092577994,True
P3_dev_run0,31,1.045,0.405,winter_peak,11,15,5,3,9,-0.07476039341496256,-0.058384750071260524,0.010897158185034445,0.013938172786541969,0.0009595458445905844,0.004499542633190514,0.00013040479455405008,0.01082326136242009,0.014012069609156325,77.2424178891284,True
P3_dev_run0,31,1.045,0.405,winter_peak,12,15,5,3,9,-0.07302187053175921,-0.05702059750011108,0.010904061992673847,0.013872494360574956,0.0009118385430805723,0.004529239174844391,0.0001274806826864568,0.010835615926531816,0.013940940426716987,77.72514331792136,True
P3_dev_run0,31,1.045,0.405,winter_peak,13,15,5,3,9,-0.06918284196883859,-0.054009006985409266,0.010920239667586174,0.013728009329648391,0.0008076677421248396,0.004601320815071972,0.00012102618564289704,0.010863311569383529,0.013784937427851036,78.80566470643048,True
P3_dev_run0,31,1.045,0.405,winter_peak,14,15,5,3,9,-0.07140134009499625,-0.05574921881744792,0.01091073403208989,0.013811412657502003,0.0008676685729766618,0.004558511826563544,0.00012475564791383434,0.010847238376870606,0.013874908312721286,78.17881122086592,True
P3_dev_run0,31,1.045,0.405,winter_peak,15,15,5,3,9,-0.07231721672220881,-0.05646774249579215,0.010906934980793185,0.013845917798076356,0.0008925966796508317,0.004541771253050831,0.00012629567687286522,0.010840657133263012,0.013912195645606529,77.92197155225092,True
P3_dev_run0,31,1.045,0.405,winter_peak,16,15,5,3,9,-0.07303080240142898,-0.057027605491820246,0.010904025757668573,0.01387283141844667,0.0009120827945162327,0.004529082088944624,0.00012749570026444174,0.010835552057589034,0.013941305118526207,77.7226519717295,True
P3_dev_run0,31,1.045,0.405,winter_peak,17,15,5,3,9,-0.07432916608990223,-0.05804636289393435,0.010898846095442704,0.013921867333438535,0.0009476813670378993,0.004506751546057325,0.0001296794293342808,0.010826314623869425,0.013994398805011814,77.36177005326013,True
P3_dev_run0,31,1.045,0.405,winter_peak,18,15,5,3,9,-0.07329890063265958,-0.05723795840854617,0.010902944200205796,0.013882949746518684,0.0009194183162155802,0.0045243922850209855,0.00012794658633537466,0.010833639186534358,0.013952254760190122,77.64794560264131,True
P3_dev_run0,31,1.045,0.405,winter_peak,19,15,5,3,9,-0.07094903628842868,-0.055394399129803845,0.010912637006366884,0.01379438819439854,0.0008553918695324368,0.004566973892482027,0.0001239951790258437,0.010850500195228978,0.013856525005536448,78.30607017916543,True
P3_dev_run0,31,1.045,0.405,winter_peak,20,15,5,3,9,-0.06848848797720021,-0.05346442148266645,0.010923300052864201,0.013701957686861789,0.0007889993298883522,0.004615416835625737,0.00011985908491924027,0.010868376624794864,0.013756881114931126,79.00320235375733,True
P3_dev_run0,31,1.045,0.405,winter_peak,21,15,5,3,9,-0.0656340001315759,-0.05122599225655016,0.010936328097428567,0.013595116115151958,0.0007128077301717118,0.004677263578108239,0.00011506283046679507,0.010889381979052268,0.01364206223352826,79.82211041589669,True
P3_dev_run0,31,1.045,0.405,winter_peak,22,15,5,3,9,-0.06287078966795592,-0.04905970404215437,0.010949610713305231,0.013492087024696118,0.0006398998345531912,0.004743826617267467,0.0001104222314140044,0.010909965808593968,0.013531731929407381,80.62505129062048,True
P3_dev_run0,31,1.045,0.405,winter_peak,23,15,5,3,9,-0.06187639285773194,-0.04828025903312425,0.010954551594712814,0.013455105300635876,0.0006138659489426186,0.004769604607280255,0.00010875280258732073,0.010917427942831662,0.013492228952517027,80.9164147840448,True
P4_normal,15,0.176,0.412,summer,0,37,5,9,17,-0.062021304784804825,-0.036059907856306285,0.018898987775079628,0.02489474033090481,0.0009951109502474437,0.006566769249996055,2.8281864862232844e-05,0.018857978792161095,0.02493574931382334,75.62627677567731,True
P4_normal,15,0.176,0.412,summer,1,37,5,9,17,-0.05627120191900755,-0.03272407738971087,0.01866564439635346,0.024110292941546586,0.0008383919704249218,0.006598547032561307,2.5680521180750705e-05,0.01863355861974046,0.024142378718159586,77.18194978742726,True
P4_normal,15,0.176,0.412,summer,2,37,5,9,17,-0.053841308500102485,-0.03131399181294536,0.018568072306619346,0.023779325343632893,0.0007732240942933018,0.006614179851900568,2.4581350911161464e-05,0.018539546508166325,0.023807851142085914,77.87156597007348,True
P4_normal,15,0.176,0.412,summer,3,37,5,9,17,-0.05236623713223136,-0.03045785828265995,0.018509143165895997,0.02357848796706212,0.0007339362034068583,0.006624424260801401,2.3914153633107004e-05,0.01848271623885716,0.023604914894100954,78.3002875535727,True
P4_normal,15,0.176,0.412,summer,4,37,5,9,17,-0.051486748339192735,-0.029947354724202315,0.01847411590470694,0.023458784902638287,0.0007106163472008868,0.006627305345252832,2.3516367757516483e-05,0.01844891685812416,0.023483983949221066,78.55957020757582,True
P4_normal,15,0.176,0.412,summer,5,37,5,9,17,-0.05142338773623383,-0.029910454963287706,0.018471881897902522,0.023449690818377177,0.0007089393507507154,0.006627027477843812,2.348906403150843e-05,0.018446766834955917,0.023474805881323783,78.58112620062984,True
P4_normal,15,0.176,0.412,summer,6,37,5,9,17,-0.05234807519365902,-0.03044731649325779,0.018508418917835247,0.02357601586595074,0.0007334538439913614,0.006624554205188047,2.3905938502121417e-05,0.01848201752812185,0.023602417255664136,78.3056130561649,True
P4_normal,15,0.176,0.412,summer,7,37,5,9,17,-0.05533341609140489,-0.03217991325137639,0.018627913532038735,0.023982575086248636,0.0008131903925077816,0.006604411070356649,2.5256293084202547e-05,0.01859721555308327,0.0240132730652041,77.44556730182339,True
P4_normal,15,0.176,0.412,summer,8,37,5,9,17,-0.06012882176837839,-0.03496217503391561,0.018821818782571116,0.024636411171864027,0.0009431697336881872,0.006576516874992565,2.7425715265306615e-05,0.018783819839197934,0.02467441011523721,76.12672299549055,True
P4_normal,15,0.176,0.412,summer,9,37,5,9,17,-0.06645534638690032,-0.03863122421003429,0.019081338902458143,0.025500469737337148,0.001118243740060955,0.006546271942526271,3.0288300579002835e-05,0.019033002014061884,0.025548806625733406,74.49663811260508,True
P4_normal,15,0.176,0.412,summer,10,37,5,9,17,-0.07005910955910391,-0.040720464755528936,0.01923099022820485,0.025993514995413882,0.001219807026507251,0.006531630913676121,3.191879491456622e-05,0.01917642409422325,0.02604808112939548,73.61933494817971,True
P4_normal,15,0.176,0.412,summer,11,37,5,9,17,-0.0712026170724472,-0.04138328037280125,0.019278770179307507,0.02615006389763013,0.0012523135255598991,0.006527319088878536,3.243622634918308e-05,0.019222176835899694,0.026206657241037944,73.34844981983814,True
P4_normal,15,0.176,0.412,summer,12,37,5,9,17,-0.07072721269017712,-0.04110772757787512,0.01925888718982778,0.02608497665683397,0.0012387828251811325,0.00652909292923024,3.222109712622723e-05,0.019203139615497477,0.026140724231164272,73.46062582537024,True
P4_normal,15,0.176,0.412,summer,13,37,5,9,17,-0.06886239282593798,-0.040026751521118335,0.019181124823914625,0.025829756855345016,0.0011859322667887237,0.006536305356710328,3.137725112876447e-05,0.019128654526033236,0.025882227153226404,73.90652439911344,True
P4_normal,15,0.176,0.412,summer,14,37,5,9,17,-0.07190261346500364,-0.04178899213442084,0.01930809217670853,0.026245913229943907,0.0012722788909010074,0.006524753724418874,3.275300203559772e-05,0.019250245887817513,0.026303759518834922,73.18438976007704,True
P4_normal,15,0.176,0.412,summer,15,37,5,9,17,-0.07347412932991984,-0.04269975650167055,0.01937410148217516,0.02646118674806623,0.0013172861350298493,0.006519183279183866,3.346414916817765e-05,0.01931340978840329,0.0265218784418381,72.82067079357587,True
P4_normal,15,0.176,0.412,summer,16,37,5,9,17,-0.07433676489567158,-0.043199647841402226,0.01941044729378435,0.026579397023228802,0.0013421000128874608,0.006516233352960792,3.385452409318602e-05,0.019348174543579875,0.026641669773433276,72.62373082513628,True
P4_normal,15,0.176,0.412,summer,17,37,5,9,17,-0.07586253667758505,-0.044083745072394286,0.019474926353453676,0.026788555598573145,0.0013861777100052514,0.006511192303987321,3.454500679990241e-05,0.01940982408485429,0.026853657867172528,72.28000066457236,True
P4_normal,15,0.176,0.412,summer,18,37,5,9,17,-0.0757145254038289,-0.0439979853768689,0.01946866047252763,0.026768261591522093,0.0013818912833982247,0.006511671714398054,3.447802348225303e-05,0.019403834536145456,0.026833087527904267,72.31308926327252,True
P4_normal,15,0.176,0.412,summer,19,37,5,9,17,-0.07521185854531649,-0.04370672643142857,0.019447398517702053,0.02669934631852249,0.0013673509254431004,0.006513315165742446,3.42505424282829e-05,0.019383508075784275,0.026763236760440266,72.42587378084163,True
P4_normal,15,0.176,0.412,summer,20,37,5,9,17,-0.07459213353315737,-0.04334762616069852,0.019421221975683356,0.02661439713521717,0.0013494605102143328,0.00651537416184987,3.3970089091835256e-05,0.019358478587077687,0.026677140523822834,72.56579306088094,True
P4_normal,15,0.176,0.412,summer,21,37,5,9,17,-0.07229224461860792,-0.04201481121514982,0.019324432636567822,0.026299278864153723,0.0012834139009997095,0.006523348043852678,3.2929312115467283e-05,0.01926588510962823,0.02635782639109331,73.09360348521929,True
P4_normal,15,0.176,0.412,summer,22,37,5,9,17,-0.06849666425874455,-0.039814730638174686,0.019165922577168776,0.025779711247307026,0.0011756092223614636,0.006537770924220557,3.121178537449798e-05,0.019114087330351675,0.025831546494124127,73.99513356546242,True
P4_normal,15,0.176,0.412,summer,23,37,5,9,17,-0.06511210352518731,-0.037852375594284934,0.019025850347280195,0.02531693137034979,0.0010807292209965846,0.006552156930357534,2.9680314988557353e-05,0.018979773867071534,0.02536300785055845,74.832504010969,True
P4_normal,15,0.176,0.412,winter,0,37,5,9,17,-0.06515962725544133,-0.03787985456611785,0.019027995519622715,0.02532311852687763,0.0010820533189250664,0.006552000650219812,2.9702700553169008e-05,0.018981836110996457,0.02536927793550389,74.82213786002829,True
P4_normal,15,0.176,0.412,winter,1,37,5,9,17,-0.06025956910320394,-0.03503801441995109,0.018827108058338215,0.024654209184576722,0.0009467017729946556,0.006575801782797359,2.748472504302781e-05,0.018788906947349308,0.02469241029556563,76.09183033348309,True
P4_normal,15,0.176,0.412,winter,2,37,5,9,17,-0.057878265100734,-0.03365654804874927,0.01873050866434561,0.024329447902430346,0.000881876733576599,0.006588989413656684,2.6407496615053005e-05,0.018695995786750578,0.024363960780025378,76.73627435026229,True
P4_normal,15,0.176,0.412,winter,3,37,5,9,17,-0.05651997170657528,-0.03286844228231992,0.01867566364264376,0.024144275522524523,0.0008451339364610871,0.0065970351514476255,2.5793032346853493e-05,0.01864320399514584,0.024176735170022442,77.1121653276915,True
P4_normal,15,0.176,0.412,winter,4,37,5,9,17,-0.05596745792886795,-0.03254784039435852,0.018653409724392347,0.024068974771818682,0.0008302417722196309,0.006600427707528083,2.5543094963636827e-05,0.018621774144600492,0.024100610351610537,77.26681554086069,True
P4_normal,15,0.176,0.412,winter,5,37,5,9,17,-0.05647388712083789,-0.032841701775576694,0.01867380616751814,0.02413799440441642,0.0008438906092675461,0.006597315377687894,2.5772184781770448e-05,0.018641415503559015,0.024170385068375544,77.12502490475167,True
P4_normal,15,0.176,0.412,winter,6,37,5,9,17,-0.058267563389736536,-0.033882410961430715,0.018746262509416366,0.024382535520722764,0.0008924421738155316,0.006586757122722143,2.6583608201501402e-05,0.018711154086414408,0.024417643943724723,76.62964588040498,True
P4_normal,15,0.176,0.412,winter,7,37,5,9,17,-0.06210592047826709,-0.03610898345528304,0.018902451568208096,0.02490628642899778,0.000997441866201626,0.006566349759527042,2.832016763607353e-05,0.018861306260501517,0.02494743173670436,75.60420030231602,True
P4_normal,15,0.176,0.412,winter,8,37,5,9,17,-0.06820826376963515,-0.03964752174715869,0.019153974850623184,0.02574020115753667,0.001167478548199867,0.006538947293394472,3.108144889586219e-05,0.019102638007205023,0.02579153800095483,74.06552492719831,True
P4_normal,15,0.176,0.412,winter,9,37,5,9,17,-0.07554687171168371,-0.04390080580122149,0.019461655464759767,0.026745127903051277,0.0013770387522715269,0.0065122405762195554,3.440257451913814e-05,0.01939713998965263,0.026809643378158412,72.35135401112913,True
P4_normal,15,0.176,0.412,winter,10,37,5,9,17,-0.07606988102234871,-0.044203881754598454,0.019483707540414313,0.026816987033263087,0.0013921862470230723,0.006510523990079841,3.4638840010338146e-05,0.019418217510603804,0.026882477063073597,72.23373599480207,True
P4_normal,15,0.176,0.412,winter,11,37,5,9,17,-0.07409143304902734,-0.04305748276497466,0.0194001030085677,0.02654577440794831,0.0013350351614208195,0.006517064892742593,3.374350360268455e-05,0.01933828127494479,0.026607596141571217,72.67955050148636,True
P4_normal,15,0.176,0.412,winter,12,37,5,9,17,-0.07109582451077844,-0.04132138137952761,0.019274304000268278,0.02613543837113119,0.0012492720241636182,0.006527715979752213,3.238791154686181e-05,0.019217900959077692,0.026191841412321774,73.37361530463743,True
P4_normal,15,0.176,0.412,winter,13,37,5,9,17,-0.06670372860369692,-0.038775246407917345,0.019091533810459384,0.02553443321409783,0.001125141205751315,0.006545173103906717,3.0400324319171782e-05,0.0190427810927683,0.025583185931788908,74.43475235469522,True
P4_normal,15,0.176,0.412,winter,14,37,5,9,17,-0.0692671680457005,-0.040261398923602525,0.019197973664391004,0.025885140406907946,0.001197373493259081,0.006534704697227208,3.156041753138411e-05,0.01914479746494889,0.02593831660635006,73.80894356213533,True
P4_normal,15,0.176,0.412,winter,15,37,5,9,17,-0.0706302888751569,-0.04105154759035941,0.01925483654859802,0.026071707884858197,0.0012360270916038155,0.0065294577522433655,3.2177238041784255e-05,0.019199260893626512,0.0261272835398297,73.48357078284938,True
P4_normal,15,0.176,0.412,winter,16,37,5,9,17,-0.07206814164021298,-0.04188492903251712,0.019315030496849492,0.026268586713408253,0.0012770074952559995,0.006524154082476035,3.282789625836703e-05,0.019256886675305562,0.026326730534952183,73.14575826170106,True
P4_normal,15,0.176,0.412,winter,17,37,5,9,17,-0.07420916605827833,-0.04312570692850849,0.019405066750676398,0.02656190870671268,0.0013384247538022545,0.006516665212120968,3.3796783345106005e-05,0.019343028705258346,0.026623946752130728,72.65274711274847,True
P4_normal,15,0.176,0.412,winter,18,37,5,9,17,-0.07416991633349325,-0.04310290328161547,0.01940355253163186,0.02655629796391707,0.0013372945749399734,0.006516835752556974,3.377968615864901e-05,0.019341583455170286,0.026618267040378646,72.66281995679893,True
P4_normal,15,0.176,0.412,winter,19,37,5,9,17,-0.07301446859520165,-0.04243337353563613,0.019354766278047057,0.02639821086374291,0.001304095330246828,0.006520785729425556,3.325613646081166e-05,0.01929491153479274,0.02645806560699723,72.9263878221313,True
P4_normal,15,0.176,0.412,winter,20,37,5,9,17,-0.07115407003359701,-0.041355141962346194,0.01927673899465955,0.026143416418369196,0.0012509307407762155,0.00652749914751713,3.2414259295290654e-05,0.019220232202788505,0.026199923210240242,73.35987990711467,True
P4_normal,15,0.176,0.412,winter,21,37,5,9,17,-0.06862172889828123,-0.03988723520182953,0.019171116706839093,0.02579682891825413,0.0011791377425565963,0.006537267050992647,3.126835449312708e-05,0.01911906463681522,0.025848880988278002,73.96476716143097,True
P4_normal,15,0.176,0.412,winter,22,37,5,9,17,-0.06602595825914606,-0.03838227506903272,0.01906354905395357,0.025441842417448127,0.0011062315097500192,0.006548115827568316,3.0093798235114226e-05,0.01901593908806874,0.02548945238333296,74.60316840899603,True
P4_normal,15,0.176,0.412,winter,23,37,5,9,17,-0.06517863898600096,-0.03789095892778828,0.01902858865174898,0.02532603037263049,0.001082583086975536,0.006551857554584858,2.9710402955833694e-05,0.018982401126644677,0.025372217897734792,74.81569487994744,True
P4_normal,15,0.176,0.412,shoulder,0,37,5,9,17,-0.056916610378085424,-0.03309853424912266,0.01869175826798442,0.024198116944709937,0.0008558154253511252,0.006594670769532472,2.5972931597334853e-05,0.018658703323348916,0.02423117188934544,77.00289283801925,True
P4_normal,15,0.176,0.412,shoulder,1,37,5,9,17,-0.051985081977474965,-0.030236609319522715,0.018493942040144457,0.023526549746582116,0.000723784463032031,0.006627158615734292,2.3741708383722912e-05,0.018468051748740267,0.023552440037986306,78.41247751381285,True
P4_normal,15,0.176,0.412,shoulder,2,37,5,9,17,-0.04996107209884627,-0.029061684882142853,0.01841354482710247,0.023251208865485075,0.0006703484123067108,0.006617960547464179,2.2826354775261003e-05,0.018390432930980482,0.023274320761607063,79.01598125826743,True
P4_normal,15,0.176,0.412,shoulder,3,37,5,9,17,-0.048882830797120524,-0.028435691586206225,0.018370882971732092,0.023104568999912558,0.0006420317987214444,0.00661101978601669,2.2338728003533903e-05,0.018349212418561273,0.023126239553083378,79.34369258972242,True
P4_normal,15,0.176,0.412,shoulder,4,37,5,9,17,-0.048425847831766365,-0.02817036540853742,0.018352838553147555,0.023042434329237364,0.000630066018552769,0.006607989140621743,2.2132069145309986e-05,0.018331770229270582,0.023063502653114337,79.48389498762967,True
P4_normal,15,0.176,0.412,shoulder,5,37,5,9,17,-0.048820062907530076,-0.028399248871546802,0.01836840320723796,0.02309603415326244,0.0006403870182147796,0.0066106067139231565,2.231034241559425e-05,0.018346815679974024,0.023117621680526376,79.36290304217954,True
P4_normal,15,0.176,0.412,shoulder,6,37,5,9,17,-0.05032142104590668,-0.029270880580321235,0.018427829028680013,0.023300227617250868,0.0006798380390642747,0.006620216566540658,2.2989323571203922e-05,0.01840422915609907,0.023323827489831812,78.90741416314506,True
P4_normal,15,0.176,0.412,shoulder,7,37,5,9,17,-0.053266739660708155,-0.0309805223627429,0.01854509260486742,0.023701082182015096,0.0007578944671068587,0.006618098522279422,2.4321466440343686e-05,0.018517390147840443,0.023728784639042072,78.03766787689969,True
P4_normal,15,0.176,0.412,shoulder,8,37,5,9,17,-0.05701817015895976,-0.033157513302420935,0.018695762320709325,0.024212176442963473,0.0008585887468100309,0.006594038171806007,2.601842725761027e-05,0.01866255399693066,0.024245384766742137,76.97363509169979,True
P4_normal,15,0.176,0.412,shoulder,9,37,5,9,17,-0.06054931235996711,-0.0352060969221762,0.01883892508368588,0.024693808463458637,0.0009546789250197765,0.00657429223181283,2.7615904348484003e-05,0.018800263638117588,0.02473246990902693,76.01450120942353,True
P4_normal,15,0.176,0.412,shoulder,10,37,5,9,17,-0.06067090473857882,-0.03527663039539964,0.018843873825787016,0.024710409455964744,0.0009580103776646864,0.006573654655416536,2.7670895177102405e-05,0.018805020168599803,0.024749263113151957,75.98214170104589,True
P4_normal,15,0.176,0.412,shoulder,11,37,5,9,17,-0.05960642282090913,-0.0346591377877578,0.01880056533679493,0.024565158411301465,0.0009288963605682196,0.006579318438532274,2.718930746007057e-05,0.01876338496185461,0.024602338786241785,76.26667173751603,True
P4_normal,15,0.176,0.412,shoulder,12,37,5,9,17,-0.05769307510906688,-0.03354910255496701,0.01872301933122251,0.024304197516406244,0.0008768561535097072,0.006590062372654506,2.6323717078067957e-05,0.01868878866634672,0.024338428181282037,76.78716360459018,True
P4_normal,15,0.176,0.412,shoulder,13,37,5,9,17,-0.05500318284720757,-0.03198827634099419,0.018614648968237425,0.02393758452164333,0.0008043255675680878,0.006606524054012138,2.5106909615244363e-05,0.018584435925993025,0.02396779756388773,77.53918930788278,True
P4_normal,15,0.176,0.412,shoulder,14,37,5,9,17,-0.05785974058557872,-0.03364579995656974,0.01872976032542266,0.024326920437141887,0.0008813743682439951,0.006589096750035371,2.6399120772023132e-05,0.01869527569382726,0.024361405068737286,76.74136873910732,True
P4_normal,15,0.176,0.412,shoulder,15,37,5,9,17,-0.059559827325896514,-0.034632107102452576,0.01879867250083911,0.024558801130593173,0.0009276245969433369,0.006579571373167935,2.7168228162238e-05,0.018761564845118303,0.02459590878631398,76.27920971782873,True
P4_normal,15,0.176,0.412,shoulder,16,37,5,9,17,-0.061176544862386904,-0.035569928296419785,0.018864487619999315,0.024779421662174575,0.0009718803878509333,0.006571038215607781,2.7899660065850395e-05,0.01882483117801552,0.02481907810415837,75.84822892701027,True
P4_normal,15,0.176,0.412,shoulder,17,37,5,9,17,-0.06340655553595949,-0.03686331809122865,0.018955719678620628,0.025083913605904947,0.001033362807091917,0.006560030920142351,2.8908608114383368e-05,0.018912462482310734,0.02512717080221484,75.26697944300076,True
P4_normal,15,0.176,0.412,shoulder,18,37,5,9,17,-0.06405913107003966,-0.03724176629404313,0.018982515109400196,0.025173059195411917,0.0010514508955261556,0.006556964566458668,2.9203865996377647e-05,0.01893818586137572,0.025217388443436392,75.09971107378874,True
P4_normal,15,0.176,0.412,shoulder,19,37,5,9,17,-0.06454244158522726,-0.037522040435752,0.019002389676406214,0.02523909296505048,0.001064875427775419,0.006554736497385453,2.942254504064076e-05,0.018957261133210727,0.02528422150824597,74.97664552190454,True
P4_normal,15,0.176,0.412,shoulder,20,37,5,9,17,-0.0640212593484542,-0.037219803868108754,0.01898095879160262,0.02516788527833134,0.001050399975051991,0.00655714067563197,2.9186730617202966e-05,0.018936691985242556,0.025212152084691408,75.1093834498196,True
P4_normal,15,0.176,0.412,shoulder,21,37,5,9,17,-0.062040106073381215,-0.036070813308603816,0.01889975494544808,0.024897309766381197,0.0009956288066680016,0.006566675167710752,2.829036423166729e-05,0.018858715726956354,0.024938348984872922,75.62134822315485,True
P4_normal,15,0.176,0.412,shoulder,22,37,5,9,17,-0.05983951646435794,-0.03479435651233308,0.018810039211999578,0.024596959498338834,0.0009352616774495823,0.006578059964155742,2.7294764210613946e-05,0.018772494373693115,0.024634504336645296,76.20406774642471,True
P4_normal,15,0.176,0.412,shoulder,23,37,5,9,17,-0.05838817026779362,-0.03395238323505965,0.01875114637533393,0.02439898364853704,0.0008957185420044866,0.006586072017667615,2.663816907989779e-05,0.018715852814009587,0.024434277209861383,76.59671146914913,True
P4_normal,15,0.176,0.412,summer_peak,0,37,5,9,17,-0.06854475952057824,-0.03984261503982368,0.01916791573372976,0.025786300783301006,0.0011769659712084907,0.0065375757261297044,3.12335202802417e-05,0.019115997223389834,0.025838219293640934,73.9834158311927,True
P4_normal,15,0.176,0.412,summer_peak,1,37,5,9,17,-0.06088615576607967,-0.035401446900268155,0.01885271655819882,0.024739607830641972,0.000963882028955497,0.006572551281461841,2.7768616840792992e-05,0.018813522532170248,0.024778801856670547,75.92587664647546,True
P4_normal,15,0.176,0.412,summer_peak,2,37,5,9,17,-0.05797090607328967,-0.0337102965581885,0.018734257344311896,0.0243420785743644,0.0008843895828241563,0.0065884557022684725,2.6449411177247338e-05,0.018699603010176535,0.02437673290849976,76.71086638380608,True
P4_normal,15,0.176,0.412,summer_peak,3,37,5,9,17,-0.05616071342568719,-0.03265998036317637,0.018661190206719018,0.02409531122021981,0.0008354471487986084,0.0065992330378921655,2.563051746035285e-05,0.018629267122766906,0.02412723430417192,77.2126091532408,True
P4_normal,15,0.176,0.412,summer_peak,4,37,5,9,17,-0.05506736424547382,-0.03202552229414797,0.01861722462427883,0.02394633053407818,0.0008060475915245731,0.006606110748600991,2.5135935594682557e-05,0.01858691754024972,0.023976637618107286,77.52095117045428,True
P4_normal,15,0.176,0.412,summer_peak,5,37,5,9,17,-0.05495734803534447,-0.03196167817730338,0.0186128075738043,0.02393134244365913,0.0008030960475381051,0.00660681902575754,2.5086170187180978e-05,0.018582661670128245,0.023961488347335188,77.55220126881169,True
P4_normal,15,0.176,0.412,summer_peak,6,37,5,9,17,-0.05605026533372246,-0.03259589111573329,0.018656742995300776,0.024080259531171086,0.000832471741423646,0.0065999147018971985,2.5580553872130637e-05,0.018624984322558893,0.02411201820391297,77.2435727488642,True
P4_normal,15,0.176,0.412,summer_peak,7,37,5,9,17,-0.05955050915572783,-0.034626699889439734,0.018798297806967228,0.024557523530524136,0.0009273702989387525,0.00657962328342929,2.716403074262968e-05,0.01876120462398246,0.024594616713508908,76.28175239534279,True
P4_normal,15,0.176,0.412,summer_peak,8,37,5,9,17,-0.06548300076449966,-0.03806743123074781,0.019041173032249947,0.025367569403444222,0.0010910692501518299,0.0065505121899104195,2.9848285752667137e-05,0.018994475458087627,0.025414266977606542,74.73941890523291,True
P4_normal,15,0.176,0.412,summer_peak,9,37,5,9,17,-0.07341540801491642,-0.04266567607304494,0.019371750725400053,0.02645294257871341,0.00131559980409518,0.006519419197226797,3.343814531078289e-05,0.019311163481626255,0.026513529822487208,72.83512836999797,True
P4_normal,15,0.176,0.412,summer_peak,10,37,5,9,17,-0.07842036176480133,-0.04556563106981219,0.019583591674827146,0.027139380907299296,0.0014606115219455776,0.006503218979983065,3.570266358775512e-05,0.01951365128473881,0.02720932129738763,71.71678805017572,True
P4_normal,15,0.176,0.412,summer_peak,11,37,5,9,17,-0.08032872303918244,-0.04667108433887215,0.019665083350383604,0.02740136251322671,0.0015165882006582115,0.006497617756067346,3.65662419392223e-05,0.0195914576211919,0.027474988242418414,71.30651867193451,True
P4_normal,15,0.176,0.412,summer_peak,12,37,5,9,17,-0.08044904350823776,-0.046740776787124225,0.019670235060686193,0.027417884066605773,0.0015201301758066,0.006497274399275409,3.6620694176013714e-05,0.019596374771570873,0.027491744355721093,71.2809435371198,True
P4_normal,15,0.176,0.412,summer_peak,13,37,5,9,17,-0.078968593342811,-0.04588322558550396,0.0196069490779449,0.027214649801996497,0.0014766536752752468,0.006501576501311057,3.595068356891701e-05,0.019535956979191194,0.027285641900750203,71.59793803001594,True
P4_normal,15,0.176,0.412,summer_peak,14,37,5,9,17,-0.08260323187312173,-0.04798842690210443,0.019762742949849896,0.027713764024536576,0.0015837998698194772,0.006491312697352022,3.759566728618486e-05,0.019684639107477524,0.02779186786690895,70.8287733726437,True
P4_normal,15,0.176,0.412,summer_peak,15,37,5,9,17,-0.08451921293902323,-0.049097957622039334,0.019845425535222616,0.02797710709315678,0.0016408355945663616,0.006486283468311984,3.846280058109929e-05,0.01976347815638672,0.028059054471992674,70.43529630021483,True
P4_normal,15,0.176,0.412,summer_peak,16,37,5,9,17,-0.08564019926798266,-0.04974704205725188,0.019893984355063277,0.028131249235401716,0.0016743833358609655,0.006483454427816999,3.8970155823588754e-05,0.019809757879438807,0.028215475711026186,70.20883887382927,True
P4_normal,15,0.176,0.412,summer_peak,17,37,5,9,17,-0.08750448662854128,-0.050826406459222616,0.019975038557731743,0.028387715467716925,0.0017304668621953082,0.0064789234824479906,3.981394363906357e-05,0.019886972270709617,0.028475781754739048,69.83819598701606,True
P4_normal,15,0.176,0.412,summer_peak,18,37,5,9,17,-0.0875250399077796,-0.050838287537056985,0.019975976657028563,0.02839047386852264,0.0017310871957554874,0.006478884209761412,3.982344678283952e-05,0.01988786654080749,0.028478583984743715,69.8344642116393,True
P4_normal,15,0.176,0.412,summer_peak,19,37,5,9,17,-0.08679628709698999,-0.05041639765014882,0.019944204107432,0.028290273026534606,0.0017091191889831367,0.006480619761260512,3.949340529418226e-05,0.019857603758558967,0.02837687337540764,69.97812442497009,True
P4_normal,15,0.176,0.412,summer_peak,20,37,5,9,17,-0.08582404674968892,-0.0498534903204733,0.019901961051598457,0.028156534329529168,0.0016798978728569045,0.006482998103710085,3.905336538080332e-05,0.019817358658788496,0.02824113672233913,70.17195820985737,True
P4_normal,15,0.176,0.412,summer_peak,21,37,5,9,17,-0.08249210974385933,-0.047924073105855954,0.019757957543903193,0.027698498813136633,0.0015805036899320599,0.006491611667144737,3.754536684825281e-05,0.01968007466233848,0.02777638169470134,70.85182972587347,True
P4_normal,15,0.176,0.412,summer_peak,22,37,5,9,17,-0.07752549900816846,-0.04504721051178666,0.019545454937552696,0.027016542097739533,0.0014344279615202266,0.00650592158887382,3.529746368170831e-05,0.019477226477555523,0.027084770557736705,71.91209700682472,True
P4_normal,15,0.176,0.412,summer_peak,23,37,5,9,17,-0.07281908622843009,-0.04232012983828695,0.01934652384405369,0.02637136271907284,0.0012984319523744459,0.006521452808795005,3.316758217046068e-05,0.019287028992455556,0.02643085757067097,72.97163529743897,True
P4_normal,15,0.176,0.412,winter_peak,0,37,5,9,17,-0.06977878039367132,-0.04055796952985623,0.01921929437395936,0.025955151802187975,0.0012118586849367285,0.006532710067373073,3.179193134824069e-05,0.019165221598971157,0.02600922457717618,73.68624751615691,True
P4_normal,15,0.176,0.412,winter_peak,1,37,5,9,17,-0.06477965620957121,-0.03765958613124073,0.019012135963887938,0.025271432951424325,0.0010714244515819885,0.006553639904777651,2.9529798904979228e-05,0.018966617173337478,0.02531695174197478,74.91666993183611,True
P4_normal,15,0.176,0.412,winter_peak,2,37,5,9,17,-0.06234109764559585,-0.03624538732925799,0.01891206611361412,0.024938405931059723,0.0010039241717421862,0.006565184982555665,2.8426547092586452e-05,0.01887054146567751,0.02497993057899633,75.54280988092205,True
P4_normal,15,0.176,0.412,winter_peak,3,37,5,9,17,-0.0608955213508458,-0.035406921234275704,0.018853027658686978,0.024741064820955238,0.0009641685198986047,0.006572486644430028,2.7772517438052598e-05,0.01881381801527075,0.024780274464371466,75.9225570415729,True
P4_normal,15,0.176,0.412,winter_peak,4,37,5,9,17,-0.060128821768225926,-0.03496218111888971,0.018821804316066833,0.024636435001112914,0.0009431697304423392,0.006576512087891086,2.7425646893611465e-05,0.018783805619989654,0.024674433697190093,76.12659261204742,True
P4_normal,15,0.176,0.412,winter_peak,5,37,5,9,17,-0.06043711994748801,-0.03514101905952167,0.018834352100274378,0.024678504886356548,0.0009516063535499816,0.006574880250325528,2.7565126199839212e-05,0.018795867885964695,0.024716989100666234,76.04432647283103,True
P4_normal,15,0.176,0.412,winter_peak,6,37,5,9,17,-0.062143535621708254,-0.03613080267793919,0.0189039839776282,0.024911431804074447,0.000998478293115064,0.006566161232350239,2.833715877536748e-05,0.01886277815893239,0.02495263762277026,75.5943257145664,True
P4_normal,15,0.176,0.412,winter_peak,7,37,5,9,17,-0.06603549314038663,-0.03838780144706328,0.019063948180037656,0.02544313711417079,0.0011064980430919094,0.006548075896290325,3.0098137606194962e-05,0.01901632202685246,0.025490763267355984,74.60083414295079,True
P4_normal,15,0.176,0.412,winter_peak,8,37,5,9,17,-0.07267264828367213,-0.042235251038687166,0.019340461133358612,0.026351288734839794,0.001294300332010924,0.006522007456187013,3.3101729253280816e-05,0.01928122498609821,0.026410524882100196,73.00583790807623,True
P4_normal,15,0.176,0.412,winter_peak,9,37,5,9,17,-0.08181619667147866,-0.047532525992181544,0.01972910827352584,0.02760527836837918,0.0015604820298164013,0.006493504443525567,3.7240498194967386e-05,0.01965255885663194,0.02768182778527308,70.9944408623452,True
P4_normal,15,0.176,0.412,winter_peak,10,37,5,9,17,-0.08471252830146249,-0.04920989582859429,0.01985379190606737,0.028003682189429648,0.0016466115706157414,0.0064857902446970326,3.85503030785211e-05,0.01977145303966918,0.028086021055827838,70.39606286831652,True
P4_normal,15,0.176,0.412,winter_peak,11,37,5,9,17,-0.0842752094019252,-0.0489566657421695,0.019834873002005413,0.027943563059695274,0.0016335507042428907,0.006486909949696768,3.8352363594758876e-05,0.019753418762419546,0.02802501729928114,70.48494761473789,True
P4_normal,15,0.176,0.412,winter_peak,12,37,5,9,17,-0.08231036568411865,-0.04781881942505044,0.0197501330657498,0.027673534165523622,0.0015751154521398483,0.006492102373204869,3.746309600709973e-05,0.019672611113859092,0.02775105611741433,70.88959436579475,True
P4_normal,15,0.176,0.412,winter_peak,13,37,5,9,17,-0.07797257738821459,-0.04530621910675099,0.019564457371043755,0.027077880630881644,0.0014474540885089787,0.006504544625266701,3.5499718504738034e-05,0.019495379787616833,0.027146958214308566,71.81423286437023,True
P4_normal,15,0.176,0.412,winter_peak,14,37,5,9,17,-0.08047913147771661,-0.0467582037902667,0.019671524906338896,0.027422013422625808,0.001521016135289037,0.006497189039361998,3.66343171451666e-05,0.019597605888391295,0.02749593244057341,71.27456372227907,True
P4_normal,15,0.176,0.412,winter_peak,15,37,5,9,17,-0.0815140612131217,-0.047357632490527234,0.019715906137302106,0.02756414528949297,0.00155154767318888,0.006494283768881476,3.710269933341539e-05,0.019639958277336007,0.027640093149459068,71.05604952608624,True
P4_normal,15,0.176,0.412,winter_peak,16,37,5,9,17,-0.08232045957669798,-0.04782466541883763,0.01975056689857297,0.027674921693340668,0.0015754146205289032,0.006492074906132988,3.7467662226075136e-05,0.019673024932562438,0.0277524636593512,70.88749011273313,True
P4_normal,15,0.176,0.412,winter_peak,17,37,5,9,17,-0.08378781840984727,-0.04867443102518026,0.019813814535602,0.02787656555408032,0.0016190179232797516,0.006488173402873731,3.813177402105354e-05,0.019733342132348702,0.027957037957333616,70.58452387718815,True
P4_normal,15,0.176,0.412,winter_peak,18,37,5,9,17,-0.08262344048938315,-0.04800013263233781,0.019763607574122856,0.02771654974039249,0.0015843994528324384,0.0064912570449057565,3.760478756210873e-05,0.01968546367164667,0.027794693642868677,70.82453911736997,True
P4_normal,15,0.176,0.412,winter_peak,19,37,5,9,17,-0.07996806287500731,-0.04646217794590317,0.01964965019481783,0.02735184308961673,0.0015059801798906272,0.006498653617143113,3.640302144137414e-05,0.019576726009915696,0.027424767274518865,71.38338062800989,True
P4_normal,15,0.176,0.412,winter_peak,20,37,5,9,17,-0.07718817325776202,-0.044851795480969694,0.0195311491539473,0.026970356168153426,0.0014246695711205778,0.006506986786307833,3.51449377763332e-05,0.01946355434345824,0.027037950978642488,71.98605529994735,True
P4_normal,15,0.176,0.412,winter_peak,21,37,5,9,17,-0.07396394366012182,-0.04298360305618989,0.01939473252740716,0.026528298891654832,0.0013313662929683515,0.0065175000348949045,3.368582268683783e-05,0.01933314468112245,0.026589886737939546,72.70863870787807,True
P4_normal,15,0.176,0.412,winter_peak,22,37,5,9,17,-0.07084356485990555,-0.041175167087682,0.019263753974002186,0.026100900925003005,0.001242092223229102,0.006528657197124909,3.227376147069739e-05,0.019207799729056764,0.026156855169948427,73.43313867151957,True
P4_normal,15,0.176,0.412,winter_peak,23,37,5,9,17,-0.06972081575616286,-0.040524370210588884,0.01921687510339875,0.02594722287354589,0.001210216187894457,0.006532933825095493,3.1765690369719594e-05,0.019162904200350356,0.026001193776594284,73.70009379184886,True
