point_id,scenario,t,p_t,q_star_t,gain_t_won,s_utilization
P1_old_full_opt,summer,0,0.17599998761503122,0.0,0.0,0.9999999296308593
P1_old_full_opt,summer,1,0.0028706689148419247,0.0,0.0,0.01631061883432912
P1_old_full_opt,summer,2,-5.9160430456156623e-08,0.0,0.0,3.3613880940998085e-07
P1_old_full_opt,summer,3,-0.045499708219304505,0.02,20.369138235327757,0.28239399157670414
P1_old_full_opt,summer,4,-0.17599997087733668,0.0,0.0,0.9999998345303222
P1_old_full_opt,summer,5,-0.17599997223852823,0.0,0.0,0.999999842264365
P1_old_full_opt,summer,6,-1.2624143019503819e-05,0.0,0.0,7.172808533808988e-05
P1_old_full_opt,summer,7,-1.1721210181127646e-05,0.0,0.0,6.659778512004345e-05
P1_old_full_opt,summer,8,-1.1672549361017636e-05,0.0,0.0,6.63213031876002e-05
P1_old_full_opt,summer,9,-2.461317826322529e-08,0.0,0.0,1.3984760376832552e-07
P1_old_full_opt,summer,10,-5.540870208220145e-10,0.0,0.0,3.1482217092159917e-09
P1_old_full_opt,summer,11,1.0129662645756929e-08,0.0,0.0,5.755490139634619e-08
P1_old_full_opt,summer,12,9.333048131437726e-09,0.0,0.0,5.302868256498708e-08
P1_old_full_opt,summer,13,-8.655165485873458e-10,0.0,0.0,4.917707662428101e-09
P1_old_full_opt,summer,14,2.014248676658069e-08,0.0,0.0,1.144459475373903e-07
P1_old_full_opt,summer,15,0.0027545139730307477,0.0,0.0,0.01565064757403834
P1_old_full_opt,summer,16,0.17599962759417004,0.0,0.0,0.9999978840577843
P1_old_full_opt,summer,17,3.4085730801497414e-08,0.0,0.0,1.9366892500850805e-07
P1_old_full_opt,summer,18,1.4378585910382334e-08,0.0,0.0,8.169651085444508e-08
P1_old_full_opt,summer,19,8.370430419085813e-09,0.0,0.0,4.7559263744805756e-08
P1_old_full_opt,summer,20,7.117236371415564e-09,0.0,0.0,4.043884301940662e-08
P1_old_full_opt,summer,21,-1.3662133740358087e-09,0.0,0.0,7.762575988839823e-09
P1_old_full_opt,summer,22,-9.614729136728814e-09,0.0,0.0,5.462914282232281e-08
P1_old_full_opt,summer,23,-2.241422574237866e-08,0.0,0.0,1.273535553544242e-07
P1_old_full_opt,winter,0,0.175999998099898,0.0,0.0,0.9999999892039659
P1_old_full_opt,winter,1,7.363496740957917e-09,0.0,0.0,4.1838049664533624e-08
P1_old_full_opt,winter,2,-2.634469117427381e-09,0.0,0.0,1.4968574530837394e-08
P1_old_full_opt,winter,3,-0.17599998702915368,0.0,0.0,0.9999999263020096
P1_old_full_opt,winter,4,-0.17599999401816907,0.0,0.0,0.9999999660123243
P1_old_full_opt,winter,5,-0.042318781876995185,0.02,26.77196700993851,0.2659478955971322
P1_old_full_opt,winter,6,-1.1718891293711964e-05,0.0,0.0,6.658460962336344e-05
P1_old_full_opt,winter,7,-1.171734742942125e-05,0.0,0.0,6.657583766716619e-05
P1_old_full_opt,winter,8,-7.753232851482092e-09,0.0,0.0,4.405245938342098e-08
P1_old_full_opt,winter,9,0.005712286448699409,0.0,0.0,0.032456173003973916
P1_old_full_opt,winter,10,0.17599999810640526,0.0,0.0,0.999999989240939
P1_old_full_opt,winter,11,0.17599998852931695,0.0,0.0,0.9999999348256645
P1_old_full_opt,winter,12,2.3656242683611626e-09,0.0,0.0,1.3441046979324789e-08
P1_old_full_opt,winter,13,-7.922346358179999e-10,0.0,0.0,4.501333158056817e-09
P1_old_full_opt,winter,14,4.751326789277627e-11,0.0,0.0,2.699617493907743e-10
P1_old_full_opt,winter,15,3.5468219099033113e-10,0.0,0.0,2.0152397215359724e-09
P1_old_full_opt,winter,16,8.14284106183491e-10,0.0,0.0,4.626614239678927e-09
P1_old_full_opt,winter,17,5.817076903927689e-10,0.0,0.0,3.3051573317770963e-09
P1_old_full_opt,winter,18,-1.2937093204333934e-11,0.0,0.0,7.350621138826099e-11
P1_old_full_opt,winter,19,-4.970358450198976e-10,0.0,0.0,2.8240673012494184e-09
P1_old_full_opt,winter,20,-1.1921095262692406e-09,0.0,0.0,6.773349581075231e-09
P1_old_full_opt,winter,21,-4.286590131632641e-09,0.0,0.0,2.4355625747912734e-08
P1_old_full_opt,winter,22,-0.022747518823577784,0.02,25.37150520633484,0.1720990381149769
P1_old_full_opt,winter,23,-0.17599999450681308,0.0,0.0,0.9999999687887108
P1_old_full_opt,shoulder,0,0.17599999979185954,0.0,0.0,0.9999999988173838
P1_old_full_opt,shoulder,1,0.0028706448640799143,0.0,0.0,0.01631048218227224
P1_old_full_opt,shoulder,2,-7.893841344753554e-10,0.0,0.0,4.485137127700883e-09
P1_old_full_opt,shoulder,3,-0.17599998761309288,0.0,0.0,0.999999929619846
P1_old_full_opt,shoulder,4,-0.1759999994167789,0.0,0.0,0.9999999966862438
P1_old_full_opt,shoulder,5,-0.045507910870308456,0.02,19.6020085695777,0.28243665821204345
P1_old_full_opt,shoulder,6,-1.1716838487365944e-05,0.0,0.0,6.657294595094287e-05
P1_old_full_opt,shoulder,7,-1.1716844852576674e-05,0.0,0.0,6.657298211691293e-05
P1_old_full_opt,shoulder,8,-7.556489866174774e-10,0.0,0.0,4.2934601512356674e-09
P1_old_full_opt,shoulder,9,2.852377712009122e-10,0.0,0.0,1.6206691545506377e-09
P1_old_full_opt,shoulder,10,0.17599999835662172,0.0,0.0,0.9999999906626235
P1_old_full_opt,shoulder,11,0.002773503454756626,0.0,0.0,0.01575854235657174
P1_old_full_opt,shoulder,12,1.6038804807852814e-10,0.0,0.0,9.112957277189099e-10
P1_old_full_opt,shoulder,13,-1.761212645414315e-10,0.0,0.0,1.0006890030763154e-09
P1_old_full_opt,shoulder,14,2.7104355737490998e-11,0.0,0.0,1.540020212357443e-10
P1_old_full_opt,shoulder,15,1.5546635644600826e-10,0.0,0.0,8.833315707159561e-10
P1_old_full_opt,shoulder,16,4.171560192862756e-10,0.0,0.0,2.370204655035657e-09
P1_old_full_opt,shoulder,17,4.871338027631767e-10,0.0,0.0,2.7678056975180496e-09
P1_old_full_opt,shoulder,18,3.7128726284382e-10,0.0,0.0,2.109586720703523e-09
P1_old_full_opt,shoulder,19,5.575356051933014e-10,0.0,0.0,3.167815938598304e-09
P1_old_full_opt,shoulder,20,3.120726984447912e-10,0.0,0.0,1.7731403320726772e-09
P1_old_full_opt,shoulder,21,5.299708294844863e-11,0.0,0.0,3.0111978947982177e-10
P1_old_full_opt,shoulder,22,-7.679277237786972e-11,0.0,0.0,4.363225703288053e-10
P1_old_full_opt,shoulder,23,-2.3046420832297717e-10,0.0,0.0,1.3094557291078249e-09
P1_old_full_opt,summer_peak,0,0.0002696991385490177,0.0,0.0,0.0015323814690285098
P1_old_full_opt,summer_peak,1,-0.010465376632857099,0.0,0.0,0.059462367232142606
P1_old_full_opt,summer_peak,2,-0.011729203695107923,0.0,0.0,0.0666432028131132
P1_old_full_opt,summer_peak,3,-0.012444037212542863,0.0,0.0,0.07070475688944809
P1_old_full_opt,summer_peak,4,-0.013441669247401047,0.02,0.15181959167964026,0.13691631279580468
P1_old_full_opt,summer_peak,5,-0.014622255538544307,0.02,1.8142050485811723,0.14076816140674178
P1_old_full_opt,summer_peak,6,-0.016135713269145327,0.02,4.733251130030575,0.14600849359175
P1_old_full_opt,summer_peak,7,-0.01666670570130803,0.02,8.36052391502882,0.1479215373621661
P1_old_full_opt,summer_peak,8,-0.016178371163987224,0.02,12.96247854356337,0.14616080462408232
P1_old_full_opt,summer_peak,9,-0.010759891862790277,0.02,9.287109101333535,0.12903799042621295
P1_old_full_opt,summer_peak,10,-0.007102303282141426,0.02,3.9084396032923814,0.12058883914902234
P1_old_full_opt,summer_peak,11,-0.01062933763001965,0.02,15.16942399814,0.12868820460636096
P1_old_full_opt,summer_peak,12,-0.022889896176040328,0.02,36.550330422066715,0.17270739895292042
P1_old_full_opt,summer_peak,13,-0.048253407141609916,0.05,71.26194914325242,0.3948103794118241
P1_old_full_opt,summer_peak,14,-0.0573466688435338,0.05,94.39997265432005,0.43229042760555186
P1_old_full_opt,summer_peak,15,-0.05840792411768545,0.05,102.53992125740318,0.43685332962344425
P1_old_full_opt,summer_peak,16,-0.01226794432400527,0.02,25.17296674034481,0.1333112999592546
P1_old_full_opt,summer_peak,17,0.1382334817796707,0.1,218.27800716177356,0.9693870453552399
P1_old_full_opt,summer_peak,18,0.13993396353319754,0.1,218.04066884837292,0.9772316678430323
P1_old_full_opt,summer_peak,19,0.07956685958987308,0.1,138.44814626928328,0.7260929072080313
P1_old_full_opt,summer_peak,20,-0.0009275312019103085,0.0,0.0,0.005270063647217662
P1_old_full_opt,summer_peak,21,-0.0846151512491011,0.1,127.39690503964576,0.7442905056640697
P1_old_full_opt,summer_peak,22,-0.06754845401648546,0.05,88.64128465598743,0.4775024352524755
P1_old_full_opt,summer_peak,23,-0.06224218341000218,0.05,71.30338796832261,0.4536244004774875
P1_old_full_opt,winter_peak,0,-0.002060669446547661,0.0,0.0,0.01170834912811171
P1_old_full_opt,winter_peak,1,-0.010588933487705315,0.02,2.2950977016627987,0.128580626628324
P1_old_full_opt,winter_peak,2,-0.01299374392031967,0.02,5.508952431894793,0.13551313619324365
P1_old_full_opt,winter_peak,3,-0.015129087301925276,0.02,8.248961403595533,0.14248673303804194
P1_old_full_opt,winter_peak,4,-0.018537028260189492,0.02,12.988110307802645,0.15493990194705282
P1_old_full_opt,winter_peak,5,-0.023889645598126244,0.02,19.880988203181825,0.17702444432058428
P1_old_full_opt,winter_peak,6,-0.03277367609012319,0.02,29.259413021348383,0.21814880820216642
P1_old_full_opt,winter_peak,7,-0.046944491485539405,0.05,45.771624811320144,0.38968265594074686
P1_old_full_opt,winter_peak,8,-0.06861727519714234,0.05,95.87731992765517,0.482397086542949
P1_old_full_opt,winter_peak,9,-0.03434185612473798,0.05,69.9788922606187,0.3446463277548423
P1_old_full_opt,winter_peak,10,0.1759992044884622,0.0,0.0,0.9999954800480808
P1_old_full_opt,winter_peak,11,0.14802349361025804,0.05,188.14269033147454,0.8877275829395468
P1_old_full_opt,winter_peak,12,-0.01829644818844795,0.02,41.09010876239047,0.15401396077432783
P1_old_full_opt,winter_peak,13,-0.11160975240074117,0.1,182.55984356377354,0.8514529548153421
P1_old_full_opt,winter_peak,14,-0.08278449261301055,0.1,147.33034981495194,0.7376145077005679
P1_old_full_opt,winter_peak,15,-0.037522964052324484,0.05,76.91233068110147,0.35519193824329415
P1_old_full_opt,winter_peak,16,0.004441401521689273,0.0,0.0,0.02523523591868905
P1_old_full_opt,winter_peak,17,0.11177795289424387,0.1,215.3779465093556,0.8521649695746804
P1_old_full_opt,winter_peak,18,0.028924031844617393,0.05,56.10919264712942,0.32820060709741283
P1_old_full_opt,winter_peak,19,-0.04764062608142491,0.05,91.34427880946244,0.3924005824631896
P1_old_full_opt,winter_peak,20,-0.03802278517821876,0.05,63.79412505674733,0.3569037694431407
P1_old_full_opt,winter_peak,21,-0.02982997133690081,0.02,45.2375945007047,0.20405775111862584
P1_old_full_opt,winter_peak,22,-0.026386872567156536,0.02,37.21708980096111,0.18812456617314946
P1_old_full_opt,winter_peak,23,-0.023332604102832083,0.02,31.794411048031296,0.174609438569515
P2_dev_run1,summer,0,0.17246777435432534,0.1,115.80658629402012,0.6579597847388962
P2_dev_run1,summer,1,-6.022459722717863e-09,0.0,0.0,1.9876104695438493e-08
P2_dev_run1,summer,2,-5.976299831207895e-07,0.0,0.0,1.972376181916797e-06
P2_dev_run1,summer,3,-6.051652505359134e-07,0.0,0.0,1.997245051273642e-06
P2_dev_run1,summer,4,-0.0802666913456109,0.05,33.441584640500075,0.31209924344257306
P2_dev_run1,summer,5,-0.30299801852951663,0.0,0.0,0.9999934604934543
P2_dev_run1,summer,6,-1.130319812773506e-05,0.0,0.0,3.730428424995069e-05
P2_dev_run1,summer,7,-1.1299146930335926e-05,0.0,0.0,3.729091396150471e-05
P2_dev_run1,summer,8,-1.1287920264043684e-05,0.0,0.0,3.7253862257569914e-05
P2_dev_run1,summer,9,-6.795635632462809e-09,0.0,0.0,2.2427840371164387e-08
P2_dev_run1,summer,10,-3.7495649635073167e-10,0.0,0.0,1.2374801859760122e-09
P2_dev_run1,summer,11,3.1193693528146007e-09,0.0,0.0,1.0294948359124095e-08
P2_dev_run1,summer,12,3.0453258128296252e-09,0.0,0.0,1.00505802403618e-08
P2_dev_run1,summer,13,-4.92700433270648e-10,0.0,0.0,1.626074037196858e-09
P2_dev_run1,summer,14,6.873636414016695e-09,0.0,0.0,2.2685268693124408e-08
P2_dev_run1,summer,15,7.95584420628948e-08,0.0,0.0,2.6256911571912475e-07
P2_dev_run1,summer,16,0.17235474956241761,0.1,183.14249547519597,0.6576371127657507
P2_dev_run1,summer,17,1.1046504958128998e-08,0.0,0.0,3.6457112073032997e-08
P2_dev_run1,summer,18,4.773681767890331e-09,0.0,0.0,1.575472530656875e-08
P2_dev_run1,summer,19,2.688022263396169e-09,0.0,0.0,8.871360605267884e-09
P2_dev_run1,summer,20,2.2468652022662965e-09,0.0,0.0,7.415396707149494e-09
P2_dev_run1,summer,21,-8.65101791328458e-10,0.0,0.0,2.855121423526264e-09
P2_dev_run1,summer,22,-4.09514566002744e-09,0.0,0.0,1.3515332211311682e-08
P2_dev_run1,summer,23,-9.337191626567312e-09,0.0,0.0,3.081581394906704e-08
P2_dev_run1,winter,0,0.17246777287990384,0.1,148.8555992460926,0.6579597805292556
P2_dev_run1,winter,1,-8.701584199865562e-10,0.0,0.0,2.8718099669523307e-09
P2_dev_run1,winter,2,-5.955304817110398e-07,0.0,0.0,1.9654471343598674e-06
P2_dev_run1,winter,3,-0.08026473250038779,0.05,51.60649545325503,0.3120937561763791
P2_dev_run1,winter,4,-0.30299999295626034,0.0,0.0,0.9999999767533345
P2_dev_run1,winter,5,-1.1303627266866338e-05,0.0,0.0,3.7305700550713986e-05
P2_dev_run1,winter,6,-1.1298538648837908e-05,0.0,0.0,3.728890643180828e-05
P2_dev_run1,winter,7,-1.1297951955285844e-05,0.0,0.0,3.7286970149458234e-05
P2_dev_run1,winter,8,-1.6033962919821424e-08,0.0,0.0,5.291736937234793e-08
P2_dev_run1,winter,9,3.5380366831027508e-09,0.0,0.0,1.167668872311139e-08
P2_dev_run1,winter,10,0.3029999979418378,0.0,0.0,0.9999999932073855
P2_dev_run1,winter,11,0.041909770783823685,0.05,64.52697235012846,0.21531786380597695
P2_dev_run1,winter,12,9.265765438894402e-10,0.0,0.0,3.05800839567472e-09
P2_dev_run1,winter,13,-8.903311636512496e-10,0.0,0.0,2.9383866787169956e-09
P2_dev_run1,winter,14,-1.5202647852827247e-10,0.0,0.0,5.01737552898589e-10
P2_dev_run1,winter,15,9.826429252087594e-11,0.0,0.0,3.2430459577846847e-10
P2_dev_run1,winter,16,6.057695139037159e-10,0.0,0.0,1.999239319814244e-09
P2_dev_run1,winter,17,9.040338966399379e-10,0.0,0.0,2.9836102199337887e-09
P2_dev_run1,winter,18,2.864157070386801e-10,0.0,0.0,9.452663598636307e-10
P2_dev_run1,winter,19,-1.5954421091744369e-10,0.0,0.0,5.265485508826524e-10
P2_dev_run1,winter,20,-8.918424212874538e-10,0.0,0.0,2.9433743276813656e-09
P2_dev_run1,winter,21,-5.998262321060347e-09,0.0,0.0,1.9796245284027547e-08
P2_dev_run1,winter,22,-5.949404327350662e-07,0.0,0.0,1.963499778003519e-06
P2_dev_run1,winter,23,-0.19163124224497646,0.1,165.10741249638943,0.7133793951051384
P2_dev_run1,shoulder,0,0.17246777438355637,0.1,104.22256361436277,0.6579597848223541
P2_dev_run1,shoulder,1,-2.077338480316597e-09,0.0,0.0,6.8559025753023e-09
P2_dev_run1,shoulder,2,-5.942217706773095e-07,0.0,0.0,1.9611279560307244e-06
P2_dev_run1,shoulder,3,-0.08026470732592479,0.05,32.67782738703436,0.3120936856560027
P2_dev_run1,shoulder,4,-0.3029999964288179,0.0,0.0,0.9999999882139206
P2_dev_run1,shoulder,5,-1.1328389321589697e-05,0.0,0.0,3.738742350359636e-05
P2_dev_run1,shoulder,6,-1.1297439360900162e-05,0.0,0.0,3.728527841881242e-05
P2_dev_run1,shoulder,7,-1.1297929918741273e-05,0.0,0.0,3.728689742158836e-05
P2_dev_run1,shoulder,8,-4.635002871580058e-09,0.0,0.0,1.5297039180132204e-08
P2_dev_run1,shoulder,9,1.2406796871210169e-09,0.0,0.0,4.09465243274263e-09
P2_dev_run1,shoulder,10,0.17237356362886713,0.1,132.65335199611008,0.6576908209323656
P2_dev_run1,shoulder,11,4.684996969967922e-09,0.0,0.0,1.5462036204514594e-08
P2_dev_run1,shoulder,12,6.224877100830885e-10,0.0,0.0,2.054414884762668e-09
P2_dev_run1,shoulder,13,-8.549552310973306e-10,0.0,0.0,2.8216344260637974e-09
P2_dev_run1,shoulder,14,-4.3851879427422797e-11,0.0,0.0,1.4472567467796302e-10
P2_dev_run1,shoulder,15,5.495529976024048e-10,0.0,0.0,1.8137062627142075e-09
P2_dev_run1,shoulder,16,1.5526034312599524e-09,0.0,0.0,5.124103733531196e-09
P2_dev_run1,shoulder,17,1.6885571614243039e-09,0.0,0.0,5.572795912291432e-09
P2_dev_run1,shoulder,18,1.3204142237040258e-09,0.0,0.0,4.357802718495135e-09
P2_dev_run1,shoulder,19,1.7438334514276406e-09,0.0,0.0,5.755225912302444e-09
P2_dev_run1,shoulder,20,1.080127290686752e-09,0.0,0.0,3.5647765369199736e-09
P2_dev_run1,shoulder,21,1.2167083120161294e-10,0.0,0.0,4.0155389835515826e-10
P2_dev_run1,shoulder,22,-5.268418349324058e-10,0.0,0.0,1.7387519304699862e-09
P2_dev_run1,shoulder,23,-1.5418655983476863e-09,0.0,0.0,5.088665341081473e-09
P2_dev_run1,summer_peak,0,0.003984101265712581,0.0,0.0,0.013148849061757693
P2_dev_run1,summer_peak,1,-0.02084099507313361,0.02,16.006365336416795,0.09533025298534685
P2_dev_run1,summer_peak,2,-0.020458554164741682,0.02,12.236655076212656,0.09442361531979115
P2_dev_run1,summer_peak,3,-0.020263186350864965,0.02,10.338367363025126,0.09396363146018034
P2_dev_run1,summer_peak,4,-0.021329711641084353,0.02,10.246475586791178,0.09650046494487642
P2_dev_run1,summer_peak,5,-0.022927691022557345,0.02,11.551323095872595,0.10041245396623506
P2_dev_run1,summer_peak,6,-0.025689569886605895,0.02,14.997223785882998,0.10744862957054717
P2_dev_run1,summer_peak,7,-0.0267631864924828,0.02,19.559161659513755,0.11026600456930011
P2_dev_run1,summer_peak,8,-0.02600646529373085,0.02,25.356360499895654,0.10827578784634376
P2_dev_run1,summer_peak,9,-0.012190288363555873,0.02,13.399215414413113,0.07730124919288885
P2_dev_run1,summer_peak,10,-0.0020667773143905888,0.0,0.0,0.006821047242213165
P2_dev_run1,summer_peak,11,-0.005212966664908197,0.02,0.5484155019053248,0.06821192352043631
P2_dev_run1,summer_peak,12,-0.01979913795433219,0.02,33.8564224790841,0.09287986382216908
P2_dev_run1,summer_peak,13,-0.060718689564631376,0.05,88.39622038311902,0.25959061067610895
P2_dev_run1,summer_peak,14,-0.07315305078797862,0.1,112.59159921056792,0.408913006592372
P2_dev_run1,summer_peak,15,-0.06567950236851676,0.05,112.97733030516014,0.27242814162267326
P2_dev_run1,summer_peak,16,-0.012826550873306003,0.02,27.81796276894478,0.07841464751854398
P2_dev_run1,summer_peak,17,0.13396472371680607,0.1,215.77894387598275,0.55172345946572
P2_dev_run1,summer_peak,18,0.13566520514728958,0.1,215.6359368422726,0.5562309295356036
P2_dev_run1,summer_peak,19,0.07529810201959261,0.1,131.89731595209253,0.4131323048858743
P2_dev_run1,summer_peak,20,-0.004624577093746161,0.02,3.1392386106243,0.06774820459422091
P2_dev_run1,summer_peak,21,-0.10100931322232798,0.1,153.06303069396012,0.469098482689432
P2_dev_run1,summer_peak,22,-0.06531771262502559,0.05,88.55197913853681,0.2714790497478934
P2_dev_run1,summer_peak,23,-0.05923116410777039,0.05,69.97357335635522,0.25581987908814935
P2_dev_run1,winter_peak,0,-0.0024192249726954496,0.0,0.0,0.007984240833978381
P2_dev_run1,winter_peak,1,-0.01839006330748147,0.02,19.351621781762862,0.08966908806562349
P2_dev_run1,winter_peak,2,-0.019632262259039746,0.02,17.7034395398411,0.09249322688707567
P2_dev_run1,winter_peak,3,-0.02014872578128038,0.02,16.744686939276637,0.09369515194846774
P2_dev_run1,winter_peak,4,-0.022207450164037495,0.02,18.51143803662152,0.09863354447598958
P2_dev_run1,winter_peak,5,-0.026172206371609025,0.02,22.96279793318147,0.10870990487506085
P2_dev_run1,winter_peak,6,-0.03518460473411689,0.02,31.691259104812815,0.13356988175624482
P2_dev_run1,winter_peak,7,-0.055186442525022805,0.05,58.90263562530445,0.24577031564365437
P2_dev_run1,winter_peak,8,-0.09915365668766626,0.1,127.74025467713396,0.4647662467443591
P2_dev_run1,winter_peak,9,-0.03465186539495459,0.05,73.391146042074,0.2007716321598388
P2_dev_run1,winter_peak,10,0.1907462039015769,0.15,353.0711602615048,0.8008597090621576
P2_dev_run1,winter_peak,11,0.1541858507785275,0.15,284.3115918986671,0.7099413921411657
P2_dev_run1,winter_peak,12,-0.008852871832274296,0.02,17.454980147495064,0.07218398522206992
P2_dev_run1,winter_peak,13,-0.18775625899559198,0.15,274.76027723977285,0.7931264583472084
P2_dev_run1,winter_peak,14,-0.09502998401098788,0.1,172.8793900201347,0.4552864535496199
P2_dev_run1,winter_peak,15,-0.03396862891598193,0.05,70.67736626724084,0.19949581228697325
P2_dev_run1,winter_peak,16,0.014270746576631133,0.02,34.22250247478432,0.08108704754545926
P2_dev_run1,winter_peak,17,0.13162848364396723,0.1,242.99928953962217,0.5455641974186949
P2_dev_run1,winter_peak,18,0.04024958402155107,0.05,87.28879610157644,0.21183977608287424
P2_dev_run1,winter_peak,19,-0.06660221356699329,0.05,121.41851063206818,0.27485735918226445
P2_dev_run1,winter_peak,20,-0.049305572081184246,0.05,88.18425108179777,0.23175366425939317
P2_dev_run1,winter_peak,21,-0.03470727603757054,0.02,50.711226697689646,0.1322026285311974
P2_dev_run1,winter_peak,22,-0.031050385490145355,0.02,42.999676695782135,0.12189466122335818
P2_dev_run1,winter_peak,23,-0.026545182549242208,0.02,36.72184920398253,0.10969051474471456
P3_dev_run0,summer,0,0.17289467361654587,0.15,188.80491895231108,0.21903753991247907
P3_dev_run0,summer,1,-6.210617107998928e-10,0.0,0.0,5.943174266027683e-10
P3_dev_run0,summer,2,-5.964374122516265e-07,0.0,0.0,5.70753504547011e-07
P3_dev_run0,summer,3,-5.967602830432528e-07,0.0,0.0,5.710624718117252e-07
P3_dev_run0,summer,4,-8.063258042423408e-07,0.0,0.0,7.716036404232927e-07
P3_dev_run0,summer,5,-0.3842103547552098,0.2,199.3598428609812,0.41449614314055433
P3_dev_run0,summer,6,-1.1325997739476265e-05,0.0,0.0,1.0838275348781116e-05
P3_dev_run0,summer,7,-1.1325613159853204e-05,0.0,0.0,1.0837907330003066e-05
P3_dev_run0,summer,8,-1.1325204021846615e-05,0.0,0.0,1.0837515810379536e-05
P3_dev_run0,summer,9,-9.41457399741387e-10,0.0,0.0,9.009161720013272e-10
P3_dev_run0,summer,10,-2.5890521419580733e-11,0.0,0.0,2.4775618583330845e-11
P3_dev_run0,summer,11,4.0828901042452613e-10,0.0,0.0,3.9070718700911594e-10
P3_dev_run0,summer,12,3.023837911386643e-10,0.0,0.0,2.8936247955853046e-10
P3_dev_run0,summer,13,-9.747927460328204e-11,0.0,0.0,9.328160249117899e-11
P3_dev_run0,summer,14,6.699994908216291e-10,0.0,0.0,6.411478381068221e-10
P3_dev_run0,summer,15,7.444140168737176e-09,0.0,0.0,7.123579108839403e-09
P3_dev_run0,summer,16,0.17278147011754813,0.2,312.2065917896242,0.2529167529503925
P3_dev_run0,summer,17,1.1041934436410643e-09,0.0,0.0,1.0566444436756597e-09
P3_dev_run0,summer,18,4.877287608045345e-10,0.0,0.0,4.667260868942914e-10
P3_dev_run0,summer,19,2.7420587432077357e-10,0.0,0.0,2.623979658571996e-10
P3_dev_run0,summer,20,2.3023906693947466e-10,0.0,0.0,2.2032446597078915e-10
P3_dev_run0,summer,21,-1.0348983173165897e-10,0.0,0.0,9.903333180063059e-11
P3_dev_run0,summer,22,-4.771004943778206e-10,0.0,0.0,4.565554970122685e-10
P3_dev_run0,summer,23,-1.343814286637414e-09,0.0,0.0,1.2859466857774297e-09
P3_dev_run0,winter,0,0.17289466286580282,0.15,244.8622451048395,0.21903753214162136
P3_dev_run0,winter,1,-6.289022214061402e-10,0.0,0.0,6.018203075656844e-10
P3_dev_run0,winter,2,-6.030376234644556e-07,0.0,0.0,5.770694961382351e-07
P3_dev_run0,winter,3,-5.843863519567088e-07,0.0,0.0,5.592213894322573e-07
P3_dev_run0,winter,4,-0.38421053616836165,0.2,288.8169779468868,0.4144962971278107
P3_dev_run0,winter,5,-1.133602201623091e-05,0.0,0.0,1.0847867958115704e-05
P3_dev_run0,winter,6,-1.1335436240965776e-05,0.0,0.0,1.0847307407622754e-05
P3_dev_run0,winter,7,-1.1328279001305119e-05,0.0,0.0,1.084045837445466e-05
P3_dev_run0,winter,8,-1.1317895342603548e-05,0.0,0.0,1.0830521858950765e-05
P3_dev_run0,winter,9,2.675963316968128e-09,0.0,0.0,2.5607304468594527e-09
P3_dev_run0,winter,10,0.3457754557188187,0.3,672.7095702658747,0.43806503883984504
P3_dev_run0,winter,11,5.0230293577873496e-09,0.0,0.0,4.806726658169713e-09
P3_dev_run0,winter,12,-8.50892979847059e-11,0.0,0.0,8.142516553560374e-11
P3_dev_run0,winter,13,-6.230558658799218e-08,0.0,0.0,5.962257089760017e-08
P3_dev_run0,winter,14,-6.701966902394923e-09,0.0,0.0,6.4133654568372474e-09
P3_dev_run0,winter,15,-3.3319254008537214e-09,0.0,0.0,3.188445359668633e-09
P3_dev_run0,winter,16,-5.102754158463629e-11,0.0,0.0,4.883018333458018e-11
P3_dev_run0,winter,17,9.669072973263123e-10,0.0,0.0,9.252701409821171e-10
P3_dev_run0,winter,18,-1.140735825157931e-09,0.0,0.0,1.091613229816202e-09
P3_dev_run0,winter,19,-4.292013326826111e-09,0.0,0.0,4.107189786436471e-09
P3_dev_run0,winter,20,-1.996713599973088e-08,0.0,0.0,1.9107307176775964e-08
P3_dev_run0,winter,21,-6.040086101408169e-07,0.0,0.0,5.779986699912123e-07
P3_dev_run0,winter,22,-6.093981029308035e-07,0.0,0.0,5.831560793596205e-07
P3_dev_run0,winter,23,-0.19210555297793697,0.15,270.2376825622114,0.23323490242405892
P3_dev_run0,shoulder,0,0.1728946722060171,0.1,166.9803746176938,0.19113037187689494
P3_dev_run0,shoulder,1,-1.6728687795242415e-09,0.0,0.0,1.6008313679657814e-09
P3_dev_run0,shoulder,2,-5.966185494774607e-07,0.0,0.0,5.709268416052255e-07
P3_dev_run0,shoulder,3,-6.045891976363081e-07,0.0,0.0,5.785542561112996e-07
P3_dev_run0,shoulder,4,-0.3842105468687883,0.2,192.93733511040912,0.4144963062105559
P3_dev_run0,shoulder,5,-1.1332587338726351e-05,0.0,0.0,1.084458118538407e-05
P3_dev_run0,shoulder,6,-1.1325561365082715e-05,0.0,0.0,1.0837857765629394e-05
P3_dev_run0,shoulder,7,-1.1325641495798243e-05,0.0,0.0,1.0837934445739946e-05
P3_dev_run0,shoulder,8,-8.69950739505252e-09,0.0,0.0,8.324887459380403e-09
P3_dev_run0,shoulder,9,3.5719688313080993e-09,0.0,0.0,3.4181519916823917e-09
P3_dev_run0,shoulder,10,0.17280019603053423,0.15,215.2883513247687,0.2189692575889244
P3_dev_run0,shoulder,11,1.7064806873126355e-08,0.0,0.0,1.6329958730264457e-08
P3_dev_run0,shoulder,12,2.1385369377301237e-09,0.0,0.0,2.046446830363755e-09
P3_dev_run0,shoulder,13,-2.7316787650721814e-09,0.0,0.0,2.6140466651408436e-09
P3_dev_run0,shoulder,14,2.58113952715773e-10,0.0,0.0,2.4699899781413684e-10
P3_dev_run0,shoulder,15,2.103038621807831e-09,0.0,0.0,2.0124771500553404e-09
P3_dev_run0,shoulder,16,5.647139354644067e-09,0.0,0.0,5.403961104922553e-09
P3_dev_run0,shoulder,17,6.289101673793865e-09,0.0,0.0,6.01827911367834e-09
P3_dev_run0,shoulder,18,5.033267428776277e-09,0.0,0.0,4.816523855288304e-09
P3_dev_run0,shoulder,19,6.856543869848554e-09,0.0,0.0,6.561285999855076e-09
P3_dev_run0,shoulder,20,4.2645911658571715e-09,0.0,0.0,4.080948484073849e-09
P3_dev_run0,shoulder,21,6.470726307585617e-10,0.0,0.0,6.192082590991022e-10
P3_dev_run0,shoulder,22,-1.3458103624974693e-09,0.0,0.0,1.287856806217674e-09
P3_dev_run0,shoulder,23,-3.2578141529504486e-09,0.0,0.0,3.1175255052157405e-09
P3_dev_run0,summer_peak,0,-0.034091478438128375,0.05,56.59084916485221,0.05791038502667507
P3_dev_run0,summer_peak,1,-0.06355810905504006,0.05,73.72053963045668,0.07738564476537442
P3_dev_run0,summer_peak,2,-0.057400291232915235,0.05,56.35682828402704,0.07284549339803202
P3_dev_run0,summer_peak,3,-0.05635632783358857,0.05,49.66637340047562,0.07209518626631448
P3_dev_run0,summer_peak,4,-0.05716390590293158,0.05,46.28649678687216,0.07267507657343421
P3_dev_run0,summer_peak,5,-0.05799567369477798,0.05,46.54427265323855,0.07327605946577859
P3_dev_run0,summer_peak,6,-0.06033986673107028,0.05,52.48621573735385,0.07498937001581618
P3_dev_run0,summer_peak,7,-0.0607785793141416,0.05,64.46179239347637,0.07531310651326667
P3_dev_run0,summer_peak,8,-0.0627981402995329,0.05,85.97660179372947,0.0768153851609898
P3_dev_run0,summer_peak,9,-0.050633749098855874,0.05,94.92737222011509,0.0680959018678751
P3_dev_run0,summer_peak,10,-0.040066615750533774,0.05,94.83504719636035,0.06131375887032893
P3_dev_run0,summer_peak,11,-0.03903130793104176,0.1,100.92791504400887,0.10272468980427735
P3_dev_run0,summer_peak,12,-0.04638592805623487,0.1,123.89156986626928,0.10548760031116099
P3_dev_run0,summer_peak,13,-0.10676601298385818,0.15,241.06320687621434,0.17618828764155156
P3_dev_run0,summer_peak,14,-0.12414760048206197,0.2,316.45070197440344,0.22526207392927963
P3_dev_run0,summer_peak,15,-0.0881376323726405,0.15,261.8692406175759,0.16648584321409934
P3_dev_run0,summer_peak,16,-0.014257636062530055,0.05,56.090026905389394,0.04975414186769378
P3_dev_run0,summer_peak,17,0.13424909713403502,0.2,385.225252549571,0.23050647323601872
P3_dev_run0,summer_peak,18,0.13594957410497752,0.2,385.7189431050179,0.23141733199443634
P3_dev_run0,summer_peak,19,0.07558249320332687,0.15,237.27153214080363,0.16073340211386697
P3_dev_run0,summer_peak,20,-0.003013557967081429,0.02,12.750102122304861,0.01935479813905003
P3_dev_run0,summer_peak,21,-0.15654267935603283,0.2,368.0049254165604,0.24304262902018206
P3_dev_run0,summer_peak,22,-0.09965822752789338,0.15,212.9117617415085,0.17233321247612945
P3_dev_run0,summer_peak,23,-0.07744170427035918,0.1,142.67204869052415,0.12103359556926845
P3_dev_run0,winter_peak,0,-0.03759034727174915,0.05,83.634315430445,0.05986052643012621
P3_dev_run0,winter_peak,1,-0.06036904723792147,0.05,96.40977154837802,0.07501087344033587
P3_dev_run0,winter_peak,2,-0.056984207192559866,0.05,79.90021686982514,0.07254573079185787
P3_dev_run0,winter_peak,3,-0.05606766309287092,0.05,73.36349724936909,0.07188878802134094
P3_dev_run0,winter_peak,4,-0.057070761965676065,0.05,72.12826386918607,0.07260801019181622
P3_dev_run0,winter_peak,5,-0.058146697513163315,0.05,74.43112553108257,0.07338557784928987
P3_dev_run0,winter_peak,6,-0.06165990135734023,0.05,83.98800121230738,0.07596629749301172
P3_dev_run0,winter_peak,7,-0.07879229263987297,0.1,127.70741912251665,0.1218292142154985
P3_dev_run0,winter_peak,8,-0.18017425080272453,0.2,362.24015974128514,0.2575972054946982
P3_dev_run0,winter_peak,9,-0.03817591440763199,0.1,136.6990868811278,0.10242990162552539
P3_dev_run0,winter_peak,10,0.19117301866163725,0.2,600.2707521009521,0.26475742344822756
P3_dev_run0,winter_peak,11,0.15461267295160347,0.2,499.98345093717194,0.2419086491721623
P3_dev_run0,winter_peak,12,-0.006663274579044566,0.02,28.263546664533774,0.020172993914943746
P3_dev_run0,winter_peak,13,-0.2872137334652597,0.3,642.3391426956429,0.3974365890341623
P3_dev_run0,winter_peak,14,-0.09452997474688751,0.15,291.59183091267306,0.16966676144973497
P3_dev_run0,winter_peak,15,-0.043458467856121064,0.1,153.84881783472974,0.10433974452872193
P3_dev_run0,winter_peak,16,0.013641456195081503,0.05,55.12297247307453,0.04959568981821885
P3_dev_run0,winter_peak,17,0.13288442663075892,0.2,423.724044064528,0.22978121234262683
P3_dev_run0,winter_peak,18,0.04051932127997482,0.1,148.0884706994443,0.10325095179125504
P3_dev_run0,winter_peak,19,-0.10473285924170028,0.15,308.3133173260106,0.17506724399185764
P3_dev_run0,winter_peak,20,-0.1054906666899077,0.15,280.13911579687556,0.17548340063762174
P3_dev_run0,winter_peak,21,-0.07304896547647943,0.1,181.83884521563843,0.11850642655351262
P3_dev_run0,winter_peak,22,-0.06507704456106195,0.1,138.8171079193085,0.11417283281752849
P3_dev_run0,winter_peak,23,-0.05820249368554137,0.05,115.12807959206131,0.0734260703576649
