method,M,point_id,scenario,t,q_lp,q_star,abs_err,rel_err
pwl,1,P1_old_full_opt,summer,0,0.04715905785595875,0.0,0.04715905785595875,
pwl,1,P1_old_full_opt,summer,1,0.0007691882975170201,0.0,0.0007691882975170201,
pwl,1,P1_old_full_opt,summer,2,0.0,0.0,0.0,
pwl,1,P1_old_full_opt,summer,3,0.012191849942166662,0.02,0.007808150057833339,0.3904075028916669
pwl,1,P1_old_full_opt,summer,4,0.047159057851351986,0.0,0.047159057851351986,
pwl,1,P1_old_full_opt,summer,5,0.04715905785116256,0.0,0.04715905785116256,
pwl,1,P1_old_full_opt,summer,6,3.1386375635891532e-06,0.0,3.1386375635891532e-06,
pwl,1,P1_old_full_opt,summer,7,3.1400822142197753e-06,0.0,3.1400822142197753e-06,
pwl,1,P1_old_full_opt,summer,8,3.225479292415036e-06,0.0,3.225479292415036e-06,
pwl,1,P1_old_full_opt,summer,9,1.4885746259409493e-10,0.0,1.4885746259409493e-10,
pwl,1,P1_old_full_opt,summer,10,1.419894935937594e-10,0.0,1.419894935937594e-10,
pwl,1,P1_old_full_opt,summer,11,1.4666635976287184e-10,0.0,1.4666635976287184e-10,
pwl,1,P1_old_full_opt,summer,12,1.4268504953640686e-10,0.0,1.4268504953640686e-10,
pwl,1,P1_old_full_opt,summer,13,1.3550591673999066e-10,0.0,1.3550591673999066e-10,
pwl,1,P1_old_full_opt,summer,14,1.6778853424794068e-10,0.0,1.6778853424794068e-10,
pwl,1,P1_old_full_opt,summer,15,0.000737997826034396,0.0,0.000737997826034396,
pwl,1,P1_old_full_opt,summer,16,0.04715905805048967,0.0,0.04715905805048967,
pwl,1,P1_old_full_opt,summer,17,2.4515585653171965e-10,0.0,2.4515585653171965e-10,
pwl,1,P1_old_full_opt,summer,18,1.7245788457296186e-10,0.0,1.7245788457296186e-10,
pwl,1,P1_old_full_opt,summer,19,1.6193448949927963e-10,0.0,1.6193448949927963e-10,
pwl,1,P1_old_full_opt,summer,20,1.5754794324711188e-10,0.0,1.5754794324711188e-10,
pwl,1,P1_old_full_opt,summer,21,1.5084033449570457e-10,0.0,1.5084033449570457e-10,
pwl,1,P1_old_full_opt,summer,22,1.4234940502531658e-10,0.0,1.4234940502531658e-10,
pwl,1,P1_old_full_opt,summer,23,1.6423291881552458e-10,0.0,1.6423291881552458e-10,
pwl,1,P1_old_full_opt,winter,0,0.04715905786776401,0.0,0.04715905786776401,
pwl,1,P1_old_full_opt,winter,1,6.0975050979055225e-12,0.0,6.0975050979055225e-12,
pwl,1,P1_old_full_opt,winter,2,2.2139636950113607e-12,0.0,2.2139636950113607e-12,
pwl,1,P1_old_full_opt,winter,3,0.04715905786807451,0.0,0.04715905786807451,
pwl,1,P1_old_full_opt,winter,4,0.047159057867978964,0.0,0.047159057867978964,
pwl,1,P1_old_full_opt,winter,5,0.01133927814541859,0.02,0.00866072185458141,0.4330360927290705
pwl,1,P1_old_full_opt,winter,6,3.139688181714552e-06,0.0,3.139688181714552e-06,
pwl,1,P1_old_full_opt,winter,7,3.1425864235029552e-06,0.0,3.1425864235029552e-06,
pwl,1,P1_old_full_opt,winter,8,1.4529544629873953e-10,0.0,1.4529544629873953e-10,
pwl,1,P1_old_full_opt,winter,9,0.001530598732188624,0.0,0.001530598732188624,
pwl,1,P1_old_full_opt,winter,10,0.047159057867993875,0.0,0.047159057867993875,
pwl,1,P1_old_full_opt,winter,11,0.04715905786949402,0.0,0.04715905786949402,
pwl,1,P1_old_full_opt,winter,12,3.1033454377551972e-12,0.0,3.1033454377551972e-12,
pwl,1,P1_old_full_opt,winter,13,2.1977822933216592e-12,0.0,2.1977822933216592e-12,
pwl,1,P1_old_full_opt,winter,14,2.2792343524417457e-12,0.0,2.2792343524417457e-12,
pwl,1,P1_old_full_opt,winter,15,2.3110642091370415e-12,0.0,2.3110642091370415e-12,
pwl,1,P1_old_full_opt,winter,16,2.7365279297063142e-12,0.0,2.7365279297063142e-12,
pwl,1,P1_old_full_opt,winter,17,3.305752134545656e-12,0.0,3.305752134545656e-12,
pwl,1,P1_old_full_opt,winter,18,2.3039635180205673e-12,0.0,2.3039635180205673e-12,
pwl,1,P1_old_full_opt,winter,19,2.1202364345086885e-12,0.0,2.1202364345086885e-12,
pwl,1,P1_old_full_opt,winter,20,2.0857633018645686e-12,0.0,2.0857633018645686e-12,
pwl,1,P1_old_full_opt,winter,21,7.066172512871501e-12,0.0,7.066172512871501e-12,
pwl,1,P1_old_full_opt,winter,22,0.006095179709193837,0.02,0.013904820290806162,0.6952410145403081
pwl,1,P1_old_full_opt,winter,23,0.04715905786823342,0.0,0.04715905786823342,
pwl,1,P1_old_full_opt,shoulder,0,0.04715905783780223,0.0,0.04715905783780223,
pwl,1,P1_old_full_opt,shoulder,1,0.0007691943442517217,0.0,0.0007691943442517217,
pwl,1,P1_old_full_opt,shoulder,2,1.1303371004086835e-10,0.0,1.1303371004086835e-10,
pwl,1,P1_old_full_opt,shoulder,3,0.04715905762188058,0.0,0.04715905762188058,
pwl,1,P1_old_full_opt,shoulder,4,0.04715905782790146,0.0,0.04715905782790146,
pwl,1,P1_old_full_opt,shoulder,5,0.012193804980942531,0.02,0.007806195019057469,0.39030975095287346
pwl,1,P1_old_full_opt,shoulder,6,3.1527544535403375e-06,0.0,3.1527544535403375e-06,
pwl,1,P1_old_full_opt,shoulder,7,3.1390703760993187e-06,0.0,3.1390703760993187e-06,
pwl,1,P1_old_full_opt,shoulder,8,1.7746057791414872e-10,0.0,1.7746057791414872e-10,
pwl,1,P1_old_full_opt,shoulder,9,2.547037917602173e-10,0.0,2.547037917602173e-10,
pwl,1,P1_old_full_opt,shoulder,10,0.047159057924159205,0.0,0.047159057924159205,
pwl,1,P1_old_full_opt,shoulder,11,0.0007431577175774006,0.0,0.0007431577175774006,
pwl,1,P1_old_full_opt,shoulder,12,1.9448778100668584e-10,0.0,1.9448778100668584e-10,
pwl,1,P1_old_full_opt,shoulder,13,1.749784510796652e-10,0.0,1.749784510796652e-10,
pwl,1,P1_old_full_opt,shoulder,14,1.8069754256375843e-10,0.0,1.8069754256375843e-10,
pwl,1,P1_old_full_opt,shoulder,15,2.0280115662354713e-10,0.0,2.0280115662354713e-10,
pwl,1,P1_old_full_opt,shoulder,16,3.626536058887854e-10,0.0,3.626536058887854e-10,
pwl,1,P1_old_full_opt,shoulder,17,4.4459338479987916e-10,0.0,4.4459338479987916e-10,
pwl,1,P1_old_full_opt,shoulder,18,3.779848484146121e-10,0.0,3.779848484146121e-10,
pwl,1,P1_old_full_opt,shoulder,19,5.092133256241056e-10,0.0,5.092133256241056e-10,
pwl,1,P1_old_full_opt,shoulder,20,3.322672698132503e-10,0.0,3.322672698132503e-10,
pwl,1,P1_old_full_opt,shoulder,21,1.8962300366399524e-10,0.0,1.8962300366399524e-10,
pwl,1,P1_old_full_opt,shoulder,22,1.838941717985944e-10,0.0,1.838941717985944e-10,
pwl,1,P1_old_full_opt,shoulder,23,2.0824752537816435e-10,0.0,2.0824752537816435e-10,
pwl,1,P2_dev_run1,summer,0,0.04621258910077381,0.1,0.053787410899226194,0.537874108992262
pwl,1,P2_dev_run1,summer,1,1.1461904654350353e-13,0.0,1.1461904654350353e-13,
pwl,1,P2_dev_run1,summer,2,5.240507792528402e-08,0.0,5.240507792528402e-08,
pwl,1,P2_dev_run1,summer,3,0.0,0.0,0.0,
pwl,1,P2_dev_run1,summer,4,0.021506857777365506,0.05,0.028493142222634497,0.5698628444526899
pwl,1,P2_dev_run1,summer,5,0.08118860518117818,0.0,0.08118860518117818,
pwl,1,P2_dev_run1,summer,6,3.0271308574225003e-06,0.0,3.0271308574225003e-06,
pwl,1,P2_dev_run1,summer,7,3.027131349870098e-06,0.0,3.027131349870098e-06,
pwl,1,P2_dev_run1,summer,8,3.027130527244414e-06,0.0,3.027130527244414e-06,
pwl,1,P2_dev_run1,summer,9,1.6031910198281615e-13,0.0,1.6031910198281615e-13,
pwl,1,P2_dev_run1,summer,10,1.3671071857372015e-13,0.0,1.3671071857372015e-13,
pwl,1,P2_dev_run1,summer,11,1.4134004477133128e-13,0.0,1.4134004477133128e-13,
pwl,1,P2_dev_run1,summer,12,1.372239888962152e-13,0.0,1.372239888962152e-13,
pwl,1,P2_dev_run1,summer,13,1.315182995787384e-13,0.0,1.315182995787384e-13,
pwl,1,P2_dev_run1,summer,14,1.483416057352537e-13,0.0,1.483416057352537e-13,
pwl,1,P2_dev_run1,summer,15,1.1191584091112603e-12,0.0,1.1191584091112603e-12,
pwl,1,P2_dev_run1,summer,16,0.04618234506882338,0.1,0.05381765493117663,0.5381765493117663
pwl,1,P2_dev_run1,summer,17,1.890932153241318e-13,0.0,1.890932153241318e-13,
pwl,1,P2_dev_run1,summer,18,1.5674675438248092e-13,0.0,1.5674675438248092e-13,
pwl,1,P2_dev_run1,summer,19,1.5192531186437378e-13,0.0,1.5192531186437378e-13,
pwl,1,P2_dev_run1,summer,20,1.4947809315303535e-13,0.0,1.4947809315303535e-13,
pwl,1,P2_dev_run1,summer,21,1.4352005782350865e-13,0.0,1.4352005782350865e-13,
pwl,1,P2_dev_run1,summer,22,1.3875728176470425e-13,0.0,1.3875728176470425e-13,
pwl,1,P2_dev_run1,summer,23,1.7035036857963552e-13,0.0,1.7035036857963552e-13,
pwl,1,P2_dev_run1,winter,0,0.04621259147013286,0.1,0.053787408529867145,0.5378740852986714
pwl,1,P2_dev_run1,winter,1,1.2582048007918075e-12,0.0,1.2582048007918075e-12,
pwl,1,P2_dev_run1,winter,2,1.2208033999060416e-07,0.0,1.2208033999060416e-07,
pwl,1,P2_dev_run1,winter,3,0.021506881203189377,0.05,0.028493118796810626,0.5698623759362125
pwl,1,P2_dev_run1,winter,4,0.08118860530666427,0.0,0.08118860530666427,
pwl,1,P2_dev_run1,winter,5,3.027063270913505e-06,0.0,3.027063270913505e-06,
pwl,1,P2_dev_run1,winter,6,3.0270682682947966e-06,0.0,3.0270682682947966e-06,
pwl,1,P2_dev_run1,winter,7,3.027075251263924e-06,0.0,3.027075251263924e-06,
pwl,1,P2_dev_run1,winter,8,3.0270663627879786e-06,0.0,3.0270663627879786e-06,
pwl,1,P2_dev_run1,winter,9,4.1317360085653325e-12,0.0,4.1317360085653325e-12,
pwl,1,P2_dev_run1,winter,10,0.0811886053066813,0.0,0.0811886053066813,
pwl,1,P2_dev_run1,winter,11,0.011232418255521846,0.05,0.038767581744478155,0.775351634889563
pwl,1,P2_dev_run1,winter,12,1.035251699126324e-12,0.0,1.035251699126324e-12,
pwl,1,P2_dev_run1,winter,13,9.393661560424753e-13,0.0,9.393661560424753e-13,
pwl,1,P2_dev_run1,winter,14,9.16139633731699e-13,0.0,9.16139633731699e-13,
pwl,1,P2_dev_run1,winter,15,9.457610768444102e-13,0.0,9.457610768444102e-13,
pwl,1,P2_dev_run1,winter,16,1.0383185056271541e-12,0.0,1.0383185056271541e-12,
pwl,1,P2_dev_run1,winter,17,1.1606043634756656e-12,0.0,1.1606043634756656e-12,
pwl,1,P2_dev_run1,winter,18,1.0700628253602452e-12,0.0,1.0700628253602452e-12,
pwl,1,P2_dev_run1,winter,19,1.1003524194082486e-12,0.0,1.1003524194082486e-12,
pwl,1,P2_dev_run1,winter,20,1.6045703431953436e-12,0.0,1.6045703431953436e-12,
pwl,1,P2_dev_run1,winter,21,2.351671750097097e-08,0.0,2.351671750097097e-08,
pwl,1,P2_dev_run1,winter,22,0.0,0.0,0.0,
pwl,1,P2_dev_run1,winter,23,0.05134742909071803,0.1,0.048652570909281975,0.4865257090928197
pwl,1,P2_dev_run1,shoulder,0,0.04621260073889348,0.1,0.053787399261106525,0.5378739926110652
pwl,1,P2_dev_run1,shoulder,1,3.3183425688836583e-13,0.0,3.3183425688836583e-13,
pwl,1,P2_dev_run1,shoulder,2,0.0,0.0,0.0,
pwl,1,P2_dev_run1,shoulder,3,0.021506870893826087,0.05,0.028493129106173916,0.5698625821234783
pwl,1,P2_dev_run1,shoulder,4,0.0811886053065023,0.0,0.0811886053065023,
pwl,1,P2_dev_run1,shoulder,5,3.027076703566924e-06,0.0,3.027076703566924e-06,
pwl,1,P2_dev_run1,shoulder,6,3.027034848829813e-06,0.0,3.027034848829813e-06,
pwl,1,P2_dev_run1,shoulder,7,3.027074339378757e-06,0.0,3.027074339378757e-06,
pwl,1,P2_dev_run1,shoulder,8,5.351117386549147e-13,0.0,5.351117386549147e-13,
pwl,1,P2_dev_run1,shoulder,9,3.949601589160697e-13,0.0,3.949601589160697e-13,
pwl,1,P2_dev_run1,shoulder,10,0.046187359521357246,0.1,0.05381264047864276,0.5381264047864276
pwl,1,P2_dev_run1,shoulder,11,7.724697394444327e-13,0.0,7.724697394444327e-13,
pwl,1,P2_dev_run1,shoulder,12,3.4881447164233795e-13,0.0,3.4881447164233795e-13,
pwl,1,P2_dev_run1,shoulder,13,3.494439824460087e-13,0.0,3.494439824460087e-13,
pwl,1,P2_dev_run1,shoulder,14,3.498247853784766e-13,0.0,3.498247853784766e-13,
pwl,1,P2_dev_run1,shoulder,15,3.6439930278775835e-13,0.0,3.6439930278775835e-13,
pwl,1,P2_dev_run1,shoulder,16,4.3688711519784393e-13,0.0,4.3688711519784393e-13,
pwl,1,P2_dev_run1,shoulder,17,4.824065216212739e-13,0.0,4.824065216212739e-13,
pwl,1,P2_dev_run1,shoulder,18,4.552462796963262e-13,0.0,4.552462796963262e-13,
pwl,1,P2_dev_run1,shoulder,19,5.139063046548057e-13,0.0,5.139063046548057e-13,
pwl,1,P2_dev_run1,shoulder,20,4.360261834299454e-13,0.0,4.360261834299454e-13,
pwl,1,P2_dev_run1,shoulder,21,3.8559702530113165e-13,0.0,3.8559702530113165e-13,
pwl,1,P2_dev_run1,shoulder,22,3.7508213245196373e-13,0.0,3.7508213245196373e-13,
pwl,1,P2_dev_run1,shoulder,23,4.0025789363750924e-13,0.0,4.0025789363750924e-13,
pwl,1,P3_dev_run0,summer,0,0.17289468149233042,0.15,0.022894681492330426,0.15263120994886953
pwl,1,P3_dev_run0,summer,1,1.5860133569220038e-12,0.0,1.5860133569220038e-12,
pwl,1,P3_dev_run0,summer,2,4.285320862878107e-07,0.0,4.285320862878107e-07,
pwl,1,P3_dev_run0,summer,3,3.076705338690164e-07,0.0,3.076705338690164e-07,
pwl,1,P3_dev_run0,summer,4,1.645616559202417e-07,0.0,1.645616559202417e-07,
pwl,1,P3_dev_run0,summer,5,0.10294891124152432,0.2,0.09705108875847569,0.48525544379237845
pwl,1,P3_dev_run0,summer,6,3.034814332980559e-06,0.0,3.034814332980559e-06,
pwl,1,P3_dev_run0,summer,7,3.038912251330664e-06,0.0,3.038912251330664e-06,
pwl,1,P3_dev_run0,summer,8,1.1323198640247165e-05,0.0,1.1323198640247165e-05,
pwl,1,P3_dev_run0,summer,9,3.7326534834788895e-12,0.0,3.7326534834788895e-12,
pwl,1,P3_dev_run0,summer,10,2.234202005193353e-12,0.0,2.234202005193353e-12,
pwl,1,P3_dev_run0,summer,11,2.2551130620066173e-12,0.0,2.2551130620066173e-12,
pwl,1,P3_dev_run0,summer,12,2.1964888067105918e-12,0.0,2.1964888067105918e-12,
pwl,1,P3_dev_run0,summer,13,2.076667135224042e-12,0.0,2.076667135224042e-12,
pwl,1,P3_dev_run0,summer,14,2.358701860906885e-12,0.0,2.358701860906885e-12,
pwl,1,P3_dev_run0,summer,15,2.033974276318532e-11,0.0,2.033974276318532e-11,
pwl,1,P3_dev_run0,summer,16,0.17278147500423782,0.2,0.02721852499576219,0.13609262497881094
pwl,1,P3_dev_run0,summer,17,3.2586397322741562e-12,0.0,3.2586397322741562e-12,
pwl,1,P3_dev_run0,summer,18,2.7116383946202344e-12,0.0,2.7116383946202344e-12,
pwl,1,P3_dev_run0,summer,19,2.6368418138599404e-12,0.0,2.6368418138599404e-12,
pwl,1,P3_dev_run0,summer,20,2.564546898609945e-12,0.0,2.564546898609945e-12,
pwl,1,P3_dev_run0,summer,21,2.361399138418411e-12,0.0,2.361399138418411e-12,
pwl,1,P3_dev_run0,summer,22,2.7349380907907395e-12,0.0,2.7349380907907395e-12,
pwl,1,P3_dev_run0,summer,23,2.511892082486997e-09,0.0,2.511892082486997e-09,
pwl,1,P3_dev_run0,winter,0,0.17289466542650275,0.15,0.02289466542650276,0.15263110284335174
pwl,1,P3_dev_run0,winter,1,0.0,0.0,0.0,
pwl,1,P3_dev_run0,winter,2,3.1157865240339327e-07,0.0,3.1157865240339327e-07,
pwl,1,P3_dev_run0,winter,3,6.297150552567986e-07,0.0,6.297150552567986e-07,
pwl,1,P3_dev_run0,winter,4,0.10294910867290663,0.2,0.09705089132709338,0.4852544566354669
pwl,1,P3_dev_run0,winter,5,1.1324881098601484e-05,0.0,1.1324881098601484e-05,
pwl,1,P3_dev_run0,winter,6,1.1325352412899978e-05,0.0,1.1325352412899978e-05,
pwl,1,P3_dev_run0,winter,7,1.1325372100194865e-05,0.0,1.1325372100194865e-05,
pwl,1,P3_dev_run0,winter,8,1.1325377294645592e-05,0.0,1.1325377294645592e-05,
pwl,1,P3_dev_run0,winter,9,2.0997346636052197e-11,0.0,2.0997346636052197e-11,
pwl,1,P3_dev_run0,winter,10,0.34577969091896626,0.3,0.045779690918966276,0.1525989697298876
pwl,1,P3_dev_run0,winter,11,1.9577931487630784e-11,0.0,1.9577931487630784e-11,
pwl,1,P3_dev_run0,winter,12,9.169955073647291e-12,0.0,9.169955073647291e-12,
pwl,1,P3_dev_run0,winter,13,4.698934572625818e-06,0.0,4.698934572625818e-06,
pwl,1,P3_dev_run0,winter,14,1.5113109860370254e-11,0.0,1.5113109860370254e-11,
pwl,1,P3_dev_run0,winter,15,0.0,0.0,0.0,
pwl,1,P3_dev_run0,winter,16,0.0,0.0,0.0,
pwl,1,P3_dev_run0,winter,17,4.413246158329416e-09,0.0,4.413246158329416e-09,
pwl,1,P3_dev_run0,winter,18,2.165439781699603e-09,0.0,2.165439781699603e-09,
pwl,1,P3_dev_run0,winter,19,2.692237828415842e-09,0.0,2.692237828415842e-09,
pwl,1,P3_dev_run0,winter,20,8.108711798501887e-09,0.0,8.108711798501887e-09,
pwl,1,P3_dev_run0,winter,21,6.041667036942855e-07,0.0,6.041667036942855e-07,
pwl,1,P3_dev_run0,winter,22,7.224242990874133e-07,0.0,7.224242990874133e-07,
pwl,1,P3_dev_run0,winter,23,0.19210557711565815,0.15,0.042105577115658155,0.28070384743772103
pwl,1,P3_dev_run0,shoulder,0,0.17289467116452642,0.1,0.07289467116452641,0.7289467116452641
pwl,1,P3_dev_run0,shoulder,1,2.362081933297972e-12,0.0,2.362081933297972e-12,
pwl,1,P3_dev_run0,shoulder,2,3.394379448838554e-07,0.0,3.394379448838554e-07,
pwl,1,P3_dev_run0,shoulder,3,3.380548778664139e-07,0.0,3.380548778664139e-07,
pwl,1,P3_dev_run0,shoulder,4,0.10294891164969805,0.2,0.09705108835030196,0.4852554417515098
pwl,1,P3_dev_run0,shoulder,5,3.0345372763282795e-06,0.0,3.0345372763282795e-06,
pwl,1,P3_dev_run0,shoulder,6,3.03456087333455e-06,0.0,3.03456087333455e-06,
pwl,1,P3_dev_run0,shoulder,7,3.0374107004688583e-06,0.0,3.0374107004688583e-06,
pwl,1,P3_dev_run0,shoulder,8,1.7094429882384642e-09,0.0,1.7094429882384642e-09,
pwl,1,P3_dev_run0,shoulder,9,3.1746847815336984e-12,0.0,3.1746847815336984e-12,
pwl,1,P3_dev_run0,shoulder,10,0.17280023873818115,0.15,0.022800238738181156,0.15200159158787438
pwl,1,P3_dev_run0,shoulder,11,8.06677020782328e-11,0.0,8.06677020782328e-11,
pwl,1,P3_dev_run0,shoulder,12,2.6695687497774076e-12,0.0,2.6695687497774076e-12,
pwl,1,P3_dev_run0,shoulder,13,2.922059000790701e-12,0.0,2.922059000790701e-12,
pwl,1,P3_dev_run0,shoulder,14,2.6488613702154323e-12,0.0,2.6488613702154323e-12,
pwl,1,P3_dev_run0,shoulder,15,2.84083394126349e-12,0.0,2.84083394126349e-12,
pwl,1,P3_dev_run0,shoulder,16,3.912138731809208e-12,0.0,3.912138731809208e-12,
pwl,1,P3_dev_run0,shoulder,17,3.793943477575172e-12,0.0,3.793943477575172e-12,
pwl,1,P3_dev_run0,shoulder,18,4.217534611477263e-12,0.0,4.217534611477263e-12,
pwl,1,P3_dev_run0,shoulder,19,5.049086519553774e-12,0.0,5.049086519553774e-12,
pwl,1,P3_dev_run0,shoulder,20,3.859998638284337e-12,0.0,3.859998638284337e-12,
pwl,1,P3_dev_run0,shoulder,21,3.041048039444173e-12,0.0,3.041048039444173e-12,
pwl,1,P3_dev_run0,shoulder,22,2.9764217856265742e-12,0.0,2.9764217856265742e-12,
pwl,1,P3_dev_run0,shoulder,23,4.2794177512713155e-12,0.0,4.2794177512713155e-12,
pwl,2,P1_old_full_opt,summer,0,0.0471590578679489,0.0,0.0471590578679489,
pwl,2,P1_old_full_opt,summer,1,0.000769187795699868,0.0,0.000769187795699868,
pwl,2,P1_old_full_opt,summer,2,8.501978723864744e-12,0.0,8.501978723864744e-12,
pwl,2,P1_old_full_opt,summer,3,0.01219185247912562,0.02,0.00780814752087438,0.390407376043719
pwl,2,P1_old_full_opt,summer,4,0.04715905786802037,0.0,0.04715905786802037,
pwl,2,P1_old_full_opt,summer,5,0.04715905786801961,0.0,0.04715905786801961,
pwl,2,P1_old_full_opt,summer,6,3.1397468037253014e-06,0.0,3.1397468037253014e-06,
pwl,2,P1_old_full_opt,summer,7,3.142774198258235e-06,0.0,3.142774198258235e-06,
pwl,2,P1_old_full_opt,summer,8,1.171626435011528e-05,0.0,1.171626435011528e-05,
pwl,2,P1_old_full_opt,summer,9,1.7167826405681448e-11,0.0,1.7167826405681448e-11,
pwl,2,P1_old_full_opt,summer,10,2.3586037450907443e-12,0.0,2.3586037450907443e-12,
pwl,2,P1_old_full_opt,summer,11,2.410959626433884e-12,0.0,2.410959626433884e-12,
pwl,2,P1_old_full_opt,summer,12,2.3478296274990664e-12,0.0,2.3478296274990664e-12,
pwl,2,P1_old_full_opt,summer,13,2.2750389578043608e-12,0.0,2.2750389578043608e-12,
pwl,2,P1_old_full_opt,summer,14,3.1202111572391676e-12,0.0,3.1202111572391676e-12,
pwl,2,P1_old_full_opt,summer,15,0.04991462396207288,0.0,0.04991462396207288,
pwl,2,P1_old_full_opt,summer,16,0.12884094213134364,0.0,0.12884094213134364,
pwl,2,P1_old_full_opt,summer,17,1.5809085967366672e-11,0.0,1.5809085967366672e-11,
pwl,2,P1_old_full_opt,summer,18,3.292694442113444e-12,0.0,3.292694442113444e-12,
pwl,2,P1_old_full_opt,summer,19,2.7271326222737216e-12,0.0,2.7271326222737216e-12,
pwl,2,P1_old_full_opt,summer,20,2.646191832689226e-12,0.0,2.646191832689226e-12,
pwl,2,P1_old_full_opt,summer,21,2.58297523083726e-12,0.0,2.58297523083726e-12,
pwl,2,P1_old_full_opt,summer,22,1.837546838677978e-11,0.0,1.837546838677978e-11,
pwl,2,P1_old_full_opt,summer,23,7.462185872909873e-11,0.0,7.462185872909873e-11,
pwl,2,P1_old_full_opt,winter,0,0.047159057881476334,0.0,0.047159057881476334,
pwl,2,P1_old_full_opt,winter,1,2.993874448637269e-08,0.0,2.993874448637269e-08,
pwl,2,P1_old_full_opt,winter,2,5.841091184935412e-10,0.0,5.841091184935412e-10,
pwl,2,P1_old_full_opt,winter,3,0.047159058465874516,0.0,0.047159058465874516,
pwl,2,P1_old_full_opt,winter,4,0.04715905805739279,0.0,0.04715905805739279,
pwl,2,P1_old_full_opt,winter,5,0.011339510878440047,0.02,0.008660489121559953,0.43302445607799767
pwl,2,P1_old_full_opt,winter,6,6.239149457000648e-06,0.0,6.239149457000648e-06,
pwl,2,P1_old_full_opt,winter,7,6.475377893688672e-06,0.0,6.475377893688672e-06,
pwl,2,P1_old_full_opt,winter,8,6.222441438841481e-06,0.0,6.222441438841481e-06,
pwl,2,P1_old_full_opt,winter,9,0.05288322351929991,0.0,0.05288322351929991,
pwl,2,P1_old_full_opt,winter,10,0.047159057955259286,0.0,0.047159057955259286,
pwl,2,P1_old_full_opt,winter,11,0.12884094195823206,0.0,0.12884094195823206,
pwl,2,P1_old_full_opt,winter,12,7.696756165851708e-10,0.0,7.696756165851708e-10,
pwl,2,P1_old_full_opt,winter,13,6.354713733002532e-10,0.0,6.354713733002532e-10,
pwl,2,P1_old_full_opt,winter,14,6.52058066073517e-10,0.0,6.52058066073517e-10,
pwl,2,P1_old_full_opt,winter,15,6.690172626113591e-10,0.0,6.690172626113591e-10,
pwl,2,P1_old_full_opt,winter,16,7.334203999407357e-10,0.0,7.334203999407357e-10,
pwl,2,P1_old_full_opt,winter,17,8.32069791185771e-10,0.0,8.32069791185771e-10,
pwl,2,P1_old_full_opt,winter,18,7.355821807178376e-10,0.0,7.355821807178376e-10,
pwl,2,P1_old_full_opt,winter,19,7.109681468384581e-10,0.0,7.109681468384581e-10,
pwl,2,P1_old_full_opt,winter,20,7.953512137635194e-10,0.0,7.953512137635194e-10,
pwl,2,P1_old_full_opt,winter,21,5.2347806227520366e-08,0.0,5.2347806227520366e-08,
pwl,2,P1_old_full_opt,winter,22,0.022746954066422638,0.02,0.0027469540664226376,0.1373477033211319
pwl,2,P1_old_full_opt,winter,23,0.047159059674162146,0.0,0.047159059674162146,
pwl,2,P1_old_full_opt,shoulder,0,0.04715905785630368,0.0,0.04715905785630368,
pwl,2,P1_old_full_opt,shoulder,1,0.0007689339885826347,0.0,0.0007689339885826347,
pwl,2,P1_old_full_opt,shoulder,2,2.3763461015700893e-09,0.0,2.3763461015700893e-09,
pwl,2,P1_old_full_opt,shoulder,3,0.047159057827325636,0.0,0.047159057827325636,
pwl,2,P1_old_full_opt,shoulder,4,0.047159057869685016,0.0,0.047159057869685016,
pwl,2,P1_old_full_opt,shoulder,5,0.012193732923402607,0.02,0.007806267076597394,0.3903133538298697
pwl,2,P1_old_full_opt,shoulder,6,6.222757223929545e-06,0.0,6.222757223929545e-06,
pwl,2,P1_old_full_opt,shoulder,7,6.222245433508166e-06,0.0,6.222245433508166e-06,
pwl,2,P1_old_full_opt,shoulder,8,4.319630546475848e-11,0.0,4.319630546475848e-11,
pwl,2,P1_old_full_opt,shoulder,9,3.469005021707991e-11,0.0,3.469005021707991e-11,
pwl,2,P1_old_full_opt,shoulder,10,0.047159057942517416,0.0,0.047159057942517416,
pwl,2,P1_old_full_opt,shoulder,11,0.0027733161370033467,0.0,0.0027733161370033467,
pwl,2,P1_old_full_opt,shoulder,12,2.442021654115002e-11,0.0,2.442021654115002e-11,
pwl,2,P1_old_full_opt,shoulder,13,2.2751063146884454e-11,0.0,2.2751063146884454e-11,
pwl,2,P1_old_full_opt,shoulder,14,2.1897293753592546e-11,0.0,2.1897293753592546e-11,
pwl,2,P1_old_full_opt,shoulder,15,2.5820415401405033e-11,0.0,2.5820415401405033e-11,
pwl,2,P1_old_full_opt,shoulder,16,7.004113682529255e-11,0.0,7.004113682529255e-11,
pwl,2,P1_old_full_opt,shoulder,17,1.1494886179977681e-10,0.0,1.1494886179977681e-10,
pwl,2,P1_old_full_opt,shoulder,18,6.320106062551909e-11,0.0,6.320106062551909e-11,
pwl,2,P1_old_full_opt,shoulder,19,1.7578078538985247e-10,0.0,1.7578078538985247e-10,
pwl,2,P1_old_full_opt,shoulder,20,4.9174227513040144e-11,0.0,4.9174227513040144e-11,
pwl,2,P1_old_full_opt,shoulder,21,2.5745397193475494e-11,0.0,2.5745397193475494e-11,
pwl,2,P1_old_full_opt,shoulder,22,2.4018418671247457e-11,0.0,2.4018418671247457e-11,
pwl,2,P1_old_full_opt,shoulder,23,2.7727349972445292e-11,0.0,2.7727349972445292e-11,
pwl,2,P2_dev_run1,summer,0,0.14999999999319447,0.1,0.04999999999319446,0.4999999999319446
pwl,2,P2_dev_run1,summer,1,1.1052255979826592e-11,0.0,1.1052255979826592e-11,
pwl,2,P2_dev_run1,summer,2,3.073814857173061e-07,0.0,3.073814857173061e-07,
pwl,2,P2_dev_run1,summer,3,4.903215477627801e-08,0.0,4.903215477627801e-08,
pwl,2,P2_dev_run1,summer,4,0.021506870055158278,0.05,0.028493129944841725,0.5698625988968344
pwl,2,P2_dev_run1,summer,5,0.08118859983873482,0.0,0.08118859983873482,
pwl,2,P2_dev_run1,summer,6,3.0271733772472712e-06,0.0,3.0271733772472712e-06,
pwl,2,P2_dev_run1,summer,7,3.0346531948335416e-06,0.0,3.0346531948335416e-06,
pwl,2,P2_dev_run1,summer,8,1.1297404651941068e-05,0.0,1.1297404651941068e-05,
pwl,2,P2_dev_run1,summer,9,3.731930841875227e-11,0.0,3.731930841875227e-11,
pwl,2,P2_dev_run1,summer,10,1.2561598858647101e-11,0.0,1.2561598858647101e-11,
pwl,2,P2_dev_run1,summer,11,1.3751377162880937e-11,0.0,1.3751377162880937e-11,
pwl,2,P2_dev_run1,summer,12,1.2991016558412077e-11,0.0,1.2991016558412077e-11,
pwl,2,P2_dev_run1,summer,13,1.2468981877619572e-11,0.0,1.2468981877619572e-11,
pwl,2,P2_dev_run1,summer,14,1.927369402786275e-11,0.0,1.927369402786275e-11,
pwl,2,P2_dev_run1,summer,15,0.022355483089578507,0.0,0.022355483089578507,
pwl,2,P2_dev_run1,summer,16,0.14999999999708086,0.1,0.04999999999708085,0.4999999999708085
pwl,2,P2_dev_run1,summer,17,3.5712332638868656e-11,0.0,3.5712332638868656e-11,
pwl,2,P2_dev_run1,summer,18,1.7704460071105173e-11,0.0,1.7704460071105173e-11,
pwl,2,P2_dev_run1,summer,19,1.4818060457853637e-11,0.0,1.4818060457853637e-11,
pwl,2,P2_dev_run1,summer,20,1.429342107460761e-11,0.0,1.429342107460761e-11,
pwl,2,P2_dev_run1,summer,21,1.4191797435436461e-11,0.0,1.4191797435436461e-11,
pwl,2,P2_dev_run1,summer,22,7.867797674416946e-11,0.0,7.867797674416946e-11,
pwl,2,P2_dev_run1,summer,23,1.871607410414147e-09,0.0,1.871607410414147e-09,
pwl,2,P2_dev_run1,winter,0,0.14999999999928518,0.1,0.04999999999928517,0.4999999999928517
pwl,2,P2_dev_run1,winter,1,0.0,0.0,0.0,
pwl,2,P2_dev_run1,winter,2,3.1648509192377554e-07,0.0,3.1648509192377554e-07,
pwl,2,P2_dev_run1,winter,3,0.021506882924871146,0.05,0.028493117075128856,0.5698623415025771
pwl,2,P2_dev_run1,winter,4,0.08118860530810916,0.0,0.08118860530810916,
pwl,2,P2_dev_run1,winter,5,3.027862048254447e-06,0.0,3.027862048254447e-06,
pwl,2,P2_dev_run1,winter,6,1.1297361429801165e-05,0.0,1.1297361429801165e-05,
pwl,2,P2_dev_run1,winter,7,1.1297370722782527e-05,0.0,1.1297370722782527e-05,
pwl,2,P2_dev_run1,winter,8,1.1297385024452664e-05,0.0,1.1297385024452664e-05,
pwl,2,P2_dev_run1,winter,9,7.964237434997295e-10,0.0,7.964237434997295e-10,
pwl,2,P2_dev_run1,winter,10,0.08118860530742758,0.0,0.08118860530742758,
pwl,2,P2_dev_run1,winter,11,0.041920461802452715,0.05,0.008079538197547288,0.16159076395094576
pwl,2,P2_dev_run1,winter,12,2.716492364907407e-12,0.0,2.716492364907407e-12,
pwl,2,P2_dev_run1,winter,13,4.543448842146658e-12,0.0,4.543448842146658e-12,
pwl,2,P2_dev_run1,winter,14,2.6035016089133627e-12,0.0,2.6035016089133627e-12,
pwl,2,P2_dev_run1,winter,15,2.5496890459326306e-12,0.0,2.5496890459326306e-12,
pwl,2,P2_dev_run1,winter,16,2.662886547676685e-12,0.0,2.662886547676685e-12,
pwl,2,P2_dev_run1,winter,17,3.016031279191099e-12,0.0,3.016031279191099e-12,
pwl,2,P2_dev_run1,winter,18,2.9287163486970956e-12,0.0,2.9287163486970956e-12,
pwl,2,P2_dev_run1,winter,19,0.0,0.0,0.0,
pwl,2,P2_dev_run1,winter,20,2.2039260642272095e-10,0.0,2.2039260642272095e-10,
pwl,2,P2_dev_run1,winter,21,6.207426994044172e-07,0.0,6.207426994044172e-07,
pwl,2,P2_dev_run1,winter,22,6.189021059305186e-07,0.0,6.189021059305186e-07,
pwl,2,P2_dev_run1,winter,23,0.1499999999992821,0.1,0.04999999999928209,0.4999999999928209
pwl,2,P2_dev_run1,shoulder,0,0.046212645312726584,0.1,0.05378735468727342,0.5378735468727341
pwl,2,P2_dev_run1,shoulder,1,6.921402178784577e-12,0.0,6.921402178784577e-12,
pwl,2,P2_dev_run1,shoulder,2,1.8727934718653935e-07,0.0,1.8727934718653935e-07,
pwl,2,P2_dev_run1,shoulder,3,0.021506871582489543,0.05,0.02849312841751046,0.5698625683502092
pwl,2,P2_dev_run1,shoulder,4,0.08118860530761944,0.0,0.08118860530761944,
pwl,2,P2_dev_run1,shoulder,5,3.0271453435228057e-06,0.0,3.0271453435228057e-06,
pwl,2,P2_dev_run1,shoulder,6,3.0271400778463784e-06,0.0,3.0271400778463784e-06,
pwl,2,P2_dev_run1,shoulder,7,3.027148234601114e-06,0.0,3.027148234601114e-06,
pwl,2,P2_dev_run1,shoulder,8,2.5629398055566664e-10,0.0,2.5629398055566664e-10,
pwl,2,P2_dev_run1,shoulder,9,9.206453062319389e-12,0.0,9.206453062319389e-12,
pwl,2,P2_dev_run1,shoulder,10,0.14999999999335129,0.1,0.04999999999335128,0.4999999999335128
pwl,2,P2_dev_run1,shoulder,11,6.814109101420972e-09,0.0,6.814109101420972e-09,
pwl,2,P2_dev_run1,shoulder,12,7.494877666131913e-12,0.0,7.494877666131913e-12,
pwl,2,P2_dev_run1,shoulder,13,8.82448451781581e-12,0.0,8.82448451781581e-12,
pwl,2,P2_dev_run1,shoulder,14,6.955307300511981e-12,0.0,6.955307300511981e-12,
pwl,2,P2_dev_run1,shoulder,15,7.867925832778798e-12,0.0,7.867925832778798e-12,
pwl,2,P2_dev_run1,shoulder,16,1.3318055957930322e-11,0.0,1.3318055957930322e-11,
pwl,2,P2_dev_run1,shoulder,17,2.6155329855422757e-11,0.0,2.6155329855422757e-11,
pwl,2,P2_dev_run1,shoulder,18,3.375765102461286e-11,0.0,3.375765102461286e-11,
pwl,2,P2_dev_run1,shoulder,19,3.4530357400989354e-10,0.0,3.4530357400989354e-10,
pwl,2,P2_dev_run1,shoulder,20,2.4151166578589115e-11,0.0,2.4151166578589115e-11,
pwl,2,P2_dev_run1,shoulder,21,7.720429658325383e-12,0.0,7.720429658325383e-12,
pwl,2,P2_dev_run1,shoulder,22,8.09945949975347e-12,0.0,8.09945949975347e-12,
pwl,2,P2_dev_run1,shoulder,23,1.2964790267110154e-11,0.0,1.2964790267110154e-11,
pwl,2,P3_dev_run0,summer,0,0.1728946741027118,0.15,0.022894674102711815,0.15263116068474544
pwl,2,P3_dev_run0,summer,1,2.1842410199440707e-11,0.0,2.1842410199440707e-11,
pwl,2,P3_dev_run0,summer,2,3.2838880974399257e-07,0.0,3.2838880974399257e-07,
pwl,2,P3_dev_run0,summer,3,3.395345031391043e-07,0.0,3.395345031391043e-07,
pwl,2,P3_dev_run0,summer,4,0.1499999999972546,0.0,0.1499999999972546,
pwl,2,P3_dev_run0,summer,5,0.14999999999770547,0.2,0.05000000000229454,0.2500000000114727
pwl,2,P3_dev_run0,summer,6,1.1325315272555957e-05,0.0,1.1325315272555957e-05,
pwl,2,P3_dev_run0,summer,7,1.1325376666476773e-05,0.0,1.1325376666476773e-05,
pwl,2,P3_dev_run0,summer,8,1.132538134878186e-05,0.0,1.132538134878186e-05,
pwl,2,P3_dev_run0,summer,9,3.2061411159670456e-09,0.0,3.2061411159670456e-09,
pwl,2,P3_dev_run0,summer,10,6.220731304339682e-11,0.0,6.220731304339682e-11,
pwl,2,P3_dev_run0,summer,11,7.132146287687533e-11,0.0,7.132146287687533e-11,
pwl,2,P3_dev_run0,summer,12,7.019494624432456e-11,0.0,7.019494624432456e-11,
pwl,2,P3_dev_run0,summer,13,5.231464657252244e-11,0.0,5.231464657252244e-11,
pwl,2,P3_dev_run0,summer,14,1.4498738731802342e-10,0.0,1.4498738731802342e-10,
pwl,2,P3_dev_run0,summer,15,0.15000000000193897,0.0,0.15000000000193897,
pwl,2,P3_dev_run0,summer,16,0.15781682365535035,0.2,0.04218317634464966,0.2109158817232483
pwl,2,P3_dev_run0,summer,17,8.887458476319365e-09,0.0,8.887458476319365e-09,
pwl,2,P3_dev_run0,summer,18,4.0956444395206694e-10,0.0,4.0956444395206694e-10,
pwl,2,P3_dev_run0,summer,19,2.750335999950264e-10,0.0,2.750335999950264e-10,
pwl,2,P3_dev_run0,summer,20,2.5226559967828753e-10,0.0,2.5226559967828753e-10,
pwl,2,P3_dev_run0,summer,21,1.1382215836071875e-10,0.0,1.1382215836071875e-10,
pwl,2,P3_dev_run0,summer,22,3.396820029787382e-10,0.0,3.396820029787382e-10,
pwl,2,P3_dev_run0,summer,23,0.14999999999280966,0.0,0.14999999999280966,
pwl,2,P3_dev_run0,winter,0,0.17289467483356316,0.15,0.022894674833563167,0.15263116555708778
pwl,2,P3_dev_run0,winter,1,0.0,0.0,0.0,
pwl,2,P3_dev_run0,winter,2,5.982243980662763e-07,0.0,5.982243980662763e-07,
pwl,2,P3_dev_run0,winter,3,6.015393478525364e-07,0.0,6.015393478525364e-07,
pwl,2,P3_dev_run0,winter,4,0.15000000000057065,0.2,0.04999999999942936,0.2499999999971468
pwl,2,P3_dev_run0,winter,5,1.1325288763544567e-05,0.0,1.1325288763544567e-05,
pwl,2,P3_dev_run0,winter,6,1.1325297789622142e-05,0.0,1.1325297789622142e-05,
pwl,2,P3_dev_run0,winter,7,1.1325297939897874e-05,0.0,1.1325297939897874e-05,
pwl,2,P3_dev_run0,winter,8,1.132529007440001e-05,0.0,1.132529007440001e-05,
pwl,2,P3_dev_run0,winter,9,0.0,0.0,0.0,
pwl,2,P3_dev_run0,winter,10,0.34577969352841953,0.3,0.04577969352841954,0.15259897842806514
pwl,2,P3_dev_run0,winter,11,0.0,0.0,0.0,
pwl,2,P3_dev_run0,winter,12,0.0,0.0,0.0,
pwl,2,P3_dev_run0,winter,13,4.759069596003948e-06,0.0,4.759069596003948e-06,
pwl,2,P3_dev_run0,winter,14,2.2910231530915212e-10,0.0,2.2910231530915212e-10,
pwl,2,P3_dev_run0,winter,15,0.0,0.0,0.0,
pwl,2,P3_dev_run0,winter,16,0.0,0.0,0.0,
pwl,2,P3_dev_run0,winter,17,1.2523880785037814e-09,0.0,1.2523880785037814e-09,
pwl,2,P3_dev_run0,winter,18,1.131709248147865e-09,0.0,1.131709248147865e-09,
pwl,2,P3_dev_run0,winter,19,2.4992982404959877e-10,0.0,2.4992982404959877e-10,
pwl,2,P3_dev_run0,winter,20,1.69566924899604e-09,0.0,1.69566924899604e-09,
pwl,2,P3_dev_run0,winter,21,6.033569827129916e-07,0.0,6.033569827129916e-07,
pwl,2,P3_dev_run0,winter,22,6.01562704088101e-07,0.0,6.01562704088101e-07,
pwl,2,P3_dev_run0,winter,23,0.19210558164338104,0.15,0.042105581643381046,0.28070387762254034
pwl,2,P3_dev_run0,shoulder,0,0.1500000000007412,0.1,0.0500000000007412,0.500000000007412
pwl,2,P3_dev_run0,shoulder,1,2.1513659040987074e-12,0.0,2.1513659040987074e-12,
pwl,2,P3_dev_run0,shoulder,2,3.057555294942783e-07,0.0,3.057555294942783e-07,
pwl,2,P3_dev_run0,shoulder,3,3.073610627519359e-07,0.0,3.073610627519359e-07,
pwl,2,P3_dev_run0,shoulder,4,0.14999999999883426,0.2,0.05000000000116575,0.2500000000058287
pwl,2,P3_dev_run0,shoulder,5,1.1324677895114346e-05,0.0,1.1324677895114346e-05,
pwl,2,P3_dev_run0,shoulder,6,1.1324895076248609e-05,0.0,1.1324895076248609e-05,
pwl,2,P3_dev_run0,shoulder,7,1.1325384691429569e-05,0.0,1.1325384691429569e-05,
pwl,2,P3_dev_run0,shoulder,8,2.225726577287655e-10,0.0,2.225726577287655e-10,
pwl,2,P3_dev_run0,shoulder,9,2.9218522515842207e-12,0.0,2.9218522515842207e-12,
pwl,2,P3_dev_run0,shoulder,10,0.15000000000498886,0.15,4.988870427879988e-12,3.325913618586659e-11
pwl,2,P3_dev_run0,shoulder,11,4.691092916475613e-09,0.0,4.691092916475613e-09,
pwl,2,P3_dev_run0,shoulder,12,2.3887854777102264e-12,0.0,2.3887854777102264e-12,
pwl,2,P3_dev_run0,shoulder,13,2.5502255943535416e-12,0.0,2.5502255943535416e-12,
pwl,2,P3_dev_run0,shoulder,14,2.4040534246853697e-12,0.0,2.4040534246853697e-12,
pwl,2,P3_dev_run0,shoulder,15,2.566422541538505e-12,0.0,2.566422541538505e-12,
pwl,2,P3_dev_run0,shoulder,16,3.686001246306929e-12,0.0,3.686001246306929e-12,
pwl,2,P3_dev_run0,shoulder,17,4.53679371831957e-12,0.0,4.53679371831957e-12,
pwl,2,P3_dev_run0,shoulder,18,4.174037807136018e-12,0.0,4.174037807136018e-12,
pwl,2,P3_dev_run0,shoulder,19,5.188938137743797e-12,0.0,5.188938137743797e-12,
pwl,2,P3_dev_run0,shoulder,20,3.75268990332412e-12,0.0,3.75268990332412e-12,
pwl,2,P3_dev_run0,shoulder,21,2.8149562320037518e-12,0.0,2.8149562320037518e-12,
pwl,2,P3_dev_run0,shoulder,22,2.663823766086644e-12,0.0,2.663823766086644e-12,
pwl,2,P3_dev_run0,shoulder,23,3.417632239246599e-12,0.0,3.417632239246599e-12,
pwl,4,P1_old_full_opt,summer,0,0.0471590578678812,0.0,0.0471590578678812,
pwl,4,P1_old_full_opt,summer,1,0.0028706454411008974,0.0,0.0028706454411008974,
pwl,4,P1_old_full_opt,summer,2,1.0040703686271728e-09,0.0,1.0040703686271728e-09,
pwl,4,P1_old_full_opt,summer,3,0.045500609920493616,0.02,0.025500609920493616,1.2750304960246808
pwl,4,P1_old_full_opt,summer,4,0.047159057867908374,0.0,0.047159057867908374,
pwl,4,P1_old_full_opt,summer,5,0.04715905786790788,0.0,0.04715905786790788,
pwl,4,P1_old_full_opt,summer,6,1.1716982162419847e-05,0.0,1.1716982162419847e-05,
pwl,4,P1_old_full_opt,summer,7,1.1713850807246618e-05,0.0,1.1713850807246618e-05,
pwl,4,P1_old_full_opt,summer,8,1.1716968187587077e-05,0.0,1.1716968187587077e-05,
pwl,4,P1_old_full_opt,summer,9,7.948908872074662e-13,0.0,7.948908872074662e-13,
pwl,4,P1_old_full_opt,summer,10,4.3392253578703233e-13,0.0,4.3392253578703233e-13,
pwl,4,P1_old_full_opt,summer,11,4.471876127408534e-13,0.0,4.471876127408534e-13,
pwl,4,P1_old_full_opt,summer,12,4.39722910147999e-13,0.0,4.39722910147999e-13,
pwl,4,P1_old_full_opt,summer,13,4.257578764919258e-13,0.0,4.257578764919258e-13,
pwl,4,P1_old_full_opt,summer,14,4.848192623347551e-13,0.0,4.848192623347551e-13,
pwl,4,P1_old_full_opt,summer,15,0.049999999999401405,0.0,0.049999999999401405,
pwl,4,P1_old_full_opt,summer,16,0.1287555686719021,0.0,0.1287555686719021,
pwl,4,P1_old_full_opt,summer,17,7.323720925476341e-13,0.0,7.323720925476341e-13,
pwl,4,P1_old_full_opt,summer,18,5.39318865669575e-13,0.0,5.39318865669575e-13,
pwl,4,P1_old_full_opt,summer,19,5.293737979851187e-13,0.0,5.293737979851187e-13,
pwl,4,P1_old_full_opt,summer,20,5.163971073221416e-13,0.0,5.163971073221416e-13,
pwl,4,P1_old_full_opt,summer,21,4.837074054125076e-13,0.0,4.837074054125076e-13,
pwl,4,P1_old_full_opt,summer,22,5.211658303586429e-13,0.0,5.211658303586429e-13,
pwl,4,P1_old_full_opt,summer,23,4.122792829208329e-12,0.0,4.122792829208329e-12,
pwl,4,P1_old_full_opt,winter,0,0.04715905786813714,0.0,0.04715905786813714,
pwl,4,P1_old_full_opt,winter,1,0.0028706443023411117,0.0,0.0028706443023411117,
pwl,4,P1_old_full_opt,winter,2,1.0138946559678263e-11,0.0,1.0138946559678263e-11,
pwl,4,P1_old_full_opt,winter,3,0.04715906006575622,0.0,0.04715906006575622,
pwl,4,P1_old_full_opt,winter,4,0.04715905787281533,0.0,0.04715905787281533,
pwl,4,P1_old_full_opt,winter,5,0.04550790193179082,0.02,0.02550790193179082,1.275395096589541
pwl,4,P1_old_full_opt,winter,6,1.1645931681291306e-05,0.0,1.1645931681291306e-05,
pwl,4,P1_old_full_opt,winter,7,1.169386185109756e-05,0.0,1.169386185109756e-05,
pwl,4,P1_old_full_opt,winter,8,1.1715211054901046e-05,0.0,1.1715211054901046e-05,
pwl,4,P1_old_full_opt,winter,9,0.05288451058029535,0.0,0.05288451058029535,
pwl,4,P1_old_full_opt,winter,10,0.04715905786933693,0.0,0.04715905786933693,
pwl,4,P1_old_full_opt,winter,11,0.12884094212889274,0.0,0.12884094212889274,
pwl,4,P1_old_full_opt,winter,12,1.321060513552369e-11,0.0,1.321060513552369e-11,
pwl,4,P1_old_full_opt,winter,13,1.0783863579038401e-11,0.0,1.0783863579038401e-11,
pwl,4,P1_old_full_opt,winter,14,1.0627183005251092e-11,0.0,1.0627183005251092e-11,
pwl,4,P1_old_full_opt,winter,15,1.0876712201045759e-11,0.0,1.0876712201045759e-11,
pwl,4,P1_old_full_opt,winter,16,1.2053586894070622e-11,0.0,1.2053586894070622e-11,
pwl,4,P1_old_full_opt,winter,17,1.449613806670892e-11,0.0,1.449613806670892e-11,
pwl,4,P1_old_full_opt,winter,18,1.2295523966653766e-11,0.0,1.2295523966653766e-11,
pwl,4,P1_old_full_opt,winter,19,1.2000295690585704e-11,0.0,1.2000295690585704e-11,
pwl,4,P1_old_full_opt,winter,20,1.3426990291424585e-11,0.0,1.3426990291424585e-11,
pwl,4,P1_old_full_opt,winter,21,4.044636477803964e-09,0.0,4.044636477803964e-09,
pwl,4,P1_old_full_opt,winter,22,0.02274751806662632,0.02,0.00274751806662632,0.137375903331316
pwl,4,P1_old_full_opt,winter,23,0.047159058067661984,0.0,0.047159058067661984,
pwl,4,P1_old_full_opt,shoulder,0,0.04715905786790811,0.0,0.04715905786790811,
pwl,4,P1_old_full_opt,shoulder,1,0.0028706443641261983,0.0,0.0028706443641261983,
pwl,4,P1_old_full_opt,shoulder,2,1.1081467575903969e-10,0.0,1.1081467575903969e-10,
pwl,4,P1_old_full_opt,shoulder,3,0.04715905941849152,0.0,0.04715905941849152,
pwl,4,P1_old_full_opt,shoulder,4,0.047159057869004775,0.0,0.047159057869004775,
pwl,4,P1_old_full_opt,shoulder,5,0.012193804944239531,0.02,0.007806195055760469,0.39030975278802343
pwl,4,P1_old_full_opt,shoulder,6,3.157217247494744e-06,0.0,3.157217247494744e-06,
pwl,4,P1_old_full_opt,shoulder,7,1.1717893151850538e-05,0.0,1.1717893151850538e-05,
pwl,4,P1_old_full_opt,shoulder,8,2.1451445389452625e-11,0.0,2.1451445389452625e-11,
pwl,4,P1_old_full_opt,shoulder,9,8.694581823549534e-12,0.0,8.694581823549534e-12,
pwl,4,P1_old_full_opt,shoulder,10,0.049999999999260226,0.0,0.049999999999260226,
pwl,4,P1_old_full_opt,shoulder,11,0.004413676378515156,0.0,0.004413676378515156,
pwl,4,P1_old_full_opt,shoulder,12,6.888824832076656e-12,0.0,6.888824832076656e-12,
pwl,4,P1_old_full_opt,shoulder,13,7.034754866560407e-12,0.0,7.034754866560407e-12,
pwl,4,P1_old_full_opt,shoulder,14,6.692724188254712e-12,0.0,6.692724188254712e-12,
pwl,4,P1_old_full_opt,shoulder,15,7.183415202388623e-12,0.0,7.183415202388623e-12,
pwl,4,P1_old_full_opt,shoulder,16,1.4049846541040512e-11,0.0,1.4049846541040512e-11,
pwl,4,P1_old_full_opt,shoulder,17,2.51603475238245e-11,0.0,2.51603475238245e-11,
pwl,4,P1_old_full_opt,shoulder,18,1.3748637436686503e-11,0.0,1.3748637436686503e-11,
pwl,4,P1_old_full_opt,shoulder,19,4.321825332382295e-11,0.0,4.321825332382295e-11,
pwl,4,P1_old_full_opt,shoulder,20,1.229484365588827e-11,0.0,1.229484365588827e-11,
pwl,4,P1_old_full_opt,shoulder,21,7.399284890414435e-12,0.0,7.399284890414435e-12,
pwl,4,P1_old_full_opt,shoulder,22,7.1874221474979504e-12,0.0,7.1874221474979504e-12,
pwl,4,P1_old_full_opt,shoulder,23,8.716939138582822e-12,0.0,8.716939138582822e-12,
pwl,4,P2_dev_run1,summer,0,0.1499999999904439,0.1,0.04999999999044388,0.49999999990443883
pwl,4,P2_dev_run1,summer,1,4.33291863776441e-12,0.0,4.33291863776441e-12,
pwl,4,P2_dev_run1,summer,2,4.5156570068515683e-07,0.0,4.5156570068515683e-07,
pwl,4,P2_dev_run1,summer,3,4.5081738460631857e-07,0.0,4.5081738460631857e-07,
pwl,4,P2_dev_run1,summer,4,0.050000000007682906,0.05,7.682902924965873e-12,1.5365805849931746e-10
pwl,4,P2_dev_run1,summer,5,0.052696272638831185,0.0,0.052696272638831185,
pwl,4,P2_dev_run1,summer,6,1.129755427792584e-05,0.0,1.129755427792584e-05,
pwl,4,P2_dev_run1,summer,7,1.1297548829524181e-05,0.0,1.1297548829524181e-05,
pwl,4,P2_dev_run1,summer,8,1.1297592970667079e-05,0.0,1.1297592970667079e-05,
pwl,4,P2_dev_run1,summer,9,8.00017316504462e-09,0.0,8.00017316504462e-09,
pwl,4,P2_dev_run1,summer,10,4.863702965845063e-12,0.0,4.863702965845063e-12,
pwl,4,P2_dev_run1,summer,11,5.2994224998435755e-12,0.0,5.2994224998435755e-12,
pwl,4,P2_dev_run1,summer,12,4.887815336904142e-12,0.0,4.887815336904142e-12,
pwl,4,P2_dev_run1,summer,13,4.88043746613931e-12,0.0,4.88043746613931e-12,
pwl,4,P2_dev_run1,summer,14,2.254143638265915e-09,0.0,2.254143638265915e-09,
pwl,4,P2_dev_run1,summer,15,0.04999999999882882,0.0,0.04999999999882882,
pwl,4,P2_dev_run1,summer,16,0.12235626032914682,0.1,0.02235626032914681,0.2235626032914681
pwl,4,P2_dev_run1,summer,17,4.584219110312247e-09,0.0,4.584219110312247e-09,
pwl,4,P2_dev_run1,summer,18,5.808544445913976e-10,0.0,5.808544445913976e-10,
pwl,4,P2_dev_run1,summer,19,5.726988048083888e-12,0.0,5.726988048083888e-12,
pwl,4,P2_dev_run1,summer,20,5.308458494384218e-12,0.0,5.308458494384218e-12,
pwl,4,P2_dev_run1,summer,21,6.192189482695904e-12,0.0,6.192189482695904e-12,
pwl,4,P2_dev_run1,summer,22,1.4738728414830077e-11,0.0,1.4738728414830077e-11,
pwl,4,P2_dev_run1,summer,23,6.221951136384478e-09,0.0,6.221951136384478e-09,
pwl,4,P2_dev_run1,winter,0,0.14999999999258534,0.1,0.04999999999258534,0.49999999992585337
pwl,4,P2_dev_run1,winter,1,4.705603064317346e-11,0.0,4.705603064317346e-11,
pwl,4,P2_dev_run1,winter,2,3.1051637624963785e-07,0.0,3.1051637624963785e-07,
pwl,4,P2_dev_run1,winter,3,0.05000000000516383,0.05,5.163827698773105e-12,1.0327655397546209e-10
pwl,4,P2_dev_run1,winter,4,0.08118860531188309,0.0,0.08118860531188309,
pwl,4,P2_dev_run1,winter,5,1.129691414903566e-05,0.0,1.129691414903566e-05,
pwl,4,P2_dev_run1,winter,6,1.1296483654123702e-05,0.0,1.1296483654123702e-05,
pwl,4,P2_dev_run1,winter,7,1.1296992847151214e-05,0.0,1.1296992847151214e-05,
pwl,4,P2_dev_run1,winter,8,1.1296633921854488e-05,0.0,1.1296633921854488e-05,
pwl,4,P2_dev_run1,winter,9,5.808763589849903e-11,0.0,5.808763589849903e-11,
pwl,4,P2_dev_run1,winter,10,0.08118860530929192,0.0,0.08118860530929192,
pwl,4,P2_dev_run1,winter,11,0.04192048046214323,0.05,0.008079519537856773,0.16159039075713547
pwl,4,P2_dev_run1,winter,12,1.653129645720695e-11,0.0,1.653129645720695e-11,
pwl,4,P2_dev_run1,winter,13,2.270423515519043e-11,0.0,2.270423515519043e-11,
pwl,4,P2_dev_run1,winter,14,1.6311065457722005e-11,0.0,1.6311065457722005e-11,
pwl,4,P2_dev_run1,winter,15,1.636140387038408e-11,0.0,1.636140387038408e-11,
pwl,4,P2_dev_run1,winter,16,1.6995215563934202e-11,0.0,1.6995215563934202e-11,
pwl,4,P2_dev_run1,winter,17,1.9776511412441776e-11,0.0,1.9776511412441776e-11,
pwl,4,P2_dev_run1,winter,18,1.8170247836475063e-11,0.0,1.8170247836475063e-11,
pwl,4,P2_dev_run1,winter,19,8.957689803747277e-12,0.0,8.957689803747277e-12,
pwl,4,P2_dev_run1,winter,20,1.3201357106590508e-08,0.0,1.3201357106590508e-08,
pwl,4,P2_dev_run1,winter,21,1.1543839086686467e-06,0.0,1.1543839086686467e-06,
pwl,4,P2_dev_run1,winter,22,2.9812196431456946e-07,0.0,2.9812196431456946e-07,
pwl,4,P2_dev_run1,winter,23,0.14999999999257346,0.1,0.04999999999257346,0.4999999999257346
pwl,4,P2_dev_run1,shoulder,0,0.050000000001580155,0.1,0.04999999999841985,0.4999999999841985
pwl,4,P2_dev_run1,shoulder,1,5.972198524899394e-12,0.0,5.972198524899394e-12,
pwl,4,P2_dev_run1,shoulder,2,4.375280052711058e-07,0.0,4.375280052711058e-07,
pwl,4,P2_dev_run1,shoulder,3,0.0215068808161933,0.05,0.028493119183806703,0.5698623836761341
pwl,4,P2_dev_run1,shoulder,4,0.08118860530703233,0.0,0.08118860530703233,
pwl,4,P2_dev_run1,shoulder,5,3.059424427622924e-06,0.0,3.059424427622924e-06,
pwl,4,P2_dev_run1,shoulder,6,1.1293990322202673e-05,0.0,1.1293990322202673e-05,
pwl,4,P2_dev_run1,shoulder,7,1.129750280963166e-05,0.0,1.129750280963166e-05,
pwl,4,P2_dev_run1,shoulder,8,4.838240929331767e-09,0.0,4.838240929331767e-09,
pwl,4,P2_dev_run1,shoulder,9,4.2476915928510756e-10,0.0,4.2476915928510756e-10,
pwl,4,P2_dev_run1,shoulder,10,0.050000000022578546,0.1,0.04999999997742146,0.49999999977421455
pwl,4,P2_dev_run1,shoulder,11,5.425010736309817e-09,0.0,5.425010736309817e-09,
pwl,4,P2_dev_run1,shoulder,12,5.4808202907043004e-12,0.0,5.4808202907043004e-12,
pwl,4,P2_dev_run1,shoulder,13,2.2713546267714555e-09,0.0,2.2713546267714555e-09,
pwl,4,P2_dev_run1,shoulder,14,3.8940748109143805e-12,0.0,3.8940748109143805e-12,
pwl,4,P2_dev_run1,shoulder,15,5.979522395172207e-12,0.0,5.979522395172207e-12,
pwl,4,P2_dev_run1,shoulder,16,1.1977973634171408e-09,0.0,1.1977973634171408e-09,
pwl,4,P2_dev_run1,shoulder,17,1.4211449988250055e-09,0.0,1.4211449988250055e-09,
pwl,4,P2_dev_run1,shoulder,18,1.946924119301608e-09,0.0,1.946924119301608e-09,
pwl,4,P2_dev_run1,shoulder,19,2.3099542066010592e-09,0.0,2.3099542066010592e-09,
pwl,4,P2_dev_run1,shoulder,20,1.649936275676943e-09,0.0,1.649936275676943e-09,
pwl,4,P2_dev_run1,shoulder,21,4.358580437005673e-12,0.0,4.358580437005673e-12,
pwl,4,P2_dev_run1,shoulder,22,5.886266316624828e-12,0.0,5.886266316624828e-12,
pwl,4,P2_dev_run1,shoulder,23,5.622619330385667e-10,0.0,5.622619330385667e-10,
pwl,4,P3_dev_run0,summer,0,0.17289467263110087,0.15,0.02289467263110087,0.1526311508740058
pwl,4,P3_dev_run0,summer,1,1.7082249865344246e-10,0.0,1.7082249865344246e-10,
pwl,4,P3_dev_run0,summer,2,3.19438188689121e-07,0.0,3.19438188689121e-07,
pwl,4,P3_dev_run0,summer,3,4.350365175968414e-07,0.0,4.350365175968414e-07,
pwl,4,P3_dev_run0,summer,4,0.15000000001855027,0.0,0.15000000001855027,
pwl,4,P3_dev_run0,summer,5,0.15000000003154443,0.2,0.04999999996845558,0.24999999984227791
pwl,4,P3_dev_run0,summer,6,1.1324151926371767e-05,0.0,1.1324151926371767e-05,
pwl,4,P3_dev_run0,summer,7,1.1325104638093088e-05,0.0,1.1325104638093088e-05,
pwl,4,P3_dev_run0,summer,8,1.1325063422882593e-05,0.0,1.1325063422882593e-05,
pwl,4,P3_dev_run0,summer,9,6.210293907467944e-08,0.0,6.210293907467944e-08,
pwl,4,P3_dev_run0,summer,10,3.317608037424661e-10,0.0,3.317608037424661e-10,
pwl,4,P3_dev_run0,summer,11,3.53927549718611e-10,0.0,3.53927549718611e-10,
pwl,4,P3_dev_run0,summer,12,3.333302061856165e-10,0.0,3.333302061856165e-10,
pwl,4,P3_dev_run0,summer,13,2.966269430156623e-10,0.0,2.966269430156623e-10,
pwl,4,P3_dev_run0,summer,14,4.387014472008707e-10,0.0,4.387014472008707e-10,
pwl,4,P3_dev_run0,summer,15,0.1499999998811395,0.0,0.1499999998811395,
pwl,4,P3_dev_run0,summer,16,0.19572061702350516,0.2,0.0042793829764948554,0.021396914882474277
pwl,4,P3_dev_run0,summer,17,4.1012271281447026e-08,0.0,4.1012271281447026e-08,
pwl,4,P3_dev_run0,summer,18,1.5719072000437514e-09,0.0,1.5719072000437514e-09,
pwl,4,P3_dev_run0,summer,19,9.998817088861453e-10,0.0,9.998817088861453e-10,
pwl,4,P3_dev_run0,summer,20,6.916965566659452e-10,0.0,6.916965566659452e-10,
pwl,4,P3_dev_run0,summer,21,4.513493961114184e-10,0.0,4.513493961114184e-10,
pwl,4,P3_dev_run0,summer,22,1.634225641336714e-09,0.0,1.634225641336714e-09,
pwl,4,P3_dev_run0,summer,23,0.1921055813563578,0.0,0.1921055813563578,
pwl,4,P3_dev_run0,winter,0,0.17289468390507484,0.15,0.022894683905074847,0.15263122603383233
pwl,4,P3_dev_run0,winter,1,4.3763391267607366e-09,0.0,4.3763391267607366e-09,
pwl,4,P3_dev_run0,winter,2,6.521000437469468e-07,0.0,6.521000437469468e-07,
pwl,4,P3_dev_run0,winter,3,5.939836010948489e-07,0.0,5.939836010948489e-07,
pwl,4,P3_dev_run0,winter,4,0.2999999998682188,0.2,0.09999999986821878,0.4999999993410939
pwl,4,P3_dev_run0,winter,5,1.1325390392191993e-05,0.0,1.1325390392191993e-05,
pwl,4,P3_dev_run0,winter,6,1.1325389694988112e-05,0.0,1.1325389694988112e-05,
pwl,4,P3_dev_run0,winter,7,1.1325394955069611e-05,0.0,1.1325394955069611e-05,
pwl,4,P3_dev_run0,winter,8,1.1325436988707004e-05,0.0,1.1325436988707004e-05,
pwl,4,P3_dev_run0,winter,9,4.3411303633327345e-09,0.0,4.3411303633327345e-09,
pwl,4,P3_dev_run0,winter,10,0.3457797203701492,0.3,0.04577972037014921,0.15259906790049738
pwl,4,P3_dev_run0,winter,11,4.324254212367948e-09,0.0,4.324254212367948e-09,
pwl,4,P3_dev_run0,winter,12,0.0,0.0,0.0,
pwl,4,P3_dev_run0,winter,13,4.742767075382836e-06,0.0,4.742767075382836e-06,
pwl,4,P3_dev_run0,winter,14,7.0130298091265576e-09,0.0,7.0130298091265576e-09,
pwl,4,P3_dev_run0,winter,15,0.0,0.0,0.0,
pwl,4,P3_dev_run0,winter,16,1.2761580741163714e-09,0.0,1.2761580741163714e-09,
pwl,4,P3_dev_run0,winter,17,4.549200241901628e-09,0.0,4.549200241901628e-09,
pwl,4,P3_dev_run0,winter,18,7.005555297708395e-09,0.0,7.005555297708395e-09,
pwl,4,P3_dev_run0,winter,19,4.865243432037292e-09,0.0,4.865243432037292e-09,
pwl,4,P3_dev_run0,winter,20,1.6729094509374996e-08,0.0,1.6729094509374996e-08,
pwl,4,P3_dev_run0,winter,21,6.389141787323337e-07,0.0,6.389141787323337e-07,
pwl,4,P3_dev_run0,winter,22,6.009778724081827e-07,0.0,6.009778724081827e-07,
pwl,4,P3_dev_run0,winter,23,0.19210558184134624,0.15,0.042105581841346246,0.2807038789423083
pwl,4,P3_dev_run0,shoulder,0,0.17289468024246304,0.1,0.07289468024246304,0.7289468024246304
pwl,4,P3_dev_run0,shoulder,1,2.067223981486513e-11,0.0,2.067223981486513e-11,
pwl,4,P3_dev_run0,shoulder,2,3.637490795142167e-07,0.0,3.637490795142167e-07,
pwl,4,P3_dev_run0,shoulder,3,3.099844091378291e-07,0.0,3.099844091378291e-07,
pwl,4,P3_dev_run0,shoulder,4,0.14999999998112779,0.2,0.050000000018872226,0.25000000009436113
pwl,4,P3_dev_run0,shoulder,5,1.1325139598899466e-05,0.0,1.1325139598899466e-05,
pwl,4,P3_dev_run0,shoulder,6,1.1324037610220694e-05,0.0,1.1324037610220694e-05,
pwl,4,P3_dev_run0,shoulder,7,1.132541193518665e-05,0.0,1.132541193518665e-05,
pwl,4,P3_dev_run0,shoulder,8,3.6677918750248626e-08,0.0,3.6677918750248626e-08,
pwl,4,P3_dev_run0,shoulder,9,2.9226220894861824e-11,0.0,2.9226220894861824e-11,
pwl,4,P3_dev_run0,shoulder,10,0.17280026014596406,0.15,0.022800260145964063,0.1520017343064271
pwl,4,P3_dev_run0,shoulder,11,1.972874458966407e-09,0.0,1.972874458966407e-09,
pwl,4,P3_dev_run0,shoulder,12,2.3377619652658777e-11,0.0,2.3377619652658777e-11,
pwl,4,P3_dev_run0,shoulder,13,2.773592032715972e-11,0.0,2.773592032715972e-11,
pwl,4,P3_dev_run0,shoulder,14,2.3646935058031064e-11,0.0,2.3646935058031064e-11,
pwl,4,P3_dev_run0,shoulder,15,2.552582124886326e-11,0.0,2.552582124886326e-11,
pwl,4,P3_dev_run0,shoulder,16,4.022368792881049e-11,0.0,4.022368792881049e-11,
pwl,4,P3_dev_run0,shoulder,17,5.858329180582723e-11,0.0,5.858329180582723e-11,
pwl,4,P3_dev_run0,shoulder,18,4.816392240369729e-11,0.0,4.816392240369729e-11,
pwl,4,P3_dev_run0,shoulder,19,1.0644396673559928e-10,0.0,1.0644396673559928e-10,
pwl,4,P3_dev_run0,shoulder,20,4.077873970897119e-11,0.0,4.077873970897119e-11,
pwl,4,P3_dev_run0,shoulder,21,2.909123094523641e-11,0.0,2.909123094523641e-11,
pwl,4,P3_dev_run0,shoulder,22,2.686186359492052e-11,0.0,2.686186359492052e-11,
pwl,4,P3_dev_run0,shoulder,23,4.3530183404900114e-11,0.0,4.3530183404900114e-11,
qp,,P1_old_full_opt,summer,0,0.04715890560043626,0.0,0.04715890560043626,
qp,,P1_old_full_opt,summer,1,0.0007691797342007676,0.0,0.0007691797342007676,
qp,,P1_old_full_opt,summer,2,-2.552052741253067e-12,0.0,2.552052741253067e-12,
qp,,P1_old_full_opt,summer,3,0.01219607055991805,0.02,0.007803929440081951,0.39019647200409757
qp,,P1_old_full_opt,summer,4,0.0471603295425498,0.0,0.0471603295425498,
qp,,P1_old_full_opt,summer,5,0.04716032466177922,0.0,0.04716032466177922,
qp,,P1_old_full_opt,summer,6,1.6253465882833028e-06,0.0,1.6253465882833028e-06,
qp,,P1_old_full_opt,summer,7,1.0011130980412871e-07,0.0,1.0011130980412871e-07,
qp,,P1_old_full_opt,summer,8,2.867370247818237e-06,0.0,2.867370247818237e-06,
qp,,P1_old_full_opt,summer,9,-1.102754093787989e-10,0.0,1.102754093787989e-10,
qp,,P1_old_full_opt,summer,10,-5.130736253482204e-11,0.0,5.130736253482204e-11,
qp,,P1_old_full_opt,summer,11,2.8684377286741485e-11,0.0,2.8684377286741485e-11,
qp,,P1_old_full_opt,summer,12,7.947606245382094e-11,0.0,7.947606245382094e-11,
qp,,P1_old_full_opt,summer,13,9.57543772915432e-11,0.0,9.57543772915432e-11,
qp,,P1_old_full_opt,summer,14,8.371936994949161e-11,0.0,8.371936994949161e-11,
qp,,P1_old_full_opt,summer,15,0.0007231405072826249,0.0,0.0007231405072826249,
qp,,P1_old_full_opt,summer,16,0.047157151492435476,0.0,0.047157151492435476,
qp,,P1_old_full_opt,summer,17,2.421806661589078e-11,0.0,2.421806661589078e-11,
qp,,P1_old_full_opt,summer,18,1.6691698260239358e-11,0.0,1.6691698260239358e-11,
qp,,P1_old_full_opt,summer,19,1.0947767477778948e-11,0.0,1.0947767477778948e-11,
qp,,P1_old_full_opt,summer,20,8.154477579909338e-12,0.0,8.154477579909338e-12,
qp,,P1_old_full_opt,summer,21,8.226900178253138e-12,0.0,8.226900178253138e-12,
qp,,P1_old_full_opt,summer,22,9.863563744811305e-12,0.0,9.863563744811305e-12,
qp,,P1_old_full_opt,summer,23,1.1299564862769512e-11,0.0,1.1299564862769512e-11,
qp,,P1_old_full_opt,winter,0,0.04714087447806439,0.0,0.04714087447806439,
qp,,P1_old_full_opt,winter,1,-3.459331513969935e-11,0.0,3.459331513969935e-11,
qp,,P1_old_full_opt,winter,2,-3.9046872790230985e-11,0.0,3.9046872790230985e-11,
qp,,P1_old_full_opt,winter,3,0.04716110318073222,0.0,0.04716110318073222,
qp,,P1_old_full_opt,winter,4,0.047168722191064966,0.0,0.047168722191064966,
qp,,P1_old_full_opt,winter,5,0.011328507375832391,0.02,0.00867149262416761,0.43357463120838047
qp,,P1_old_full_opt,winter,6,7.120078930769079e-08,0.0,7.120078930769079e-08,
qp,,P1_old_full_opt,winter,7,3.560259949582921e-09,0.0,3.560259949582921e-09,
qp,,P1_old_full_opt,winter,8,-2.435505953851348e-11,0.0,2.435505953851348e-11,
qp,,P1_old_full_opt,winter,9,0.0015057292635683155,0.0,0.0015057292635683155,
qp,,P1_old_full_opt,winter,10,0.04714752201386217,0.0,0.04714752201386217,
qp,,P1_old_full_opt,winter,11,0.04714506598558707,0.0,0.04714506598558707,
qp,,P1_old_full_opt,winter,12,-1.5890679094214568e-10,0.0,1.5890679094214568e-10,
qp,,P1_old_full_opt,winter,13,-7.849431718630435e-10,0.0,7.849431718630435e-10,
qp,,P1_old_full_opt,winter,14,-1.473593878303603e-09,0.0,1.473593878303603e-09,
qp,,P1_old_full_opt,winter,15,-2.0038525725494066e-09,0.0,2.0038525725494066e-09,
qp,,P1_old_full_opt,winter,16,-1.37588525595879e-09,0.0,1.37588525595879e-09,
qp,,P1_old_full_opt,winter,17,2.0053789398817154e-09,0.0,2.0053789398817154e-09,
qp,,P1_old_full_opt,winter,18,-5.244598252972062e-10,0.0,5.244598252972062e-10,
qp,,P1_old_full_opt,winter,19,7.639203132302799e-10,0.0,7.639203132302799e-10,
qp,,P1_old_full_opt,winter,20,1.0388187779708406e-09,0.0,1.0388187779708406e-09,
qp,,P1_old_full_opt,winter,21,9.312637147050495e-10,0.0,9.312637147050495e-10,
qp,,P1_old_full_opt,winter,22,0.006129428882761711,0.02,0.01387057111723829,0.6935285558619145
qp,,P1_old_full_opt,winter,23,0.04717345831003736,0.0,0.04717345831003736,
qp,,P1_old_full_opt,shoulder,0,0.04716224093467736,0.0,0.04716224093467736,
qp,,P1_old_full_opt,shoulder,1,0.0007733759315342718,0.0,0.0007733759315342718,
qp,,P1_old_full_opt,shoulder,2,-1.2964451194875077e-11,0.0,1.2964451194875077e-11,
qp,,P1_old_full_opt,shoulder,3,0.04716190460844284,0.0,0.04716190460844284,
qp,,P1_old_full_opt,shoulder,4,0.04716146865514215,0.0,0.04716146865514215,
qp,,P1_old_full_opt,shoulder,5,0.01219830746300946,0.02,0.007801692536990541,0.39008462684952705
qp,,P1_old_full_opt,shoulder,6,1.8387740857450827e-09,0.0,1.8387740857450827e-09,
qp,,P1_old_full_opt,shoulder,7,1.1799272415713634e-08,0.0,1.1799272415713634e-08,
qp,,P1_old_full_opt,shoulder,8,1.494596373894521e-10,0.0,1.494596373894521e-10,
qp,,P1_old_full_opt,shoulder,9,-1.8550926156571324e-10,0.0,1.8550926156571324e-10,
qp,,P1_old_full_opt,shoulder,10,0.04715920454157213,0.0,0.04715920454157213,
qp,,P1_old_full_opt,shoulder,11,0.000749850470402457,0.0,0.000749850470402457,
qp,,P1_old_full_opt,shoulder,12,-8.14116063091398e-11,0.0,8.14116063091398e-11,
qp,,P1_old_full_opt,shoulder,13,-4.680659885595849e-11,0.0,4.680659885595849e-11,
qp,,P1_old_full_opt,shoulder,14,-1.7859865782749882e-11,0.0,1.7859865782749882e-11,
qp,,P1_old_full_opt,shoulder,15,-3.2595163765481264e-12,0.0,3.2595163765481264e-12,
qp,,P1_old_full_opt,shoulder,16,5.178621492719038e-13,0.0,5.178621492719038e-13,
qp,,P1_old_full_opt,shoulder,17,1.4048482734552574e-13,0.0,1.4048482734552574e-13,
qp,,P1_old_full_opt,shoulder,18,-2.326821399859829e-13,0.0,2.326821399859829e-13,
qp,,P1_old_full_opt,shoulder,19,6.608386305001075e-14,0.0,6.608386305001075e-14,
qp,,P1_old_full_opt,shoulder,20,2.7156575561324036e-14,0.0,2.7156575561324036e-14,
qp,,P1_old_full_opt,shoulder,21,-1.0309327169358306e-12,0.0,1.0309327169358306e-12,
qp,,P1_old_full_opt,shoulder,22,-2.716744840951319e-12,0.0,2.716744840951319e-12,
qp,,P1_old_full_opt,shoulder,23,-3.982518917421964e-12,0.0,3.982518917421964e-12,
qp,,P2_dev_run1,summer,0,0.04620913747124694,0.1,0.053790862528753064,0.5379086252875306
qp,,P2_dev_run1,summer,1,2.403572520524622e-12,0.0,2.403572520524622e-12,
qp,,P2_dev_run1,summer,2,2.351194254115209e-12,0.0,2.351194254115209e-12,
qp,,P2_dev_run1,summer,3,2.2996168572074133e-12,0.0,2.2996168572074133e-12,
qp,,P2_dev_run1,summer,4,0.06875175568276497,0.05,0.018751755682764965,0.3750351136552993
qp,,P2_dev_run1,summer,5,0.03394921829744289,0.0,0.03394921829744289,
qp,,P2_dev_run1,summer,6,3.211407350808893e-06,0.0,3.211407350808893e-06,
qp,,P2_dev_run1,summer,7,7.153737398391372e-07,0.0,7.153737398391372e-07,
qp,,P2_dev_run1,summer,8,-1.7006377384848023e-09,0.0,1.7006377384848023e-09,
qp,,P2_dev_run1,summer,9,1.17552020886767e-11,0.0,1.17552020886767e-11,
qp,,P2_dev_run1,summer,10,5.6117002791046485e-12,0.0,5.6117002791046485e-12,
qp,,P2_dev_run1,summer,11,-1.8045965031315121e-12,0.0,1.8045965031315121e-12,
qp,,P2_dev_run1,summer,12,-8.158261166542548e-12,0.0,8.158261166542548e-12,
qp,,P2_dev_run1,summer,13,-1.0681844975562381e-11,0.0,1.0681844975562381e-11,
qp,,P2_dev_run1,summer,14,-8.151333687760573e-12,0.0,8.151333687760573e-12,
qp,,P2_dev_run1,summer,15,0.01788810074428976,0.0,0.01788810074428976,
qp,,P2_dev_run1,summer,16,0.028291673138966182,0.1,0.07170832686103382,0.7170832686103381
qp,,P2_dev_run1,summer,17,4.050917277727762e-12,0.0,4.050917277727762e-12,
qp,,P2_dev_run1,summer,18,6.759564920396228e-12,0.0,6.759564920396228e-12,
qp,,P2_dev_run1,summer,19,8.420379454727343e-12,0.0,8.420379454727343e-12,
qp,,P2_dev_run1,summer,20,8.943019395109878e-12,0.0,8.943019395109878e-12,
qp,,P2_dev_run1,summer,21,8.632292719528719e-12,0.0,8.632292719528719e-12,
qp,,P2_dev_run1,summer,22,8.000760312842119e-12,0.0,8.000760312842119e-12,
qp,,P2_dev_run1,summer,23,7.537137826448959e-12,0.0,7.537137826448959e-12,
qp,,P2_dev_run1,winter,0,0.046275453342011906,0.1,0.0537245466579881,0.5372454665798809
qp,,P2_dev_run1,winter,1,-5.34493109304181e-11,0.0,5.34493109304181e-11,
qp,,P2_dev_run1,winter,2,-6.485676789442172e-11,0.0,6.485676789442172e-11,
qp,,P2_dev_run1,winter,3,0.021481044006961297,0.05,0.028518955993038705,0.570379119860774
qp,,P2_dev_run1,winter,4,0.0812013121132229,0.0,0.0812013121132229,
qp,,P2_dev_run1,winter,5,4.654969828598685e-06,0.0,4.654969828598685e-06,
qp,,P2_dev_run1,winter,6,7.661950597508175e-06,0.0,7.661950597508175e-06,
qp,,P2_dev_run1,winter,7,2.2322101871892443e-06,0.0,2.2322101871892443e-06,
qp,,P2_dev_run1,winter,8,1.8387813450478348e-09,0.0,1.8387813450478348e-09,
qp,,P2_dev_run1,winter,9,8.736526658267909e-11,0.0,8.736526658267909e-11,
qp,,P2_dev_run1,winter,10,0.081188369844893,0.0,0.081188369844893,
qp,,P2_dev_run1,winter,11,0.011238364137667038,0.05,0.038761635862332965,0.7752327172466592
qp,,P2_dev_run1,winter,12,-7.044378791366688e-11,0.0,7.044378791366688e-11,
qp,,P2_dev_run1,winter,13,-5.648709586989592e-11,0.0,5.648709586989592e-11,
qp,,P2_dev_run1,winter,14,-5.066234930044719e-11,0.0,5.066234930044719e-11,
qp,,P2_dev_run1,winter,15,-4.793673717017785e-11,0.0,4.793673717017785e-11,
qp,,P2_dev_run1,winter,16,-4.401562623910756e-11,0.0,4.401562623910756e-11,
qp,,P2_dev_run1,winter,17,-1.7483010075320755e-08,0.0,1.7483010075320755e-08,
qp,,P2_dev_run1,winter,18,-2.9754068487016334e-11,0.0,2.9754068487016334e-11,
qp,,P2_dev_run1,winter,19,-2.0105239934562518e-11,0.0,2.0105239934562518e-11,
qp,,P2_dev_run1,winter,20,-9.720297819632442e-12,0.0,9.720297819632442e-12,
qp,,P2_dev_run1,winter,21,-7.242401419604816e-13,0.0,7.242401419604816e-13,
qp,,P2_dev_run1,winter,22,6.7400372846897654e-12,0.0,6.7400372846897654e-12,
qp,,P2_dev_run1,winter,23,0.05136974738284379,0.1,0.048630252617156214,0.4863025261715621
qp,,P2_dev_run1,shoulder,0,0.046212066201226004,0.1,0.053787933798774,0.53787933798774
qp,,P2_dev_run1,shoulder,1,-1.5609174890788767e-12,0.0,1.5609174890788767e-12,
qp,,P2_dev_run1,shoulder,2,-1.2358451355636605e-11,0.0,1.2358451355636605e-11,
qp,,P2_dev_run1,shoulder,3,0.02151848279993977,0.05,0.028481517200060234,0.5696303440012046
qp,,P2_dev_run1,shoulder,4,0.08119331013975446,0.0,0.08119331013975446,
qp,,P2_dev_run1,shoulder,5,4.775647671061576e-06,0.0,4.775647671061576e-06,
qp,,P2_dev_run1,shoulder,6,2.0580467018909007e-09,0.0,2.0580467018909007e-09,
qp,,P2_dev_run1,shoulder,7,-8.652412009246007e-10,0.0,8.652412009246007e-10,
qp,,P2_dev_run1,shoulder,8,2.0847190535327838e-11,0.0,2.0847190535327838e-11,
qp,,P2_dev_run1,shoulder,9,8.322662088114418e-12,0.0,8.322662088114418e-12,
qp,,P2_dev_run1,shoulder,10,0.046188964617054226,0.1,0.05381103538294578,0.5381103538294577
qp,,P2_dev_run1,shoulder,11,-7.692635623226014e-12,0.0,7.692635623226014e-12,
qp,,P2_dev_run1,shoulder,12,-9.693821488838164e-12,0.0,9.693821488838164e-12,
qp,,P2_dev_run1,shoulder,13,-1.4531026183330587e-11,0.0,1.4531026183330587e-11,
qp,,P2_dev_run1,shoulder,14,-2.0892797503223356e-11,0.0,2.0892797503223356e-11,
qp,,P2_dev_run1,shoulder,15,-2.48187138273367e-11,0.0,2.48187138273367e-11,
qp,,P2_dev_run1,shoulder,16,-2.4179373568265288e-11,0.0,2.4179373568265288e-11,
qp,,P2_dev_run1,shoulder,17,-2.085746550546964e-11,0.0,2.085746550546964e-11,
qp,,P2_dev_run1,shoulder,18,-1.913796874774639e-11,0.0,1.913796874774639e-11,
qp,,P2_dev_run1,shoulder,19,-2.2442554624415745e-11,0.0,2.2442554624415745e-11,
qp,,P2_dev_run1,shoulder,20,-3.121018054340864e-11,0.0,3.121018054340864e-11,
qp,,P2_dev_run1,shoulder,21,-4.2959334284094964e-11,0.0,4.2959334284094964e-11,
qp,,P2_dev_run1,shoulder,22,-5.381104127267887e-11,0.0,5.381104127267887e-11,
qp,,P2_dev_run1,shoulder,23,-6.02670856917007e-11,0.0,6.02670856917007e-11,
qp,,P3_dev_run0,summer,0,0.04632734741849527,0.15,0.10367265258150472,0.6911510172100315
qp,,P3_dev_run0,summer,1,-1.6659691786531307e-13,0.0,1.6659691786531307e-13,
qp,,P3_dev_run0,summer,2,-7.979727046823659e-14,0.0,7.979727046823659e-14,
qp,,P3_dev_run0,summer,3,3.894947348437283e-15,0.0,3.894947348437283e-15,
qp,,P3_dev_run0,summer,4,0.08800951428249301,0.0,0.08800951428249301,
qp,,P3_dev_run0,summer,5,0.01494236042743163,0.2,0.18505763957256838,0.9252881978628419
qp,,P3_dev_run0,summer,6,-8.173056633677587e-11,0.0,8.173056633677587e-11,
qp,,P3_dev_run0,summer,7,2.2548634126116322e-10,0.0,2.2548634126116322e-10,
qp,,P3_dev_run0,summer,8,-2.3303225444843316e-10,0.0,2.3303225444843316e-10,
qp,,P3_dev_run0,summer,9,-6.435846404841174e-11,0.0,6.435846404841174e-11,
qp,,P3_dev_run0,summer,10,-1.6600856445231751e-12,0.0,1.6600856445231751e-12,
qp,,P3_dev_run0,summer,11,-1.604071137312866e-12,0.0,1.604071137312866e-12,
qp,,P3_dev_run0,summer,12,-1.5339366109841191e-12,0.0,1.5339366109841191e-12,
qp,,P3_dev_run0,summer,13,-1.4596841040808223e-12,0.0,1.4596841040808223e-12,
qp,,P3_dev_run0,summer,14,-1.3754243207368734e-12,0.0,1.3754243207368734e-12,
qp,,P3_dev_run0,summer,15,0.012666349722803685,0.0,0.012666349722803685,
qp,,P3_dev_run0,summer,16,0.03363528892863134,0.2,0.1663647110713687,0.8318235553568434
qp,,P3_dev_run0,summer,17,-1.317588434031499e-12,0.0,1.317588434031499e-12,
qp,,P3_dev_run0,summer,18,-1.363067040816361e-12,0.0,1.363067040816361e-12,
qp,,P3_dev_run0,summer,19,-1.402593310944788e-12,0.0,1.402593310944788e-12,
qp,,P3_dev_run0,summer,20,-1.4343932250955415e-12,0.0,1.4343932250955415e-12,
qp,,P3_dev_run0,summer,21,-1.4580637710465376e-12,0.0,1.4580637710465376e-12,
qp,,P3_dev_run0,summer,22,-1.4722575723118495e-12,0.0,1.4722575723118495e-12,
qp,,P3_dev_run0,summer,23,-1.477119878967241e-12,0.0,1.477119878967241e-12,
qp,,P3_dev_run0,winter,0,0.04632152507256732,0.15,0.10367847492743268,0.6911898328495513
qp,,P3_dev_run0,winter,1,1.5623834024360265e-11,0.0,1.5623834024360265e-11,
qp,,P3_dev_run0,winter,2,-3.0204618763286545e-11,0.0,3.0204618763286545e-11,
qp,,P3_dev_run0,winter,3,-9.19113509895658e-11,0.0,9.19113509895658e-11,
qp,,P3_dev_run0,winter,4,0.10293290501471314,0.2,0.09706709498528687,0.48533547492643436
qp,,P3_dev_run0,winter,5,4.915627238168529e-06,0.0,4.915627238168529e-06,
qp,,P3_dev_run0,winter,6,2.3367836737887646e-09,0.0,2.3367836737887646e-09,
qp,,P3_dev_run0,winter,7,6.86781817530697e-09,0.0,6.86781817530697e-09,
qp,,P3_dev_run0,winter,8,8.95294747504715e-11,0.0,8.95294747504715e-11,
qp,,P3_dev_run0,winter,9,-1.330483820374236e-08,0.0,1.330483820374236e-08,
qp,,P3_dev_run0,winter,10,0.09263482802881587,0.3,0.20736517197118412,0.6912172399039471
qp,,P3_dev_run0,winter,11,6.039886692888108e-10,0.0,6.039886692888108e-10,
qp,,P3_dev_run0,winter,12,3.601751904772641e-10,0.0,3.601751904772641e-10,
qp,,P3_dev_run0,winter,13,2.041150893547822e-10,0.0,2.041150893547822e-10,
qp,,P3_dev_run0,winter,14,8.105326441746912e-08,0.0,8.105326441746912e-08,
qp,,P3_dev_run0,winter,15,4.3302751654938347e-10,0.0,4.3302751654938347e-10,
qp,,P3_dev_run0,winter,16,6.787342170523289e-08,0.0,6.787342170523289e-08,
qp,,P3_dev_run0,winter,17,8.837782220418353e-08,0.0,8.837782220418353e-08,
qp,,P3_dev_run0,winter,18,5.358020264411246e-13,0.0,5.358020264411246e-13,
qp,,P3_dev_run0,winter,19,-5.568500882943807e-12,0.0,5.568500882943807e-12,
qp,,P3_dev_run0,winter,20,-9.402414408121567e-12,0.0,9.402414408121567e-12,
qp,,P3_dev_run0,winter,21,-1.451531998691795e-11,0.0,1.451531998691795e-11,
qp,,P3_dev_run0,winter,22,-2.4061866236367703e-11,0.0,2.4061866236367703e-11,
qp,,P3_dev_run0,winter,23,0.05142436462306498,0.15,0.098575635376935,0.6571709025129001
qp,,P3_dev_run0,shoulder,0,0.04632801243652533,0.1,0.053671987563474674,0.5367198756347467
qp,,P3_dev_run0,shoulder,1,3.8517122124485796e-11,0.0,3.8517122124485796e-11,
qp,,P3_dev_run0,shoulder,2,-1.943233654067811e-09,0.0,1.943233654067811e-09,
qp,,P3_dev_run0,shoulder,3,-7.50066311247567e-09,0.0,7.50066311247567e-09,
qp,,P3_dev_run0,shoulder,4,0.1029453301553318,0.2,0.0970546698446682,0.48527334922334103
qp,,P3_dev_run0,shoulder,5,8.019162828670503e-06,0.0,8.019162828670503e-06,
qp,,P3_dev_run0,shoulder,6,3.163857110587382e-09,0.0,3.163857110587382e-09,
qp,,P3_dev_run0,shoulder,7,-5.131008917723659e-09,0.0,5.131008917723659e-09,
qp,,P3_dev_run0,shoulder,8,1.1849127628479354e-11,0.0,1.1849127628479354e-11,
qp,,P3_dev_run0,shoulder,9,1.130482117493276e-11,0.0,1.130482117493276e-11,
qp,,P3_dev_run0,shoulder,10,0.046289445034836695,0.15,0.10371055496516329,0.6914036997677553
qp,,P3_dev_run0,shoulder,11,6.803913657529051e-12,0.0,6.803913657529051e-12,
qp,,P3_dev_run0,shoulder,12,3.6462931979824395e-12,0.0,3.6462931979824395e-12,
qp,,P3_dev_run0,shoulder,13,2.161463307400698e-12,0.0,2.161463307400698e-12,
qp,,P3_dev_run0,shoulder,14,1.2793375920685192e-12,0.0,1.2793375920685192e-12,
qp,,P3_dev_run0,shoulder,15,3.606314807028817e-13,0.0,3.606314807028817e-13,
qp,,P3_dev_run0,shoulder,16,-5.373292647235379e-13,0.0,5.373292647235379e-13,
qp,,P3_dev_run0,shoulder,17,-8.881171167630284e-13,0.0,8.881171167630284e-13,
qp,,P3_dev_run0,shoulder,18,-8.858278789890422e-14,0.0,8.858278789890422e-14,
qp,,P3_dev_run0,shoulder,19,2.198198268012919e-12,0.0,2.198198268012919e-12,
qp,,P3_dev_run0,shoulder,20,5.799783832736927e-12,0.0,5.799783832736927e-12,
qp,,P3_dev_run0,shoulder,21,9.99889199566111e-12,0.0,9.99889199566111e-12,
qp,,P3_dev_run0,shoulder,22,1.3724249676874188e-11,0.0,1.3724249676874188e-11,
qp,,P3_dev_run0,shoulder,23,1.592053733982676e-11,0.0,1.592053733982676e-11,
