method,M,point_id,scenario,t,q_lp,q_star,abs_err,rel_err,inaccurate
pwl,1,P1_old_full_opt,summer,0,0.045552151932354026,0.0,0.045552151932354026,,False
pwl,1,P1_old_full_opt,summer,1,0.0023760424898477614,0.0,0.0023760424898477614,,False
pwl,1,P1_old_full_opt,summer,2,1.8733909819819388e-10,0.0,1.8733909819819388e-10,,False
pwl,1,P1_old_full_opt,summer,3,0.015405795075516352,0.02,0.004594204924483649,0.22971024622418243,False
pwl,1,P1_old_full_opt,summer,4,0.045552151928778276,0.0,0.045552151928778276,,False
pwl,1,P1_old_full_opt,summer,5,0.04555215192871832,0.0,0.04555215192871832,,False
pwl,1,P1_old_full_opt,summer,6,3.1395793434328594e-06,0.0,3.1395793434328594e-06,,False
pwl,1,P1_old_full_opt,summer,7,3.145072326032528e-06,0.0,3.145072326032528e-06,,False
pwl,1,P1_old_full_opt,summer,8,3.279807453662915e-06,0.0,3.279807453662915e-06,,False
pwl,1,P1_old_full_opt,summer,9,5.074712184058752e-11,0.0,5.074712184058752e-11,,False
pwl,1,P1_old_full_opt,summer,10,4.678993583030873e-11,0.0,4.678993583030873e-11,,False
pwl,1,P1_old_full_opt,summer,11,4.91157730603115e-11,0.0,4.91157730603115e-11,,False
pwl,1,P1_old_full_opt,summer,12,4.767104783391729e-11,0.0,4.767104783391729e-11,,False
pwl,1,P1_old_full_opt,summer,13,4.534617304941917e-11,0.0,4.534617304941917e-11,,False
pwl,1,P1_old_full_opt,summer,14,5.5094252925520716e-11,0.0,5.5094252925520716e-11,,False
pwl,1,P1_old_full_opt,summer,15,0.002344947553491567,0.0,0.002344947553491567,,False
pwl,1,P1_old_full_opt,summer,16,0.04555215198959647,0.0,0.04555215198959647,,False
pwl,1,P1_old_full_opt,summer,17,7.721752099257084e-11,0.0,7.721752099257084e-11,,False
pwl,1,P1_old_full_opt,summer,18,5.606808646779294e-11,0.0,5.606808646779294e-11,,False
pwl,1,P1_old_full_opt,summer,19,5.348184314200578e-11,0.0,5.348184314200578e-11,,False
pwl,1,P1_old_full_opt,summer,20,5.2526106985721454e-11,0.0,5.2526106985721454e-11,,False
pwl,1,P1_old_full_opt,summer,21,4.992929356034344e-11,0.0,4.992929356034344e-11,,False
pwl,1,P1_old_full_opt,summer,22,4.6486055620956514e-11,0.0,4.6486055620956514e-11,,False
pwl,1,P1_old_full_opt,summer,23,5.4667883142343744e-11,0.0,5.4667883142343744e-11,,False
pwl,1,P1_old_full_opt,winter,0,0.04555215193605885,0.0,0.04555215193605885,,False
pwl,1,P1_old_full_opt,winter,1,4.433642649412499e-11,0.0,4.433642649412499e-11,,False
pwl,1,P1_old_full_opt,winter,2,1.9451092550964926e-11,0.0,1.9451092550964926e-11,,False
pwl,1,P1_old_full_opt,winter,3,0.04555215193890101,0.0,0.04555215193890101,,False
pwl,1,P1_old_full_opt,winter,4,0.045552151937018406,0.0,0.045552151937018406,,False
pwl,1,P1_old_full_opt,winter,5,0.012767816634304187,0.02,0.007232183365695814,0.36160916828479067,False
pwl,1,P1_old_full_opt,winter,6,3.1446046972853048e-06,0.0,3.1446046972853048e-06,,False
pwl,1,P1_old_full_opt,winter,7,3.260075771904624e-06,0.0,3.260075771904624e-06,,False
pwl,1,P1_old_full_opt,winter,8,0.0,0.0,0.0,,False
pwl,1,P1_old_full_opt,winter,9,0.004744541606707624,0.0,0.004744541606707624,,False
pwl,1,P1_old_full_opt,winter,10,0.045552151937874465,0.0,0.045552151937874465,,False
pwl,1,P1_old_full_opt,winter,11,0.04555215194563211,0.0,0.04555215194563211,,False
pwl,1,P1_old_full_opt,winter,12,2.631883182535948e-11,0.0,2.631883182535948e-11,,False
pwl,1,P1_old_full_opt,winter,13,1.9409951719267255e-11,0.0,1.9409951719267255e-11,,False
pwl,1,P1_old_full_opt,winter,14,2.009066175249757e-11,0.0,2.009066175249757e-11,,False
pwl,1,P1_old_full_opt,winter,15,2.0750660514901913e-11,0.0,2.0750660514901913e-11,,False
pwl,1,P1_old_full_opt,winter,16,2.4128477305967938e-11,0.0,2.4128477305967938e-11,,False
pwl,1,P1_old_full_opt,winter,17,2.7564587402297257e-11,0.0,2.7564587402297257e-11,,False
pwl,1,P1_old_full_opt,winter,18,2.315708775886921e-11,0.0,2.315708775886921e-11,,False
pwl,1,P1_old_full_opt,winter,19,2.1592611104779926e-11,0.0,2.1592611104779926e-11,,False
pwl,1,P1_old_full_opt,winter,20,2.0973580266537286e-11,0.0,2.0973580266537286e-11,,False
pwl,1,P1_old_full_opt,winter,21,3.811760662833348e-11,0.0,3.811760662833348e-11,,False
pwl,1,P1_old_full_opt,winter,22,0.007702127360086622,0.02,0.012297872639913377,0.6148936319956688,False
pwl,1,P1_old_full_opt,winter,23,0.04555215193944734,0.0,0.04555215193944734,,False
pwl,1,P1_old_full_opt,shoulder,0,0.04555215192438379,0.0,0.04555215192438379,,False
pwl,1,P1_old_full_opt,shoulder,1,0.0023760470492720643,0.0,0.0023760470492720643,,False
pwl,1,P1_old_full_opt,shoulder,2,1.1199426059603891e-10,0.0,1.1199426059603891e-10,,False
pwl,1,P1_old_full_opt,shoulder,3,0.04555215189199423,0.0,0.04555215189199423,,False
pwl,1,P1_old_full_opt,shoulder,4,0.04555215191837271,0.0,0.04555215191837271,,False
pwl,1,P1_old_full_opt,shoulder,5,0.015407481873288284,0.02,0.004592518126711716,0.2296259063355858,False
pwl,1,P1_old_full_opt,shoulder,6,3.1590656766494947e-06,0.0,3.1590656766494947e-06,,False
pwl,1,P1_old_full_opt,shoulder,7,3.1411623107370817e-06,0.0,3.1411623107370817e-06,,False
pwl,1,P1_old_full_opt,shoulder,8,8.066283460388105e-11,0.0,8.066283460388105e-11,,False
pwl,1,P1_old_full_opt,shoulder,9,9.22806870026263e-11,0.0,9.22806870026263e-11,,False
pwl,1,P1_old_full_opt,shoulder,10,0.04555215194794089,0.0,0.04555215194794089,,False
pwl,1,P1_old_full_opt,shoulder,11,0.002350018963429211,0.0,0.002350018963429211,,False
pwl,1,P1_old_full_opt,shoulder,12,7.150120250457881e-11,0.0,7.150120250457881e-11,,False
pwl,1,P1_old_full_opt,shoulder,13,6.423729313483347e-11,0.0,6.423729313483347e-11,,False
pwl,1,P1_old_full_opt,shoulder,14,6.555377744480451e-11,0.0,6.555377744480451e-11,,False
pwl,1,P1_old_full_opt,shoulder,15,7.40325106643205e-11,0.0,7.40325106643205e-11,,False
pwl,1,P1_old_full_opt,shoulder,16,1.2552280293316967e-10,0.0,1.2552280293316967e-10,,False
pwl,1,P1_old_full_opt,shoulder,17,1.4495742801579085e-10,0.0,1.4495742801579085e-10,,False
pwl,1,P1_old_full_opt,shoulder,18,1.2556072831040946e-10,0.0,1.2556072831040946e-10,,False
pwl,1,P1_old_full_opt,shoulder,19,1.5920532449522724e-10,0.0,1.5920532449522724e-10,,False
pwl,1,P1_old_full_opt,shoulder,20,1.1170769435566946e-10,0.0,1.1170769435566946e-10,,False
pwl,1,P1_old_full_opt,shoulder,21,7.27076660790736e-11,0.0,7.27076660790736e-11,,False
pwl,1,P1_old_full_opt,shoulder,22,7.01558810518312e-11,0.0,7.01558810518312e-11,,False
pwl,1,P1_old_full_opt,shoulder,23,7.325138840989035e-11,0.0,7.325138840989035e-11,,False
pwl,1,P2_dev_run1,summer,0,0.04621259931659114,0.1,0.05378740068340886,0.5378740068340886,False
pwl,1,P2_dev_run1,summer,1,1.0567859898682355e-13,0.0,1.0567859898682355e-13,,False
pwl,1,P2_dev_run1,summer,2,2.04552348335078e-10,0.0,2.04552348335078e-10,,False
pwl,1,P2_dev_run1,summer,3,1.6167779442155072e-07,0.0,1.6167779442155072e-07,,False
pwl,1,P2_dev_run1,summer,4,0.024273381740676836,0.05,0.025726618259323167,0.5145323651864633,False
pwl,1,P2_dev_run1,summer,5,0.07842217066538518,0.0,0.07842217066538518,,False
pwl,1,P2_dev_run1,summer,6,3.02718547408857e-06,0.0,3.02718547408857e-06,,False
pwl,1,P2_dev_run1,summer,7,3.027183693768981e-06,0.0,3.027183693768981e-06,,False
pwl,1,P2_dev_run1,summer,8,3.027196903150929e-06,0.0,3.027196903150929e-06,,False
pwl,1,P2_dev_run1,summer,9,1.4128346977673257e-13,0.0,1.4128346977673257e-13,,False
pwl,1,P2_dev_run1,summer,10,1.2332138055109566e-13,0.0,1.2332138055109566e-13,,False
pwl,1,P2_dev_run1,summer,11,1.274547327525878e-13,0.0,1.274547327525878e-13,,False
pwl,1,P2_dev_run1,summer,12,1.240272632799175e-13,0.0,1.240272632799175e-13,,False
pwl,1,P2_dev_run1,summer,13,1.1927345964836124e-13,0.0,1.1927345964836124e-13,,False
pwl,1,P2_dev_run1,summer,14,1.340096013120023e-13,0.0,1.340096013120023e-13,,False
pwl,1,P2_dev_run1,summer,15,6.80090835743978e-10,0.0,6.80090835743978e-10,,False
pwl,1,P2_dev_run1,summer,16,0.0461823451084209,0.1,0.05381765489157911,0.538176548915791,False
pwl,1,P2_dev_run1,summer,17,1.6942697831755758e-13,0.0,1.6942697831755758e-13,,False
pwl,1,P2_dev_run1,summer,18,1.4151243280215876e-13,0.0,1.4151243280215876e-13,,False
pwl,1,P2_dev_run1,summer,19,1.368342927180316e-13,0.0,1.368342927180316e-13,,False
pwl,1,P2_dev_run1,summer,20,1.3461770560933632e-13,0.0,1.3461770560933632e-13,,False
pwl,1,P2_dev_run1,summer,21,1.298509373794878e-13,0.0,1.298509373794878e-13,,False
pwl,1,P2_dev_run1,summer,22,1.2729470806572518e-13,0.0,1.2729470806572518e-13,,False
pwl,1,P2_dev_run1,summer,23,1.583077865088175e-13,0.0,1.583077865088175e-13,,False
pwl,1,P2_dev_run1,winter,0,0.046212600281999826,0.1,0.05378739971800018,0.5378739971800017,False
pwl,1,P2_dev_run1,winter,1,6.508158623933026e-13,0.0,6.508158623933026e-13,,False
pwl,1,P2_dev_run1,winter,2,1.7613055183084103e-07,0.0,1.7613055183084103e-07,,False
pwl,1,P2_dev_run1,winter,3,0.024273383281571647,0.05,0.025726616718428356,0.514532334368567,False
pwl,1,P2_dev_run1,winter,4,0.07842217066599855,0.0,0.07842217066599855,,False
pwl,1,P2_dev_run1,winter,5,3.0271315396162994e-06,0.0,3.0271315396162994e-06,,False
pwl,1,P2_dev_run1,winter,6,3.0271316880846935e-06,0.0,3.0271316880846935e-06,,False
pwl,1,P2_dev_run1,winter,7,3.027132092460291e-06,0.0,3.027132092460291e-06,,False
pwl,1,P2_dev_run1,winter,8,3.0271318914731466e-06,0.0,3.0271318914731466e-06,,False
pwl,1,P2_dev_run1,winter,9,1.0830867218896762e-12,0.0,1.0830867218896762e-12,,False
pwl,1,P2_dev_run1,winter,10,0.07842217066605985,0.0,0.07842217066605985,,False
pwl,1,P2_dev_run1,winter,11,0.013998767820604024,0.05,0.03600123217939598,0.7200246435879195,False
pwl,1,P2_dev_run1,winter,12,5.010458568170815e-13,0.0,5.010458568170815e-13,,False
pwl,1,P2_dev_run1,winter,13,4.695569198779497e-13,0.0,4.695569198779497e-13,,False
pwl,1,P2_dev_run1,winter,14,4.67599590420674e-13,0.0,4.67599590420674e-13,,False
pwl,1,P2_dev_run1,winter,15,4.792672231206583e-13,0.0,4.792672231206583e-13,,False
pwl,1,P2_dev_run1,winter,16,5.086535595695923e-13,0.0,5.086535595695923e-13,,False
pwl,1,P2_dev_run1,winter,17,5.532960986006477e-13,0.0,5.532960986006477e-13,,False
pwl,1,P2_dev_run1,winter,18,5.334799264053169e-13,0.0,5.334799264053169e-13,,False
pwl,1,P2_dev_run1,winter,19,5.580095010820838e-13,0.0,5.580095010820838e-13,,False
pwl,1,P2_dev_run1,winter,20,8.526211784601801e-13,0.0,8.526211784601801e-13,,False
pwl,1,P2_dev_run1,winter,21,5.616848287154567e-10,0.0,5.616848287154567e-10,,False
pwl,1,P2_dev_run1,winter,22,1.84414256949321e-07,0.0,1.84414256949321e-07,,False
pwl,1,P2_dev_run1,winter,23,0.05134743765230149,0.1,0.04865256234769851,0.4865256234769851,False
pwl,1,P2_dev_run1,shoulder,0,0.04621260059112444,0.1,0.053787399408875565,0.5378739940887556,False
pwl,1,P2_dev_run1,shoulder,1,8.668037884868632e-13,0.0,8.668037884868632e-13,,False
pwl,1,P2_dev_run1,shoulder,2,0.0,0.0,0.0,,False
pwl,1,P2_dev_run1,shoulder,3,0.02427338286241707,0.05,0.02572661713758293,0.5145323427516586,False
pwl,1,P2_dev_run1,shoulder,4,0.07842217066557416,0.0,0.07842217066557416,,False
pwl,1,P2_dev_run1,shoulder,5,3.027151619912953e-06,0.0,3.027151619912953e-06,,False
pwl,1,P2_dev_run1,shoulder,6,3.0270793658483105e-06,0.0,3.0270793658483105e-06,,False
pwl,1,P2_dev_run1,shoulder,7,3.0271523437958955e-06,0.0,3.0271523437958955e-06,,False
pwl,1,P2_dev_run1,shoulder,8,0.0,0.0,0.0,,False
pwl,1,P2_dev_run1,shoulder,9,9.836550258683785e-13,0.0,9.836550258683785e-13,,False
pwl,1,P2_dev_run1,shoulder,10,0.0461873595424809,0.1,0.05381264045751911,0.538126404575191,False
pwl,1,P2_dev_run1,shoulder,11,1.7093626783662618e-12,0.0,1.7093626783662618e-12,,False
pwl,1,P2_dev_run1,shoulder,12,8.686101782749701e-13,0.0,8.686101782749701e-13,,False
pwl,1,P2_dev_run1,shoulder,13,8.689776856618007e-13,0.0,8.689776856618007e-13,,False
pwl,1,P2_dev_run1,shoulder,14,8.677374980013829e-13,0.0,8.677374980013829e-13,,False
pwl,1,P2_dev_run1,shoulder,15,9.075164214335785e-13,0.0,9.075164214335785e-13,,False
pwl,1,P2_dev_run1,shoulder,16,1.0994192241115373e-12,0.0,1.0994192241115373e-12,,False
pwl,1,P2_dev_run1,shoulder,17,1.221254155886149e-12,0.0,1.221254155886149e-12,,False
pwl,1,P2_dev_run1,shoulder,18,1.1413909612163324e-12,0.0,1.1413909612163324e-12,,False
pwl,1,P2_dev_run1,shoulder,19,1.3131767495524103e-12,0.0,1.3131767495524103e-12,,False
pwl,1,P2_dev_run1,shoulder,20,1.090524832397436e-12,0.0,1.090524832397436e-12,,False
pwl,1,P2_dev_run1,shoulder,21,9.579107819659044e-13,0.0,9.579107819659044e-13,,False
pwl,1,P2_dev_run1,shoulder,22,9.345808613295519e-13,0.0,9.345808613295519e-13,,False
pwl,1,P2_dev_run1,shoulder,23,9.893236264358427e-13,0.0,9.893236264358427e-13,,False
pwl,1,P3_dev_run0,summer,0,0.17289466455350191,0.15,0.02289466455350192,0.15263109702334615,False
pwl,1,P3_dev_run0,summer,1,2.4035350622317013e-11,0.0,2.4035350622317013e-11,,False
pwl,1,P3_dev_run0,summer,2,3.0781169904803246e-07,0.0,3.0781169904803246e-07,,False
pwl,1,P3_dev_run0,summer,3,2.5245507293116766e-07,0.0,2.5245507293116766e-07,,False
pwl,1,P3_dev_run0,summer,4,1.5739297469584373e-07,0.0,1.5739297469584373e-07,,False
pwl,1,P3_dev_run0,summer,5,0.10294894969377527,0.2,0.09705105030622474,0.4852552515311237,False
pwl,1,P3_dev_run0,summer,6,3.066011892046005e-06,0.0,3.066011892046005e-06,,False
pwl,1,P3_dev_run0,summer,7,3.1173937425279895e-06,0.0,3.1173937425279895e-06,,False
pwl,1,P3_dev_run0,summer,8,1.1325303992535699e-05,0.0,1.1325303992535699e-05,,False
pwl,1,P3_dev_run0,summer,9,5.821764873620089e-10,0.0,5.821764873620089e-10,,False
pwl,1,P3_dev_run0,summer,10,3.1162177790062054e-11,0.0,3.1162177790062054e-11,,False
pwl,1,P3_dev_run0,summer,11,3.178370930178335e-11,0.0,3.178370930178335e-11,,False
pwl,1,P3_dev_run0,summer,12,3.0443895108514315e-11,0.0,3.0443895108514315e-11,,False
pwl,1,P3_dev_run0,summer,13,3.118466933775094e-11,0.0,3.118466933775094e-11,,False
pwl,1,P3_dev_run0,summer,14,4.283052169729647e-11,0.0,4.283052169729647e-11,,False
pwl,1,P3_dev_run0,summer,15,1.2159944485170734e-09,0.0,1.2159944485170734e-09,,False
pwl,1,P3_dev_run0,summer,16,0.17278147726994866,0.2,0.027218522730051348,0.13609261365025674,False
pwl,1,P3_dev_run0,summer,17,2.1832404248235814e-10,0.0,2.1832404248235814e-10,,False
pwl,1,P3_dev_run0,summer,18,4.102676077292199e-11,0.0,4.102676077292199e-11,,False
pwl,1,P3_dev_run0,summer,19,3.375204819551652e-11,0.0,3.375204819551652e-11,,False
pwl,1,P3_dev_run0,summer,20,3.257733178989416e-11,0.0,3.257733178989416e-11,,False
pwl,1,P3_dev_run0,summer,21,3.5906553012741104e-11,0.0,3.5906553012741104e-11,,False
pwl,1,P3_dev_run0,summer,22,1.2468071973034424e-10,0.0,1.2468071973034424e-10,,False
pwl,1,P3_dev_run0,summer,23,9.823245475853981e-09,0.0,9.823245475853981e-09,,False
pwl,1,P3_dev_run0,winter,0,0.17289467269398773,0.15,0.022894672693987733,0.15263115129325155,True
pwl,1,P3_dev_run0,winter,1,1.4889727608485718e-10,0.0,1.4889727608485718e-10,,True
pwl,1,P3_dev_run0,winter,2,3.4946792470473396e-07,0.0,3.4946792470473396e-07,,True
pwl,1,P3_dev_run0,winter,3,3.361465225272376e-07,0.0,3.361465225272376e-07,,True
pwl,1,P3_dev_run0,winter,4,0.10294949507181485,0.2,0.09705050492818516,0.4852525246409258,True
pwl,1,P3_dev_run0,winter,5,1.1317236927638411e-05,0.0,1.1317236927638411e-05,,True
pwl,1,P3_dev_run0,winter,6,1.1321820261981221e-05,0.0,1.1321820261981221e-05,,True
pwl,1,P3_dev_run0,winter,7,1.1322601643379488e-05,0.0,1.1322601643379488e-05,,True
pwl,1,P3_dev_run0,winter,8,1.1325254232422961e-05,0.0,1.1325254232422961e-05,,True
pwl,1,P3_dev_run0,winter,9,1.4259823346318786e-10,0.0,1.4259823346318786e-10,,True
pwl,1,P3_dev_run0,winter,10,0.34577969102768197,0.3,0.04577969102768198,0.15259897009227327,True
pwl,1,P3_dev_run0,winter,11,1.297944783923846e-10,0.0,1.297944783923846e-10,,True
pwl,1,P3_dev_run0,winter,12,1.2909947926676437e-10,0.0,1.2909947926676437e-10,,True
pwl,1,P3_dev_run0,winter,13,4.000036633589709e-06,0.0,4.000036633589709e-06,,True
pwl,1,P3_dev_run0,winter,14,1.21310080725687e-10,0.0,1.21310080725687e-10,,True
pwl,1,P3_dev_run0,winter,15,1.1276270643664735e-10,0.0,1.1276270643664735e-10,,True
pwl,1,P3_dev_run0,winter,16,0.0,0.0,0.0,,True
pwl,1,P3_dev_run0,winter,17,0.0,0.0,0.0,,True
pwl,1,P3_dev_run0,winter,18,8.8398218231456e-09,0.0,8.8398218231456e-09,,True
pwl,1,P3_dev_run0,winter,19,1.548557082461768e-08,0.0,1.548557082461768e-08,,True
pwl,1,P3_dev_run0,winter,20,1.4442298005191064e-06,0.0,1.4442298005191064e-06,,True
pwl,1,P3_dev_run0,winter,21,3.9678232812282715e-07,0.0,3.9678232812282715e-07,,True
pwl,1,P3_dev_run0,winter,22,3.577263489659199e-07,0.0,3.577263489659199e-07,,True
pwl,1,P3_dev_run0,winter,23,0.19210558557962798,0.15,0.042105585579627985,0.2807039038641866,True
pwl,1,P3_dev_run0,shoulder,0,0.17289466836305217,0.1,0.07289466836305217,0.7289466836305216,False
pwl,1,P3_dev_run0,shoulder,1,1.5530394320770142e-11,0.0,1.5530394320770142e-11,,False
pwl,1,P3_dev_run0,shoulder,2,3.300638944900561e-07,0.0,3.300638944900561e-07,,False
pwl,1,P3_dev_run0,shoulder,3,3.730089330118508e-07,0.0,3.730089330118508e-07,,False
pwl,1,P3_dev_run0,shoulder,4,0.10294890954885812,0.2,0.0970510904511419,0.48525545225570943,False
pwl,1,P3_dev_run0,shoulder,5,3.0346440069177245e-06,0.0,3.0346440069177245e-06,,False
pwl,1,P3_dev_run0,shoulder,6,3.0346826925653062e-06,0.0,3.0346826925653062e-06,,False
pwl,1,P3_dev_run0,shoulder,7,3.0359160875733283e-06,0.0,3.0359160875733283e-06,,False
pwl,1,P3_dev_run0,shoulder,8,2.8406491129178532e-09,0.0,2.8406491129178532e-09,,False
pwl,1,P3_dev_run0,shoulder,9,2.111264439199597e-11,0.0,2.111264439199597e-11,,False
pwl,1,P3_dev_run0,shoulder,10,0.17280024817812203,0.15,0.02280024817812204,0.1520016545208136,False
pwl,1,P3_dev_run0,shoulder,11,1.281461062606837e-09,0.0,1.281461062606837e-09,,False
pwl,1,P3_dev_run0,shoulder,12,1.657294048298887e-11,0.0,1.657294048298887e-11,,False
pwl,1,P3_dev_run0,shoulder,13,2.008889354314595e-11,0.0,2.008889354314595e-11,,False
pwl,1,P3_dev_run0,shoulder,14,1.6216817916465713e-11,0.0,1.6216817916465713e-11,,False
pwl,1,P3_dev_run0,shoulder,15,1.7852843753935218e-11,0.0,1.7852843753935218e-11,,False
pwl,1,P3_dev_run0,shoulder,16,2.8614424832039352e-11,0.0,2.8614424832039352e-11,,False
pwl,1,P3_dev_run0,shoulder,17,3.7939862895734264e-11,0.0,3.7939862895734264e-11,,False
pwl,1,P3_dev_run0,shoulder,18,3.101931493608946e-11,0.0,3.101931493608946e-11,,False
pwl,1,P3_dev_run0,shoulder,19,4.6710870943735406e-11,0.0,4.6710870943735406e-11,,False
pwl,1,P3_dev_run0,shoulder,20,2.7103397745718304e-11,0.0,2.7103397745718304e-11,,False
pwl,1,P3_dev_run0,shoulder,21,1.9214477679699457e-11,0.0,1.9214477679699457e-11,,False
pwl,1,P3_dev_run0,shoulder,22,1.8668918980816995e-11,0.0,1.8668918980816995e-11,,False
pwl,1,P3_dev_run0,shoulder,23,3.5102224442614204e-11,0.0,3.5102224442614204e-11,,False
pwl,2,P1_old_full_opt,summer,0,0.04555215193799528,0.0,0.04555215193799528,,False
pwl,2,P1_old_full_opt,summer,1,0.008867530994475304,0.0,0.008867530994475304,,False
pwl,2,P1_old_full_opt,summer,2,8.379299392936475e-11,0.0,8.379299392936475e-11,,False
pwl,2,P1_old_full_opt,summer,3,0.024999999999299485,0.02,0.004999999999299485,0.24999999996497424,False
pwl,2,P1_old_full_opt,summer,4,0.04555215193796122,0.0,0.04555215193796122,,False
pwl,2,P1_old_full_opt,summer,5,0.0455521519379606,0.0,0.0455521519379606,,False
pwl,2,P1_old_full_opt,summer,6,1.1717277873074719e-05,0.0,1.1717277873074719e-05,,False
pwl,2,P1_old_full_opt,summer,7,1.1706058158162696e-05,0.0,1.1706058158162696e-05,,False
pwl,2,P1_old_full_opt,summer,8,1.1717265343600224e-05,0.0,1.1717265343600224e-05,,False
pwl,2,P1_old_full_opt,summer,9,1.1560761307950737e-12,0.0,1.1560761307950737e-12,,False
pwl,2,P1_old_full_opt,summer,10,1.039814926786854e-12,0.0,1.039814926786854e-12,,False
pwl,2,P1_old_full_opt,summer,11,1.055729698541174e-12,0.0,1.055729698541174e-12,,False
pwl,2,P1_old_full_opt,summer,12,1.032144017977476e-12,0.0,1.032144017977476e-12,,False
pwl,2,P1_old_full_opt,summer,13,9.972867927257772e-13,0.0,9.972867927257772e-13,,False
pwl,2,P1_old_full_opt,summer,14,1.3197284377145075e-12,0.0,1.3197284377145075e-12,,False
pwl,2,P1_old_full_opt,summer,15,0.025000000000056845,0.0,0.025000000000056845,,False
pwl,2,P1_old_full_opt,summer,16,0.04119849339685843,0.0,0.04119849339685843,,False
pwl,2,P1_old_full_opt,summer,17,2.599870737450978e-12,0.0,2.599870737450978e-12,,False
pwl,2,P1_old_full_opt,summer,18,1.2806689025839408e-12,0.0,1.2806689025839408e-12,,False
pwl,2,P1_old_full_opt,summer,19,1.2073446548386373e-12,0.0,1.2073446548386373e-12,,False
pwl,2,P1_old_full_opt,summer,20,1.1783221816225742e-12,0.0,1.1783221816225742e-12,,False
pwl,2,P1_old_full_opt,summer,21,1.1051586972668969e-12,0.0,1.1051586972668969e-12,,False
pwl,2,P1_old_full_opt,summer,22,1.082346057809457e-12,0.0,1.082346057809457e-12,,False
pwl,2,P1_old_full_opt,summer,23,1.4648870889246928e-12,0.0,1.4648870889246928e-12,,False
pwl,2,P1_old_full_opt,winter,0,0.04555215193802098,0.0,0.04555215193802098,,False
pwl,2,P1_old_full_opt,winter,1,0.008867531445911868,0.0,0.008867531445911868,,False
pwl,2,P1_old_full_opt,winter,2,7.019127015116386e-13,0.0,7.019127015116386e-13,,False
pwl,2,P1_old_full_opt,winter,3,0.04555215193804881,0.0,0.04555215193804881,,False
pwl,2,P1_old_full_opt,winter,4,0.045552151938031776,0.0,0.045552151938031776,,False
pwl,2,P1_old_full_opt,winter,5,0.0249999999998683,0.02,0.004999999999868301,0.24999999999341505,False
pwl,2,P1_old_full_opt,winter,6,1.1716892725812037e-05,0.0,1.1716892725812037e-05,,False
pwl,2,P1_old_full_opt,winter,7,1.1716840580542882e-05,0.0,1.1716840580542882e-05,,False
pwl,2,P1_old_full_opt,winter,8,1.17168979422334e-05,0.0,1.17168979422334e-05,,False
pwl,2,P1_old_full_opt,winter,9,0.024999999999279685,0.0,0.024999999999279685,,False
pwl,2,P1_old_full_opt,winter,10,0.045552151938047986,0.0,0.045552151938047986,,False
pwl,2,P1_old_full_opt,winter,11,0.043600907227812326,0.0,0.043600907227812326,,False
pwl,2,P1_old_full_opt,winter,12,9.34751774340666e-13,0.0,9.34751774340666e-13,,False
pwl,2,P1_old_full_opt,winter,13,1.044486207587001e-12,0.0,1.044486207587001e-12,,False
pwl,2,P1_old_full_opt,winter,14,6.896087618744625e-13,0.0,6.896087618744625e-13,,False
pwl,2,P1_old_full_opt,winter,15,6.744135195307847e-13,0.0,6.744135195307847e-13,,False
pwl,2,P1_old_full_opt,winter,16,7.344157809924061e-13,0.0,7.344157809924061e-13,,False
pwl,2,P1_old_full_opt,winter,17,8.7146912428347e-13,0.0,8.7146912428347e-13,,False
pwl,2,P1_old_full_opt,winter,18,6.985392699472382e-13,0.0,6.985392699472382e-13,,False
pwl,2,P1_old_full_opt,winter,19,6.016035635271275e-13,0.0,6.016035635271275e-13,,False
pwl,2,P1_old_full_opt,winter,20,0.0,0.0,0.0,,False
pwl,2,P1_old_full_opt,winter,21,2.428786477661631e-08,0.0,2.428786477661631e-08,,False
pwl,2,P1_old_full_opt,winter,22,0.025000000000021984,0.02,0.005000000000021983,0.2500000000010992,False
pwl,2,P1_old_full_opt,winter,23,0.04555215193805888,0.0,0.04555215193805888,,False
pwl,2,P1_old_full_opt,shoulder,0,0.0455521519351451,0.0,0.0455521519351451,,False
pwl,2,P1_old_full_opt,shoulder,1,0.00886753090899696,0.0,0.00886753090899696,,False
pwl,2,P1_old_full_opt,shoulder,2,2.2217326453029334e-09,0.0,2.2217326453029334e-09,,False
pwl,2,P1_old_full_opt,shoulder,3,0.035959098195682125,0.0,0.035959098195682125,,False
pwl,2,P1_old_full_opt,shoulder,4,0.04555215193358174,0.0,0.04555215193358174,,False
pwl,2,P1_old_full_opt,shoulder,5,0.02500000000454873,0.02,0.00500000000454873,0.2500000002274365,False
pwl,2,P1_old_full_opt,shoulder,6,1.1679166279316445e-05,0.0,1.1679166279316445e-05,,False
pwl,2,P1_old_full_opt,shoulder,7,1.1646391899870417e-05,0.0,1.1646391899870417e-05,,False
pwl,2,P1_old_full_opt,shoulder,8,1.0400145314955011e-09,0.0,1.0400145314955011e-09,,False
pwl,2,P1_old_full_opt,shoulder,9,7.008957406505785e-11,0.0,7.008957406505785e-11,,False
pwl,2,P1_old_full_opt,shoulder,10,0.04555215193855605,0.0,0.04555215193855605,,False
pwl,2,P1_old_full_opt,shoulder,11,0.008770376268034532,0.0,0.008770376268034532,,False
pwl,2,P1_old_full_opt,shoulder,12,3.923503342551358e-11,0.0,3.923503342551358e-11,,False
pwl,2,P1_old_full_opt,shoulder,13,4.193941890204303e-11,0.0,4.193941890204303e-11,,False
pwl,2,P1_old_full_opt,shoulder,14,3.3034418715585417e-11,0.0,3.3034418715585417e-11,,False
pwl,2,P1_old_full_opt,shoulder,15,4.124194503949363e-11,0.0,4.124194503949363e-11,,False
pwl,2,P1_old_full_opt,shoulder,16,1.808279999486551e-10,0.0,1.808279999486551e-10,,False
pwl,2,P1_old_full_opt,shoulder,17,4.429403800179049e-10,0.0,4.429403800179049e-10,,False
pwl,2,P1_old_full_opt,shoulder,18,2.1519022374525451e-10,0.0,2.1519022374525451e-10,,False
pwl,2,P1_old_full_opt,shoulder,19,3.819363928413303e-10,0.0,3.819363928413303e-10,,False
pwl,2,P1_old_full_opt,shoulder,20,1.570144192603057e-10,0.0,1.570144192603057e-10,,False
pwl,2,P1_old_full_opt,shoulder,21,3.7358572576802725e-11,0.0,3.7358572576802725e-11,,False
pwl,2,P1_old_full_opt,shoulder,22,3.683059892390884e-11,0.0,3.683059892390884e-11,,False
pwl,2,P1_old_full_opt,shoulder,23,6.444504336436334e-11,0.0,6.444504336436334e-11,,False
pwl,2,P2_dev_run1,summer,0,0.04621260056965079,0.1,0.053787399430349214,0.5378739943034921,False
pwl,2,P2_dev_run1,summer,1,2.3962993497870452e-11,0.0,2.3962993497870452e-11,,False
pwl,2,P2_dev_run1,summer,2,5.988960506697494e-07,0.0,5.988960506697494e-07,,False
pwl,2,P2_dev_run1,summer,3,4.844489040793545e-07,0.0,4.844489040793545e-07,,False
pwl,2,P2_dev_run1,summer,4,0.025000000042658604,0.05,0.0249999999573414,0.49999999914682797,False
pwl,2,P2_dev_run1,summer,5,0.07769557495222429,0.0,0.07769557495222429,,False
pwl,2,P2_dev_run1,summer,6,1.1297401858259204e-05,0.0,1.1297401858259204e-05,,False
pwl,2,P2_dev_run1,summer,7,1.129740913813363e-05,0.0,1.129740913813363e-05,,False
pwl,2,P2_dev_run1,summer,8,1.1297412828189333e-05,0.0,1.1297412828189333e-05,,False
pwl,2,P2_dev_run1,summer,9,1.0734644145280278e-09,0.0,1.0734644145280278e-09,,False
pwl,2,P2_dev_run1,summer,10,2.419695293131632e-11,0.0,2.419695293131632e-11,,False
pwl,2,P2_dev_run1,summer,11,8.190956689141325e-10,0.0,8.190956689141325e-10,,False
pwl,2,P2_dev_run1,summer,12,2.0184214641375366e-10,0.0,2.0184214641375366e-10,,False
pwl,2,P2_dev_run1,summer,13,2.6985294726415906e-11,0.0,2.6985294726415906e-11,,False
pwl,2,P2_dev_run1,summer,14,4.717115646034582e-09,0.0,4.717115646034582e-09,,False
pwl,2,P2_dev_run1,summer,15,0.02500000000071219,0.0,0.02500000000071219,,False
pwl,2,P2_dev_run1,summer,16,0.0394838059642648,0.1,0.06051619403573521,0.605161940357352,False
pwl,2,P2_dev_run1,summer,17,6.207923784462572e-09,0.0,6.207923784462572e-09,,False
pwl,2,P2_dev_run1,summer,18,1.1059282092754607e-09,0.0,1.1059282092754607e-09,,False
pwl,2,P2_dev_run1,summer,19,5.054963363782138e-11,0.0,5.054963363782138e-11,,False
pwl,2,P2_dev_run1,summer,20,3.7382771839203755e-11,0.0,3.7382771839203755e-11,,False
pwl,2,P2_dev_run1,summer,21,3.25962654174128e-11,0.0,3.25962654174128e-11,,False
pwl,2,P2_dev_run1,summer,22,3.5996290386681666e-09,0.0,3.5996290386681666e-09,,False
pwl,2,P2_dev_run1,summer,23,3.979455761276714e-09,0.0,3.979455761276714e-09,,False
pwl,2,P2_dev_run1,winter,0,0.04621258728203424,0.1,0.05378741271796576,0.5378741271796575,True
pwl,2,P2_dev_run1,winter,1,0.0,0.0,0.0,,True
pwl,2,P2_dev_run1,winter,2,3.7941538216574907e-07,0.0,3.7941538216574907e-07,,True
pwl,2,P2_dev_run1,winter,3,0.024999999998965912,0.05,0.02500000000103409,0.5000000000206818,True
pwl,2,P2_dev_run1,winter,4,0.078422170665809,0.0,0.078422170665809,,True
pwl,2,P2_dev_run1,winter,5,1.1297413041450638e-05,0.0,1.1297413041450638e-05,,True
pwl,2,P2_dev_run1,winter,6,1.12974046865561e-05,0.0,1.12974046865561e-05,,True
pwl,2,P2_dev_run1,winter,7,1.1297414804527604e-05,0.0,1.1297414804527604e-05,,True
pwl,2,P2_dev_run1,winter,8,1.129742722036566e-05,0.0,1.129742722036566e-05,,True
pwl,2,P2_dev_run1,winter,9,0.024999999993189026,0.0,0.024999999993189026,,True
pwl,2,P2_dev_run1,winter,10,0.07842217066604204,0.0,0.07842217066604204,,True
pwl,2,P2_dev_run1,winter,11,0.025000000000477474,0.05,0.02499999999952253,0.4999999999904506,True
pwl,2,P2_dev_run1,winter,12,1.9560359323223592e-11,0.0,1.9560359323223592e-11,,True
pwl,2,P2_dev_run1,winter,13,2.405676108172309e-11,0.0,2.405676108172309e-11,,True
pwl,2,P2_dev_run1,winter,14,6.149441545082948e-12,0.0,6.149441545082948e-12,,True
pwl,2,P2_dev_run1,winter,15,5.790897906288696e-12,0.0,5.790897906288696e-12,,True
pwl,2,P2_dev_run1,winter,16,9.11566429778111e-12,0.0,9.11566429778111e-12,,True
pwl,2,P2_dev_run1,winter,17,1.485063742724416e-11,0.0,1.485063742724416e-11,,True
pwl,2,P2_dev_run1,winter,18,5.2999175727857156e-12,0.0,5.2999175727857156e-12,,True
pwl,2,P2_dev_run1,winter,19,0.0,0.0,0.0,,True
pwl,2,P2_dev_run1,winter,20,0.0,0.0,0.0,,True
pwl,2,P2_dev_run1,winter,21,1.1474579718379963e-06,0.0,1.1474579718379963e-06,,True
pwl,2,P2_dev_run1,winter,22,2.813024702301693e-07,0.0,2.813024702301693e-07,,True
pwl,2,P2_dev_run1,winter,23,0.05134744035254464,0.1,0.048652559647455365,0.4865255964745536,True
pwl,2,P2_dev_run1,shoulder,0,0.04621259968530525,0.1,0.053787400314694755,0.5378740031469476,False
pwl,2,P2_dev_run1,shoulder,1,2.525322781807324e-11,0.0,2.525322781807324e-11,,False
pwl,2,P2_dev_run1,shoulder,2,4.996294636718513e-07,0.0,4.996294636718513e-07,,False
pwl,2,P2_dev_run1,shoulder,3,0.024999999997057914,0.05,0.02500000000294209,0.5000000000588417,False
pwl,2,P2_dev_run1,shoulder,4,0.07842217066600139,0.0,0.07842217066600139,,False
pwl,2,P2_dev_run1,shoulder,5,1.129741095241257e-05,0.0,1.129741095241257e-05,,False
pwl,2,P2_dev_run1,shoulder,6,1.1297413870252014e-05,0.0,1.1297413870252014e-05,,False
pwl,2,P2_dev_run1,shoulder,7,1.1297414102406495e-05,0.0,1.1297414102406495e-05,,False
pwl,2,P2_dev_run1,shoulder,8,3.4153747659641696e-09,0.0,3.4153747659641696e-09,,False
pwl,2,P2_dev_run1,shoulder,9,7.5265942515571e-10,0.0,7.5265942515571e-10,,False
pwl,2,P2_dev_run1,shoulder,10,0.04618736172700953,0.1,0.05381263827299047,0.5381263827299047,False
pwl,2,P2_dev_run1,shoulder,11,8.91260869142358e-09,0.0,8.91260869142358e-09,,False
pwl,2,P2_dev_run1,shoulder,12,2.013071127661677e-10,0.0,2.013071127661677e-10,,False
pwl,2,P2_dev_run1,shoulder,13,2.0707081399278e-10,0.0,2.0707081399278e-10,,False
pwl,2,P2_dev_run1,shoulder,14,3.8691872776669135e-13,0.0,3.8691872776669135e-13,,False
pwl,2,P2_dev_run1,shoulder,15,1.8135319107027358e-10,0.0,1.8135319107027358e-10,,False
pwl,2,P2_dev_run1,shoulder,16,6.679453190498269e-10,0.0,6.679453190498269e-10,,False
pwl,2,P2_dev_run1,shoulder,17,1.4071394994272064e-09,0.0,1.4071394994272064e-09,,False
pwl,2,P2_dev_run1,shoulder,18,9.36320093741562e-10,0.0,9.36320093741562e-10,,False
pwl,2,P2_dev_run1,shoulder,19,1.0864748861990314e-09,0.0,1.0864748861990314e-09,,False
pwl,2,P2_dev_run1,shoulder,20,6.671577668550568e-10,0.0,6.671577668550568e-10,,False
pwl,2,P2_dev_run1,shoulder,21,3.483928137818942e-13,0.0,3.483928137818942e-13,,False
pwl,2,P2_dev_run1,shoulder,22,1.4435623338845447e-12,0.0,1.4435623338845447e-12,,False
pwl,2,P2_dev_run1,shoulder,23,6.915635325181463e-10,0.0,6.915635325181463e-10,,False
pwl,2,P3_dev_run0,summer,0,0.17289467086538243,0.15,0.022894670865382438,0.1526311391025496,False
pwl,2,P3_dev_run0,summer,1,6.346163127852608e-11,0.0,6.346163127852608e-11,,False
pwl,2,P3_dev_run0,summer,2,3.126956382279256e-07,0.0,3.126956382279256e-07,,False
pwl,2,P3_dev_run0,summer,3,4.798481252454364e-07,0.0,4.798481252454364e-07,,False
pwl,2,P3_dev_run0,summer,4,0.025000000103860363,0.0,0.025000000103860363,,False
pwl,2,P3_dev_run0,summer,5,0.07794976942057431,0.2,0.1220502305794257,0.6102511528971285,False
pwl,2,P3_dev_run0,summer,6,1.1323028562058753e-05,0.0,1.1323028562058753e-05,,False
pwl,2,P3_dev_run0,summer,7,1.1325441252792432e-05,0.0,1.1325441252792432e-05,,False
pwl,2,P3_dev_run0,summer,8,1.132539215493694e-05,0.0,1.132539215493694e-05,,False
pwl,2,P3_dev_run0,summer,9,6.025387123213818e-08,0.0,6.025387123213818e-08,,False
pwl,2,P3_dev_run0,summer,10,1.405917064999895e-10,0.0,1.405917064999895e-10,,False
pwl,2,P3_dev_run0,summer,11,1.6695143565918422e-10,0.0,1.6695143565918422e-10,,False
pwl,2,P3_dev_run0,summer,12,1.5104164046503607e-10,0.0,1.5104164046503607e-10,,False
pwl,2,P3_dev_run0,summer,13,1.18404807242784e-10,0.0,1.18404807242784e-10,,False
pwl,2,P3_dev_run0,summer,14,2.2555163540284213e-10,0.0,2.2555163540284213e-10,,False
pwl,2,P3_dev_run0,summer,15,0.025000000004756127,0.0,0.025000000004756127,,False
pwl,2,P3_dev_run0,summer,16,0.17028740366044243,0.2,0.029712596339557584,0.14856298169778792,False
pwl,2,P3_dev_run0,summer,17,3.16536730988596e-08,0.0,3.16536730988596e-08,,False
pwl,2,P3_dev_run0,summer,18,2.766104955015368e-09,0.0,2.766104955015368e-09,,False
pwl,2,P3_dev_run0,summer,19,1.5977681292561987e-09,0.0,1.5977681292561987e-09,,False
pwl,2,P3_dev_run0,summer,20,8.703636878084414e-10,0.0,8.703636878084414e-10,,False
pwl,2,P3_dev_run0,summer,21,2.455428551362482e-10,0.0,2.455428551362482e-10,,False
pwl,2,P3_dev_run0,summer,22,1.289420985179213e-09,0.0,1.289420985179213e-09,,False
pwl,2,P3_dev_run0,summer,23,0.025000000014262353,0.0,0.025000000014262353,,False
pwl,2,P3_dev_run0,winter,0,0.1728946776527315,0.15,0.02289467765273151,0.1526311843515434,False
pwl,2,P3_dev_run0,winter,1,0.0,0.0,0.0,,False
pwl,2,P3_dev_run0,winter,2,6.200658986958558e-07,0.0,6.200658986958558e-07,,False
pwl,2,P3_dev_run0,winter,3,5.867674036469371e-07,0.0,5.867674036469371e-07,,False
pwl,2,P3_dev_run0,winter,4,0.1029491193677432,0.2,0.09705088063225681,0.48525440316128404,False
pwl,2,P3_dev_run0,winter,5,1.1325321484248823e-05,0.0,1.1325321484248823e-05,,False
pwl,2,P3_dev_run0,winter,6,1.1325327532322347e-05,0.0,1.1325327532322347e-05,,False
pwl,2,P3_dev_run0,winter,7,1.1325335057765083e-05,0.0,1.1325335057765083e-05,,False
pwl,2,P3_dev_run0,winter,8,1.1325423622274974e-05,0.0,1.1325423622274974e-05,,False
pwl,2,P3_dev_run0,winter,9,0.0,0.0,0.0,,False
pwl,2,P3_dev_run0,winter,10,0.3457797287175595,0.3,0.04577972871755953,0.15259909572519845,False
pwl,2,P3_dev_run0,winter,11,1.7010173301159191e-09,0.0,1.7010173301159191e-09,,False
pwl,2,P3_dev_run0,winter,12,0.0,0.0,0.0,,False
pwl,2,P3_dev_run0,winter,13,4.762486790090183e-06,0.0,4.762486790090183e-06,,False
pwl,2,P3_dev_run0,winter,14,7.68344337751676e-09,0.0,7.68344337751676e-09,,False
pwl,2,P3_dev_run0,winter,15,7.440336409730626e-09,0.0,7.440336409730626e-09,,False
pwl,2,P3_dev_run0,winter,16,0.0,0.0,0.0,,False
pwl,2,P3_dev_run0,winter,17,4.886541848347377e-09,0.0,4.886541848347377e-09,,False
pwl,2,P3_dev_run0,winter,18,0.0,0.0,0.0,,False
pwl,2,P3_dev_run0,winter,19,5.13155440522322e-09,0.0,5.13155440522322e-09,,False
pwl,2,P3_dev_run0,winter,20,2.263899801501245e-08,0.0,2.263899801501245e-08,,False
pwl,2,P3_dev_run0,winter,21,6.319306674847073e-07,0.0,6.319306674847073e-07,,False
pwl,2,P3_dev_run0,winter,22,5.909077242170456e-07,0.0,5.909077242170456e-07,,False
pwl,2,P3_dev_run0,winter,23,0.19210558247556309,0.15,0.04210558247556309,0.2807038831704206,False
pwl,2,P3_dev_run0,shoulder,0,0.04632704623925173,0.1,0.05367295376074827,0.5367295376074827,False
pwl,2,P3_dev_run0,shoulder,1,5.756893062960916e-12,0.0,5.756893062960916e-12,,False
pwl,2,P3_dev_run0,shoulder,2,3.026683890379415e-07,0.0,3.026683890379415e-07,,False
pwl,2,P3_dev_run0,shoulder,3,3.0811186008380247e-07,0.0,3.0811186008380247e-07,,False
pwl,2,P3_dev_run0,shoulder,4,0.10294891397274553,0.2,0.09705108602725449,0.4852554301362724,False
pwl,2,P3_dev_run0,shoulder,5,1.13241679895383e-05,0.0,1.13241679895383e-05,,False
pwl,2,P3_dev_run0,shoulder,6,1.1324190539434976e-05,0.0,1.1324190539434976e-05,,False
pwl,2,P3_dev_run0,shoulder,7,1.1325330089775775e-05,0.0,1.1325330089775775e-05,,False
pwl,2,P3_dev_run0,shoulder,8,6.689365055604994e-09,0.0,6.689365055604994e-09,,False
pwl,2,P3_dev_run0,shoulder,9,8.063116660881375e-12,0.0,8.063116660881375e-12,,False
pwl,2,P3_dev_run0,shoulder,10,0.17280024057062252,0.15,0.02280024057062252,0.15200160380415015,False
pwl,2,P3_dev_run0,shoulder,11,1.0645117262701562e-08,0.0,1.0645117262701562e-08,,False
pwl,2,P3_dev_run0,shoulder,12,6.2392297736376866e-12,0.0,6.2392297736376866e-12,,False
pwl,2,P3_dev_run0,shoulder,13,7.2485529132578666e-12,0.0,7.2485529132578666e-12,,False
pwl,2,P3_dev_run0,shoulder,14,6.254403545231847e-12,0.0,6.254403545231847e-12,,False
pwl,2,P3_dev_run0,shoulder,15,6.824661282877433e-12,0.0,6.824661282877433e-12,,False
pwl,2,P3_dev_run0,shoulder,16,1.1962760200451922e-11,0.0,1.1962760200451922e-11,,False
pwl,2,P3_dev_run0,shoulder,17,2.128216794827464e-11,0.0,2.128216794827464e-11,,False
pwl,2,P3_dev_run0,shoulder,18,1.4906650320344474e-11,0.0,1.4906650320344474e-11,,False
pwl,2,P3_dev_run0,shoulder,19,7.582668436566665e-11,0.0,7.582668436566665e-11,,False
pwl,2,P3_dev_run0,shoulder,20,1.1841552956971033e-11,0.0,1.1841552956971033e-11,,False
pwl,2,P3_dev_run0,shoulder,21,7.685410815953301e-12,0.0,7.685410815953301e-12,,False
pwl,2,P3_dev_run0,shoulder,22,7.234303349234552e-12,0.0,7.234303349234552e-12,,False
pwl,2,P3_dev_run0,shoulder,23,1.1536976089789306e-11,0.0,1.1536976089789306e-11,,False
pwl,4,P1_old_full_opt,summer,0,0.045552151938005256,0.0,0.045552151938005256,,False
pwl,4,P1_old_full_opt,summer,1,0.008867559694571248,0.0,0.008867559694571248,,False
pwl,4,P1_old_full_opt,summer,2,2.682071658540594e-08,0.0,2.682071658540594e-08,,False
pwl,4,P1_old_full_opt,summer,3,0.04750610184697932,0.02,0.02750610184697932,1.375305092348966,False
pwl,4,P1_old_full_opt,summer,4,0.045552151938108514,0.0,0.045552151938108514,,False
pwl,4,P1_old_full_opt,summer,5,0.0455521519381063,0.0,0.0455521519381063,,False
pwl,4,P1_old_full_opt,summer,6,0.009999999994217877,0.0,0.009999999994217877,,False
pwl,4,P1_old_full_opt,summer,7,1.1716726049942765e-05,0.0,1.1716726049942765e-05,,False
pwl,4,P1_old_full_opt,summer,8,1.1716790159178135e-05,0.0,1.1716790159178135e-05,,False
pwl,4,P1_old_full_opt,summer,9,1.742396176828471e-11,0.0,1.742396176828471e-11,,False
pwl,4,P1_old_full_opt,summer,10,5.095123827013439e-12,0.0,5.095123827013439e-12,,False
pwl,4,P1_old_full_opt,summer,11,6.029420066287844e-12,0.0,6.029420066287844e-12,,False
pwl,4,P1_old_full_opt,summer,12,5.65439905118633e-12,0.0,5.65439905118633e-12,,False
pwl,4,P1_old_full_opt,summer,13,4.858044689749437e-12,0.0,4.858044689749437e-12,,False
pwl,4,P1_old_full_opt,summer,14,1.3624119396822136e-11,0.0,1.3624119396822136e-11,,False
pwl,4,P1_old_full_opt,summer,15,0.04999999999917819,0.0,0.04999999999917819,,False
pwl,4,P1_old_full_opt,summer,16,0.0500000000001722,0.0,0.0500000000001722,,False
pwl,4,P1_old_full_opt,summer,17,5.518945401873126e-10,0.0,5.518945401873126e-10,,False
pwl,4,P1_old_full_opt,summer,18,1.0230617432656581e-11,0.0,1.0230617432656581e-11,,False
pwl,4,P1_old_full_opt,summer,19,7.1160052228461135e-12,0.0,7.1160052228461135e-12,,False
pwl,4,P1_old_full_opt,summer,20,6.609198643899516e-12,0.0,6.609198643899516e-12,,False
pwl,4,P1_old_full_opt,summer,21,5.768732737830261e-12,0.0,5.768732737830261e-12,,False
pwl,4,P1_old_full_opt,summer,22,8.083389954340787e-12,0.0,8.083389954340787e-12,,False
pwl,4,P1_old_full_opt,summer,23,1.7420008269403544e-10,0.0,1.7420008269403544e-10,,False
pwl,4,P1_old_full_opt,winter,0,0.045552151938042316,0.0,0.045552151938042316,,False
pwl,4,P1_old_full_opt,winter,1,0.00886753153157332,0.0,0.00886753153157332,,False
pwl,4,P1_old_full_opt,winter,2,3.963982341202075e-12,0.0,3.963982341202075e-12,,False
pwl,4,P1_old_full_opt,winter,3,0.045552151940081165,0.0,0.045552151940081165,,False
pwl,4,P1_old_full_opt,winter,4,0.04555215193828918,0.0,0.04555215193828918,,False
pwl,4,P1_old_full_opt,winter,5,0.049999999998887094,0.02,0.029999999998887094,1.4999999999443547,False
pwl,4,P1_old_full_opt,winter,6,1.1711882967313485e-05,0.0,1.1711882967313485e-05,,False
pwl,4,P1_old_full_opt,winter,7,1.1717053524277363e-05,0.0,1.1717053524277363e-05,,False
pwl,4,P1_old_full_opt,winter,8,1.171686686534279e-05,0.0,1.171686686534279e-05,,False
pwl,4,P1_old_full_opt,winter,9,0.020285550548730845,0.0,0.020285550548730845,,False
pwl,4,P1_old_full_opt,winter,10,0.04555215193814396,0.0,0.04555215193814396,,False
pwl,4,P1_old_full_opt,winter,11,0.05000000000002442,0.0,0.05000000000002442,,False
pwl,4,P1_old_full_opt,winter,12,3.204281409245749e-12,0.0,3.204281409245749e-12,,False
pwl,4,P1_old_full_opt,winter,13,4.492877474099363e-12,0.0,4.492877474099363e-12,,False
pwl,4,P1_old_full_opt,winter,14,1.326074043861449e-12,0.0,1.326074043861449e-12,,False
pwl,4,P1_old_full_opt,winter,15,1.2465210867164863e-12,0.0,1.2465210867164863e-12,,False
pwl,4,P1_old_full_opt,winter,16,1.7648873089239129e-12,0.0,1.7648873089239129e-12,,False
pwl,4,P1_old_full_opt,winter,17,2.8677138821955916e-12,0.0,2.8677138821955916e-12,,False
pwl,4,P1_old_full_opt,winter,18,1.3347339707646573e-12,0.0,1.3347339707646573e-12,,False
pwl,4,P1_old_full_opt,winter,19,6.75697302780294e-13,0.0,6.75697302780294e-13,,False
pwl,4,P1_old_full_opt,winter,20,1.3300359760106816e-10,0.0,1.3300359760106816e-10,,False
pwl,4,P1_old_full_opt,winter,21,1.3904812445155804e-08,0.0,1.3904812445155804e-08,,False
pwl,4,P1_old_full_opt,winter,22,0.028744742419667187,0.02,0.008744742419667186,0.4372371209833593,False
pwl,4,P1_old_full_opt,winter,23,0.04555215194148254,0.0,0.04555215194148254,,False
pwl,4,P1_old_full_opt,shoulder,0,0.04555215193738621,0.0,0.04555215193738621,,False
pwl,4,P1_old_full_opt,shoulder,1,0.008867529172841154,0.0,0.008867529172841154,,False
pwl,4,P1_old_full_opt,shoulder,2,6.7852812174829945e-09,0.0,6.7852812174829945e-09,,False
pwl,4,P1_old_full_opt,shoulder,3,0.04555215199603153,0.0,0.04555215199603153,,False
pwl,4,P1_old_full_opt,shoulder,4,0.04555215193970466,0.0,0.04555215193970466,,False
pwl,4,P1_old_full_opt,shoulder,5,0.015407495272702187,0.02,0.004592504727297813,0.22962523636489066,False
pwl,4,P1_old_full_opt,shoulder,6,1.1634423869787162e-05,0.0,1.1634423869787162e-05,,False
pwl,4,P1_old_full_opt,shoulder,7,1.171089797959282e-05,0.0,1.171089797959282e-05,,False
pwl,4,P1_old_full_opt,shoulder,8,3.8377353151579717e-10,0.0,3.8377353151579717e-10,,False
pwl,4,P1_old_full_opt,shoulder,9,1.248063437795111e-10,0.0,1.248063437795111e-10,,False
pwl,4,P1_old_full_opt,shoulder,10,0.04999999994449065,0.0,0.04999999994449065,,False
pwl,4,P1_old_full_opt,shoulder,11,0.011338277385434513,0.0,0.011338277385434513,,False
pwl,4,P1_old_full_opt,shoulder,12,4.998473098292618e-11,0.0,4.998473098292618e-11,,False
pwl,4,P1_old_full_opt,shoulder,13,5.709217156778275e-11,0.0,5.709217156778275e-11,,False
pwl,4,P1_old_full_opt,shoulder,14,3.7693893476791583e-11,0.0,3.7693893476791583e-11,,False
pwl,4,P1_old_full_opt,shoulder,15,5.3242887862344675e-11,0.0,5.3242887862344675e-11,,False
pwl,4,P1_old_full_opt,shoulder,16,2.86568012729869e-10,0.0,2.86568012729869e-10,,False
pwl,4,P1_old_full_opt,shoulder,17,3.4102021180741754e-10,0.0,3.4102021180741754e-10,,False
pwl,4,P1_old_full_opt,shoulder,18,4.486646411020564e-10,0.0,4.486646411020564e-10,,False
pwl,4,P1_old_full_opt,shoulder,19,4.860940264138881e-10,0.0,4.860940264138881e-10,,False
pwl,4,P1_old_full_opt,shoulder,20,2.524677826911976e-10,0.0,2.524677826911976e-10,,False
pwl,4,P1_old_full_opt,shoulder,21,4.361602406558227e-11,0.0,4.361602406558227e-11,,False
pwl,4,P1_old_full_opt,shoulder,22,4.2753430460285353e-11,0.0,4.2753430460285353e-11,,False
pwl,4,P1_old_full_opt,shoulder,23,1.1391147052124665e-10,0.0,1.1391147052124665e-10,,False
pwl,4,P2_dev_run1,summer,0,0.04999999999503379,0.1,0.05000000000496622,0.5000000000496622,True
pwl,4,P2_dev_run1,summer,1,1.4291002166506026e-11,0.0,1.4291002166506026e-11,,True
pwl,4,P2_dev_run1,summer,2,3.3962120857619645e-07,0.0,3.3962120857619645e-07,,True
pwl,4,P2_dev_run1,summer,3,3.390502768759169e-07,0.0,3.390502768759169e-07,,True
pwl,4,P2_dev_run1,summer,4,0.05000000001896398,0.05,1.8963976222696743e-11,3.7927952445393487e-10,True
pwl,4,P2_dev_run1,summer,5,0.05269627251198518,0.0,0.05269627251198518,,True
pwl,4,P2_dev_run1,summer,6,1.1297594834802905e-05,0.0,1.1297594834802905e-05,,True
pwl,4,P2_dev_run1,summer,7,1.1297591408277977e-05,0.0,1.1297591408277977e-05,,True
pwl,4,P2_dev_run1,summer,8,1.1297678705928493e-05,0.0,1.1297678705928493e-05,,True
pwl,4,P2_dev_run1,summer,9,1.8736397827676506e-11,0.0,1.8736397827676506e-11,,True
pwl,4,P2_dev_run1,summer,10,1.5261274691139535e-11,0.0,1.5261274691139535e-11,,True
pwl,4,P2_dev_run1,summer,11,1.6169074442630578e-11,0.0,1.6169074442630578e-11,,True
pwl,4,P2_dev_run1,summer,12,1.5830878162517084e-11,0.0,1.5830878162517084e-11,,True
pwl,4,P2_dev_run1,summer,13,1.4863431424286612e-11,0.0,1.4863431424286612e-11,,True
pwl,4,P2_dev_run1,summer,14,2.2399380584323806e-11,0.0,2.2399380584323806e-11,,True
pwl,4,P2_dev_run1,summer,15,0.04999999999713766,0.0,0.04999999999713766,,True
pwl,4,P2_dev_run1,summer,16,0.049999999999116626,0.1,0.05000000000088338,0.5000000000088337,True
pwl,4,P2_dev_run1,summer,17,8.115544900438854e-09,0.0,8.115544900438854e-09,,True
pwl,4,P2_dev_run1,summer,18,2.1127039725142403e-11,0.0,2.1127039725142403e-11,,True
pwl,4,P2_dev_run1,summer,19,1.8019818187024775e-11,0.0,1.8019818187024775e-11,,True
pwl,4,P2_dev_run1,summer,20,1.742765817522491e-11,0.0,1.742765817522491e-11,,True
pwl,4,P2_dev_run1,summer,21,1.6454346009357924e-11,0.0,1.6454346009357924e-11,,True
pwl,4,P2_dev_run1,summer,22,1.8386517945883473e-11,0.0,1.8386517945883473e-11,,True
pwl,4,P2_dev_run1,summer,23,9.246653655985687e-09,0.0,9.246653655985687e-09,,True
pwl,4,P2_dev_run1,winter,0,0.04999999998899477,0.1,0.050000000011005234,0.5000000001100523,True
pwl,4,P2_dev_run1,winter,1,1.2412895852433273e-11,0.0,1.2412895852433273e-11,,True
pwl,4,P2_dev_run1,winter,2,3.684783825848013e-07,0.0,3.684783825848013e-07,,True
pwl,4,P2_dev_run1,winter,3,0.04999999996185394,0.05,3.8146062697475e-11,7.629212539495001e-10,True
pwl,4,P2_dev_run1,winter,4,0.07842217066341133,0.0,0.07842217066341133,,True
pwl,4,P2_dev_run1,winter,5,1.1297110075040856e-05,0.0,1.1297110075040856e-05,,True
pwl,4,P2_dev_run1,winter,6,1.1297135466301654e-05,0.0,1.1297135466301654e-05,,True
pwl,4,P2_dev_run1,winter,7,1.1297137652173762e-05,0.0,1.1297137652173762e-05,,True
pwl,4,P2_dev_run1,winter,8,1.129710899018714e-05,0.0,1.129710899018714e-05,,True
pwl,4,P2_dev_run1,winter,9,0.0022448244550905922,0.0,0.0022448244550905922,,True
pwl,4,P2_dev_run1,winter,10,0.07842217066562614,0.0,0.07842217066562614,,True
pwl,4,P2_dev_run1,winter,11,0.04999999999605538,0.05,3.944622406493181e-12,7.889244812986362e-11,True
pwl,4,P2_dev_run1,winter,12,6.178655053052926e-11,0.0,6.178655053052926e-11,,True
pwl,4,P2_dev_run1,winter,13,6.087076653619053e-11,0.0,6.087076653619053e-11,,True
pwl,4,P2_dev_run1,winter,14,4.724344702442e-11,0.0,4.724344702442e-11,,True
pwl,4,P2_dev_run1,winter,15,4.8222437840314574e-11,0.0,4.8222437840314574e-11,,True
pwl,4,P2_dev_run1,winter,16,5.8146977090145465e-11,0.0,5.8146977090145465e-11,,True
pwl,4,P2_dev_run1,winter,17,8.317792093770706e-11,0.0,8.317792093770706e-11,,True
pwl,4,P2_dev_run1,winter,18,5.732723207940265e-11,0.0,5.732723207940265e-11,,True
pwl,4,P2_dev_run1,winter,19,4.9620562599859664e-11,0.0,4.9620562599859664e-11,,True
pwl,4,P2_dev_run1,winter,20,0.0,0.0,0.0,,True
pwl,4,P2_dev_run1,winter,21,7.714128927997932e-07,0.0,7.714128927997932e-07,,True
pwl,4,P2_dev_run1,winter,22,2.840555732517064e-07,0.0,2.840555732517064e-07,,True
pwl,4,P2_dev_run1,winter,23,0.05134744019134031,0.1,0.04865255980865969,0.4865255980865969,True
pwl,4,P2_dev_run1,shoulder,0,0.0499999999988511,0.1,0.0500000000011489,0.500000000011489,False
pwl,4,P2_dev_run1,shoulder,1,1.0469648708352736e-10,0.0,1.0469648708352736e-10,,False
pwl,4,P2_dev_run1,shoulder,2,5.099297480555681e-07,0.0,5.099297480555681e-07,,False
pwl,4,P2_dev_run1,shoulder,3,0.024273406118890697,0.05,0.025726593881109306,0.5145318776221861,False
pwl,4,P2_dev_run1,shoulder,4,0.07842217066579224,0.0,0.07842217066579224,,False
pwl,4,P2_dev_run1,shoulder,5,1.1297407932177159e-05,0.0,1.1297407932177159e-05,,False
pwl,4,P2_dev_run1,shoulder,6,1.1297407667366309e-05,0.0,1.1297407667366309e-05,,False
pwl,4,P2_dev_run1,shoulder,7,1.1297407643358604e-05,0.0,1.1297407643358604e-05,,False
pwl,4,P2_dev_run1,shoulder,8,1.353991187353111e-09,0.0,1.353991187353111e-09,,False
pwl,4,P2_dev_run1,shoulder,9,6.58912175456253e-10,0.0,6.58912175456253e-10,,False
pwl,4,P2_dev_run1,shoulder,10,0.049999999999387174,0.1,0.05000000000061283,0.5000000000061283,False
pwl,4,P2_dev_run1,shoulder,11,4.00474584293754e-09,0.0,4.00474584293754e-09,,False
pwl,4,P2_dev_run1,shoulder,12,1.864271367687167e-10,0.0,1.864271367687167e-10,,False
pwl,4,P2_dev_run1,shoulder,13,8.455650779919654e-10,0.0,8.455650779919654e-10,,False
pwl,4,P2_dev_run1,shoulder,14,1.3880061064462908e-12,0.0,1.3880061064462908e-12,,False
pwl,4,P2_dev_run1,shoulder,15,1.6815945615481498e-10,0.0,1.6815945615481498e-10,,False
pwl,4,P2_dev_run1,shoulder,16,5.00863750882729e-10,0.0,5.00863750882729e-10,,False
pwl,4,P2_dev_run1,shoulder,17,1.7589666608353467e-09,0.0,1.7589666608353467e-09,,False
pwl,4,P2_dev_run1,shoulder,18,6.700431124352689e-10,0.0,6.700431124352689e-10,,False
pwl,4,P2_dev_run1,shoulder,19,1.1179555839698787e-09,0.0,1.1179555839698787e-09,,False
pwl,4,P2_dev_run1,shoulder,20,4.1700864429080905e-10,0.0,4.1700864429080905e-10,,False
pwl,4,P2_dev_run1,shoulder,21,1.5029647492500899e-12,0.0,1.5029647492500899e-12,,False
pwl,4,P2_dev_run1,shoulder,22,1.5552182529236439e-10,0.0,1.5552182529236439e-10,,False
pwl,4,P2_dev_run1,shoulder,23,4.5450286287627124e-10,0.0,4.5450286287627124e-10,,False
pwl,4,P3_dev_run0,summer,0,0.17289467467665978,0.15,0.022894674676659788,0.15263116451106526,False
pwl,4,P3_dev_run0,summer,1,2.2175722191841095e-11,0.0,2.2175722191841095e-11,,False
pwl,4,P3_dev_run0,summer,2,4.154670341585249e-07,0.0,4.154670341585249e-07,,False
pwl,4,P3_dev_run0,summer,3,4.3326169350947883e-07,0.0,4.3326169350947883e-07,,False
pwl,4,P3_dev_run0,summer,4,0.05000000002553142,0.0,0.05000000002553142,,False
pwl,4,P3_dev_run0,summer,5,0.052950468839669015,0.2,0.14704953116033098,0.7352476558016549,False
pwl,4,P3_dev_run0,summer,6,1.1325378929394167e-05,0.0,1.1325378929394167e-05,,False
pwl,4,P3_dev_run0,summer,7,1.1325379695082634e-05,0.0,1.1325379695082634e-05,,False
pwl,4,P3_dev_run0,summer,8,1.1325381228084971e-05,0.0,1.1325381228084971e-05,,False
pwl,4,P3_dev_run0,summer,9,9.819896845013145e-08,0.0,9.819896845013145e-08,,False
pwl,4,P3_dev_run0,summer,10,4.0218323222412135e-11,0.0,4.0218323222412135e-11,,False
pwl,4,P3_dev_run0,summer,11,4.361819123088027e-11,0.0,4.361819123088027e-11,,False
pwl,4,P3_dev_run0,summer,12,4.185028951190714e-11,0.0,4.185028951190714e-11,,False
pwl,4,P3_dev_run0,summer,13,3.8805036215090246e-11,0.0,3.8805036215090246e-11,,False
pwl,4,P3_dev_run0,summer,14,0.0,0.0,0.0,,False
pwl,4,P3_dev_run0,summer,15,0.049999999996383465,0.0,0.049999999996383465,,False
pwl,4,P3_dev_run0,summer,16,0.16779328778528876,0.2,0.03220671221471125,0.16103356107355624,False
pwl,4,P3_dev_run0,summer,17,5.9455775625482915e-08,0.0,5.9455775625482915e-08,,False
pwl,4,P3_dev_run0,summer,18,5.359969720578922e-10,0.0,5.359969720578922e-10,,False
pwl,4,P3_dev_run0,summer,19,0.0,0.0,0.0,,False
pwl,4,P3_dev_run0,summer,20,0.0,0.0,0.0,,False
pwl,4,P3_dev_run0,summer,21,0.0,0.0,0.0,,False
pwl,4,P3_dev_run0,summer,22,2.077320996521059e-09,0.0,2.077320996521059e-09,,False
pwl,4,P3_dev_run0,summer,23,0.04999999999672633,0.0,0.04999999999672633,,False
pwl,4,P3_dev_run0,winter,0,0.17289468259677096,0.15,0.022894682596770966,0.15263121731180646,False
pwl,4,P3_dev_run0,winter,1,3.3355368820590904e-09,0.0,3.3355368820590904e-09,,False
pwl,4,P3_dev_run0,winter,2,6.033064600779707e-07,0.0,6.033064600779707e-07,,False
pwl,4,P3_dev_run0,winter,3,6.030923189613973e-07,0.0,6.030923189613973e-07,,False
pwl,4,P3_dev_run0,winter,4,0.10294895553446037,0.2,0.09705104446553964,0.4852552223276982,False
pwl,4,P3_dev_run0,winter,5,1.1325377805707596e-05,0.0,1.1325377805707596e-05,,False
pwl,4,P3_dev_run0,winter,6,1.1325377967638335e-05,0.0,1.1325377967638335e-05,,False
pwl,4,P3_dev_run0,winter,7,1.1325378883540087e-05,0.0,1.1325378883540087e-05,,False
pwl,4,P3_dev_run0,winter,8,1.1325397179937904e-05,0.0,1.1325397179937904e-05,,False
pwl,4,P3_dev_run0,winter,9,0.0,0.0,0.0,,False
pwl,4,P3_dev_run0,winter,10,0.34577973151844743,0.3,0.04577973151844744,0.1525991050614915,False
pwl,4,P3_dev_run0,winter,11,0.0,0.0,0.0,,False
pwl,4,P3_dev_run0,winter,12,0.0,0.0,0.0,,False
pwl,4,P3_dev_run0,winter,13,4.573187668025144e-06,0.0,4.573187668025144e-06,,False
pwl,4,P3_dev_run0,winter,14,8.001518768446173e-10,0.0,8.001518768446173e-10,,False
pwl,4,P3_dev_run0,winter,15,0.0,0.0,0.0,,False
pwl,4,P3_dev_run0,winter,16,9.13628610182929e-09,0.0,9.13628610182929e-09,,False
pwl,4,P3_dev_run0,winter,17,1.5566605611108374e-08,0.0,1.5566605611108374e-08,,False
pwl,4,P3_dev_run0,winter,18,4.855947902156655e-09,0.0,4.855947902156655e-09,,False
pwl,4,P3_dev_run0,winter,19,0.0,0.0,0.0,,False
pwl,4,P3_dev_run0,winter,20,2.400063560470081e-07,0.0,2.400063560470081e-07,,False
pwl,4,P3_dev_run0,winter,21,6.611627343698098e-07,0.0,6.611627343698098e-07,,False
pwl,4,P3_dev_run0,winter,22,6.105966059782478e-07,0.0,6.105966059782478e-07,,False
pwl,4,P3_dev_run0,winter,23,0.1921055814296466,0.15,0.0421055814296466,0.28070387619764403,False
pwl,4,P3_dev_run0,shoulder,0,0.0500000000178941,0.1,0.04999999998210591,0.499999999821059,False
pwl,4,P3_dev_run0,shoulder,1,2.006615217119332e-11,0.0,2.006615217119332e-11,,False
pwl,4,P3_dev_run0,shoulder,2,3.036796075668488e-07,0.0,3.036796075668488e-07,,False
pwl,4,P3_dev_run0,shoulder,3,3.102535524441976e-07,0.0,3.102535524441976e-07,,False
pwl,4,P3_dev_run0,shoulder,4,0.10294891392003241,0.2,0.0970510860799676,0.485255430399838,False
pwl,4,P3_dev_run0,shoulder,5,1.1325132201220432e-05,0.0,1.1325132201220432e-05,,False
pwl,4,P3_dev_run0,shoulder,6,1.1325164490479362e-05,0.0,1.1325164490479362e-05,,False
pwl,4,P3_dev_run0,shoulder,7,1.1325144360709597e-05,0.0,1.1325144360709597e-05,,False
pwl,4,P3_dev_run0,shoulder,8,2.297171127589773e-08,0.0,2.297171127589773e-08,,False
pwl,4,P3_dev_run0,shoulder,9,2.6859988840460168e-11,0.0,2.6859988840460168e-11,,False
pwl,4,P3_dev_run0,shoulder,10,0.16279996664736915,0.15,0.012799966647369154,0.08533311098246103,False
pwl,4,P3_dev_run0,shoulder,11,0.01000000002132454,0.0,0.01000000002132454,,False
pwl,4,P3_dev_run0,shoulder,12,1.8296395940302997e-11,0.0,1.8296395940302997e-11,,False
pwl,4,P3_dev_run0,shoulder,13,2.8413755527991083e-11,0.0,2.8413755527991083e-11,,False
pwl,4,P3_dev_run0,shoulder,14,1.7186680320897943e-11,0.0,1.7186680320897943e-11,,False
pwl,4,P3_dev_run0,shoulder,15,1.971333256883858e-11,0.0,1.971333256883858e-11,,False
pwl,4,P3_dev_run0,shoulder,16,2.2221064019956123e-10,0.0,2.2221064019956123e-10,,False
pwl,4,P3_dev_run0,shoulder,17,4.937871616271617e-10,0.0,4.937871616271617e-10,,False
pwl,4,P3_dev_run0,shoulder,18,3.1607980276485275e-10,0.0,3.1607980276485275e-10,,False
pwl,4,P3_dev_run0,shoulder,19,7.362773473399616e-10,0.0,7.362773473399616e-10,,False
pwl,4,P3_dev_run0,shoulder,20,1.4025748194552868e-10,0.0,1.4025748194552868e-10,,False
pwl,4,P3_dev_run0,shoulder,21,2.080318047662292e-11,0.0,2.080318047662292e-11,,False
pwl,4,P3_dev_run0,shoulder,22,2.0745023403168017e-11,0.0,2.0745023403168017e-11,,False
pwl,4,P3_dev_run0,shoulder,23,1.7768285640616646e-10,0.0,1.7768285640616646e-10,,False
qp,,P1_old_full_opt,summer,0,0.045552151938032595,0.0,0.045552151938032595,,False
qp,,P1_old_full_opt,summer,1,0.002376047913922742,0.0,0.002376047913922742,,False
qp,,P1_old_full_opt,summer,2,1.97173059408785e-15,0.0,1.97173059408785e-15,,False
qp,,P1_old_full_opt,summer,3,0.01540579819434526,0.02,0.00459420180565474,0.229710090282737,False
qp,,P1_old_full_opt,summer,4,0.04555215193802722,0.0,0.04555215193802722,,False
qp,,P1_old_full_opt,summer,5,0.0455521519380272,0.0,0.0455521519380272,,False
qp,,P1_old_full_opt,summer,6,3.1395269477129296e-06,0.0,3.1395269477129296e-06,,False
qp,,P1_old_full_opt,summer,7,3.139526873924038e-06,0.0,3.139526873924038e-06,,False
qp,,P1_old_full_opt,summer,8,3.1395268746624637e-06,0.0,3.1395268746624637e-06,,False
qp,,P1_old_full_opt,summer,9,1.3961600436050427e-15,0.0,1.3961600436050427e-15,,False
qp,,P1_old_full_opt,summer,10,1.3478592643096798e-15,0.0,1.3478592643096798e-15,,False
qp,,P1_old_full_opt,summer,11,1.3927735397754084e-15,0.0,1.3927735397754084e-15,,False
qp,,P1_old_full_opt,summer,12,1.3731297503893314e-15,0.0,1.3731297503893314e-15,,False
qp,,P1_old_full_opt,summer,13,1.3319529007296367e-15,0.0,1.3319529007296367e-15,,False
qp,,P1_old_full_opt,summer,14,1.6500364390798943e-15,0.0,1.6500364390798943e-15,,False
qp,,P1_old_full_opt,summer,15,0.002344949681206854,0.0,0.002344949681206854,,False
qp,,P1_old_full_opt,summer,16,0.045552151938033754,0.0,0.045552151938033754,,False
qp,,P1_old_full_opt,summer,17,2.348427349033343e-15,0.0,2.348427349033343e-15,,False
qp,,P1_old_full_opt,summer,18,1.5416459965583518e-15,0.0,1.5416459965583518e-15,,False
qp,,P1_old_full_opt,summer,19,1.4429145540323359e-15,0.0,1.4429145540323359e-15,,False
qp,,P1_old_full_opt,summer,20,1.4250274560371198e-15,0.0,1.4250274560371198e-15,,False
qp,,P1_old_full_opt,summer,21,1.3938758158973591e-15,0.0,1.3938758158973591e-15,,False
qp,,P1_old_full_opt,summer,22,1.3886134177255863e-15,0.0,1.3886134177255863e-15,,False
qp,,P1_old_full_opt,summer,23,1.6297011924219586e-15,0.0,1.6297011924219586e-15,,False
qp,,P1_old_full_opt,winter,0,0.045552151938011036,0.0,0.045552151938011036,,False
qp,,P1_old_full_opt,winter,1,8.68861895370215e-15,0.0,8.68861895370215e-15,,False
qp,,P1_old_full_opt,winter,2,4.994366578585693e-15,0.0,4.994366578585693e-15,,False
qp,,P1_old_full_opt,winter,3,0.045552151938000135,0.0,0.045552151938000135,,False
qp,,P1_old_full_opt,winter,4,0.04555215193799983,0.0,0.04555215193799983,,False
qp,,P1_old_full_opt,winter,5,0.012767816479055281,0.02,0.007232183520944719,0.36160917604723597,False
qp,,P1_old_full_opt,winter,6,3.1395268708855264e-06,0.0,3.1395268708855264e-06,,False
qp,,P1_old_full_opt,winter,7,3.139526866459563e-06,0.0,3.139526866459563e-06,,False
qp,,P1_old_full_opt,winter,8,1.2483681493086771e-14,0.0,1.2483681493086771e-14,,False
qp,,P1_old_full_opt,winter,9,0.004744545245179267,0.0,0.004744545245179267,,False
qp,,P1_old_full_opt,winter,10,0.04555215193802021,0.0,0.04555215193802021,,False
qp,,P1_old_full_opt,winter,11,0.04555215193801962,0.0,0.04555215193801962,,False
qp,,P1_old_full_opt,winter,12,5.317575350032207e-15,0.0,5.317575350032207e-15,,False
qp,,P1_old_full_opt,winter,13,4.0765549302792964e-15,0.0,4.0765549302792964e-15,,False
qp,,P1_old_full_opt,winter,14,4.097993217074267e-15,0.0,4.097993217074267e-15,,False
qp,,P1_old_full_opt,winter,15,4.172524395411293e-15,0.0,4.172524395411293e-15,,False
qp,,P1_old_full_opt,winter,16,4.7264812156318295e-15,0.0,4.7264812156318295e-15,,False
qp,,P1_old_full_opt,winter,17,5.2437865483224705e-15,0.0,5.2437865483224705e-15,,False
qp,,P1_old_full_opt,winter,18,4.4391356309058014e-15,0.0,4.4391356309058014e-15,,False
qp,,P1_old_full_opt,winter,19,4.277507643958883e-15,0.0,4.277507643958883e-15,,False
qp,,P1_old_full_opt,winter,20,4.243022343941571e-15,0.0,4.243022343941571e-15,,False
qp,,P1_old_full_opt,winter,21,5.149059308241803e-15,0.0,5.149059308241803e-15,,False
qp,,P1_old_full_opt,winter,22,0.007702130558496455,0.02,0.012297869441503545,0.6148934720751772,False
qp,,P1_old_full_opt,winter,23,0.045552151938012,0.0,0.045552151938012,,False
qp,,P1_old_full_opt,shoulder,0,0.045552151938038174,0.0,0.045552151938038174,,False
qp,,P1_old_full_opt,shoulder,1,0.002376047913925214,0.0,0.002376047913925214,,False
qp,,P1_old_full_opt,shoulder,2,4.334939929425741e-16,0.0,4.334939929425741e-16,,False
qp,,P1_old_full_opt,shoulder,3,0.045552151938030506,0.0,0.045552151938030506,,False
qp,,P1_old_full_opt,shoulder,4,0.045552151938035794,0.0,0.045552151938035794,,False
qp,,P1_old_full_opt,shoulder,5,0.015407481882944322,0.02,0.004592518117055678,0.2296259058527839,False
qp,,P1_old_full_opt,shoulder,6,3.139526879928866e-06,0.0,3.139526879928866e-06,,False
qp,,P1_old_full_opt,shoulder,7,3.139526879315297e-06,0.0,3.139526879315297e-06,,False
qp,,P1_old_full_opt,shoulder,8,6.160204273275935e-16,0.0,6.160204273275935e-16,,False
qp,,P1_old_full_opt,shoulder,9,6.889818284259024e-16,0.0,6.889818284259024e-16,,False
qp,,P1_old_full_opt,shoulder,10,0.045552151938039194,0.0,0.045552151938039194,,False
qp,,P1_old_full_opt,shoulder,11,0.00235001916829164,0.0,0.00235001916829164,,False
qp,,P1_old_full_opt,shoulder,12,5.574671267932351e-16,0.0,5.574671267932351e-16,,False
qp,,P1_old_full_opt,shoulder,13,5.250085390969778e-16,0.0,5.250085390969778e-16,,False
qp,,P1_old_full_opt,shoulder,14,5.229933184180552e-16,0.0,5.229933184180552e-16,,False
qp,,P1_old_full_opt,shoulder,15,5.719289413443407e-16,0.0,5.719289413443407e-16,,False
qp,,P1_old_full_opt,shoulder,16,9.967250938396126e-16,0.0,9.967250938396126e-16,,False
qp,,P1_old_full_opt,shoulder,17,1.206423892185831e-15,0.0,1.206423892185831e-15,,False
qp,,P1_old_full_opt,shoulder,18,9.338675288289632e-16,0.0,9.338675288289632e-16,,False
qp,,P1_old_full_opt,shoulder,19,1.4034167072576452e-15,0.0,1.4034167072576452e-15,,False
qp,,P1_old_full_opt,shoulder,20,8.129578978545509e-16,0.0,8.129578978545509e-16,,False
qp,,P1_old_full_opt,shoulder,21,5.575819158785186e-16,0.0,5.575819158785186e-16,,False
qp,,P1_old_full_opt,shoulder,22,5.476616382689532e-16,0.0,5.476616382689532e-16,,False
qp,,P1_old_full_opt,shoulder,23,5.662295892953483e-16,0.0,5.662295892953483e-16,,False
qp,,P2_dev_run1,summer,0,0.046212600557309844,0.1,0.05378739944269016,0.5378739944269015,False
qp,,P2_dev_run1,summer,1,6.306702444106454e-16,0.0,6.306702444106454e-16,,False
qp,,P2_dev_run1,summer,2,1.593227951682676e-07,0.0,1.593227951682676e-07,,False
qp,,P2_dev_run1,summer,3,1.5932280329511936e-07,0.0,1.5932280329511936e-07,,False
qp,,P2_dev_run1,summer,4,0.0475096601018844,0.05,0.002490339898115604,0.04980679796231208,False
qp,,P2_dev_run1,summer,5,0.05518654242633394,0.0,0.05518654242633394,,False
qp,,P2_dev_run1,summer,6,3.0271333148063306e-06,0.0,3.0271333148063306e-06,,False
qp,,P2_dev_run1,summer,7,3.0271333153334977e-06,0.0,3.0271333153334977e-06,,False
qp,,P2_dev_run1,summer,8,3.0271333168259346e-06,0.0,3.0271333168259346e-06,,False
qp,,P2_dev_run1,summer,9,7.193852216769416e-16,0.0,7.193852216769416e-16,,False
qp,,P2_dev_run1,summer,10,6.747335185894774e-16,0.0,6.747335185894774e-16,,False
qp,,P2_dev_run1,summer,11,6.954963950919703e-16,0.0,6.954963950919703e-16,,False
qp,,P2_dev_run1,summer,12,6.853623247465163e-16,0.0,6.853623247465163e-16,,False
qp,,P2_dev_run1,summer,13,6.695674241655521e-16,0.0,6.695674241655521e-16,,False
qp,,P2_dev_run1,summer,14,7.949962005497591e-16,0.0,7.949962005497591e-16,,False
qp,,P2_dev_run1,summer,15,1.3631490429904468e-14,0.0,1.3631490429904468e-14,,False
qp,,P2_dev_run1,summer,16,0.04618234510395377,0.1,0.05381765489604624,0.5381765489604623,False
qp,,P2_dev_run1,summer,17,1.0551528686297161e-15,0.0,1.0551528686297161e-15,,False
qp,,P2_dev_run1,summer,18,7.607068060781245e-16,0.0,7.607068060781245e-16,,False
qp,,P2_dev_run1,summer,19,7.220380853292842e-16,0.0,7.220380853292842e-16,,False
qp,,P2_dev_run1,summer,20,7.13903024933786e-16,0.0,7.13903024933786e-16,,False
qp,,P2_dev_run1,summer,21,7.005302597499573e-16,0.0,7.005302597499573e-16,,False
qp,,P2_dev_run1,summer,22,7.013819991360954e-16,0.0,7.013819991360954e-16,,False
qp,,P2_dev_run1,summer,23,8.505034529342151e-16,0.0,8.505034529342151e-16,,False
qp,,P2_dev_run1,winter,0,0.04621260055730855,0.1,0.05378739944269145,0.5378739944269145,False
qp,,P2_dev_run1,winter,1,8.931772715306147e-16,0.0,8.931772715306147e-16,,False
qp,,P2_dev_run1,winter,2,1.5932280827053205e-07,0.0,1.5932280827053205e-07,,False
qp,,P2_dev_run1,winter,3,0.024273382974412117,0.05,0.025726617025587886,0.5145323405117577,False
qp,,P2_dev_run1,winter,4,0.07842217066605321,0.0,0.07842217066605321,,False
qp,,P2_dev_run1,winter,5,3.0271333170044243e-06,0.0,3.0271333170044243e-06,,False
qp,,P2_dev_run1,winter,6,3.027133314947657e-06,0.0,3.027133314947657e-06,,False
qp,,P2_dev_run1,winter,7,3.0271333157056983e-06,0.0,3.0271333157056983e-06,,False
qp,,P2_dev_run1,winter,8,1.5863245266413172e-14,0.0,1.5863245266413172e-14,,False
qp,,P2_dev_run1,winter,9,2.516051323590565e-15,0.0,2.516051323590565e-15,,False
qp,,P2_dev_run1,winter,10,0.07842217066605851,0.0,0.07842217066605851,,False
qp,,P2_dev_run1,winter,11,0.01399604336478374,0.05,0.036003956635216265,0.7200791327043252,False
qp,,P2_dev_run1,winter,12,9.731707458396315e-16,0.0,9.731707458396315e-16,,False
qp,,P2_dev_run1,winter,13,8.999027567167562e-16,0.0,8.999027567167562e-16,,False
qp,,P2_dev_run1,winter,14,8.80992871072095e-16,0.0,8.80992871072095e-16,,False
qp,,P2_dev_run1,winter,15,8.913401616935076e-16,0.0,8.913401616935076e-16,,False
qp,,P2_dev_run1,winter,16,9.494385759608491e-16,0.0,9.494385759608491e-16,,False
qp,,P2_dev_run1,winter,17,1.0331491219974424e-15,0.0,1.0331491219974424e-15,,False
qp,,P2_dev_run1,winter,18,9.430952380450709e-16,0.0,9.430952380450709e-16,,False
qp,,P2_dev_run1,winter,19,9.220891257890399e-16,0.0,9.220891257890399e-16,,False
qp,,P2_dev_run1,winter,20,9.164750808420845e-16,0.0,9.164750808420845e-16,,False
qp,,P2_dev_run1,winter,21,1.2090713703208225e-15,0.0,1.2090713703208225e-15,,False
qp,,P2_dev_run1,winter,22,1.593228051927794e-07,0.0,1.593228051927794e-07,,False
qp,,P2_dev_run1,winter,23,0.051347437897669004,0.1,0.048652562102331,0.48652562102331,False
qp,,P2_dev_run1,shoulder,0,0.04621260055731028,0.1,0.053787399442689725,0.5378739944268972,False
qp,,P2_dev_run1,shoulder,1,4.80150393497249e-16,0.0,4.80150393497249e-16,,False
qp,,P2_dev_run1,shoulder,2,1.5932280408725983e-07,0.0,1.5932280408725983e-07,,False
qp,,P2_dev_run1,shoulder,3,0.0242733829743777,0.05,0.025726617025622303,0.514532340512446,False
qp,,P2_dev_run1,shoulder,4,0.07842217066605588,0.0,0.07842217066605588,,False
qp,,P2_dev_run1,shoulder,5,3.02713335433128e-06,0.0,3.02713335433128e-06,,False
qp,,P2_dev_run1,shoulder,6,3.0271333161182953e-06,0.0,3.0271333161182953e-06,,False
qp,,P2_dev_run1,shoulder,7,3.0271333167232975e-06,0.0,3.0271333167232975e-06,,False
qp,,P2_dev_run1,shoulder,8,6.921125724911158e-16,0.0,6.921125724911158e-16,,False
qp,,P2_dev_run1,shoulder,9,5.639172440471985e-16,0.0,5.639172440471985e-16,,False
qp,,P2_dev_run1,shoulder,10,0.046187359523891906,0.1,0.0538126404761081,0.538126404761081,False
qp,,P2_dev_run1,shoulder,11,2.0214586360711514e-15,0.0,2.0214586360711514e-15,,False
qp,,P2_dev_run1,shoulder,12,4.841774322391979e-16,0.0,4.841774322391979e-16,,False
qp,,P2_dev_run1,shoulder,13,4.948338623285188e-16,0.0,4.948338623285188e-16,,False
qp,,P2_dev_run1,shoulder,14,4.695207057296342e-16,0.0,4.695207057296342e-16,,False
qp,,P2_dev_run1,shoulder,15,4.977088125861864e-16,0.0,4.977088125861864e-16,,False
qp,,P2_dev_run1,shoulder,16,7.1757076733222e-16,0.0,7.1757076733222e-16,,False
qp,,P2_dev_run1,shoulder,17,8.043546561883043e-16,0.0,8.043546561883043e-16,,False
qp,,P2_dev_run1,shoulder,18,7.047747377353896e-16,0.0,7.047747377353896e-16,,False
qp,,P2_dev_run1,shoulder,19,8.694895480285135e-16,0.0,8.694895480285135e-16,,False
qp,,P2_dev_run1,shoulder,20,6.448375296712067e-16,0.0,6.448375296712067e-16,,False
qp,,P2_dev_run1,shoulder,21,4.998408733467606e-16,0.0,4.998408733467606e-16,,False
qp,,P2_dev_run1,shoulder,22,4.947235808771466e-16,0.0,4.947235808771466e-16,,False
qp,,P2_dev_run1,shoulder,23,5.463439135049647e-16,0.0,5.463439135049647e-16,,False
qp,,P3_dev_run0,summer,0,0.046326988182451304,0.15,0.10367301181754869,0.6911534121169913,False
qp,,P3_dev_run0,summer,1,1.131482970464598e-15,0.0,1.131482970464598e-15,,False
qp,,P3_dev_run0,summer,2,1.5971716063878373e-07,0.0,1.5971716063878373e-07,,False
qp,,P3_dev_run0,summer,3,1.5971716746706826e-07,0.0,1.5971716746706826e-07,,False
qp,,P3_dev_run0,summer,4,0.04477938862697608,0.0,0.04477938862697608,,False
qp,,P3_dev_run0,summer,5,0.05817093289378822,0.2,0.1418290671062118,0.709145335531059,False
qp,,P3_dev_run0,summer,6,3.034626216760728e-06,0.0,3.034626216760728e-06,,False
qp,,P3_dev_run0,summer,7,3.034626218388971e-06,0.0,3.034626218388971e-06,,False
qp,,P3_dev_run0,summer,8,3.034626220773784e-06,0.0,3.034626220773784e-06,,False
qp,,P3_dev_run0,summer,9,1.2832682844563127e-15,0.0,1.2832682844563127e-15,,False
qp,,P3_dev_run0,summer,10,1.2119254950329247e-15,0.0,1.2119254950329247e-15,,False
qp,,P3_dev_run0,summer,11,1.2352557716952905e-15,0.0,1.2352557716952905e-15,,False
qp,,P3_dev_run0,summer,12,1.2240177344911943e-15,0.0,1.2240177344911943e-15,,False
qp,,P3_dev_run0,summer,13,1.1999169634966152e-15,0.0,1.1999169634966152e-15,,False
qp,,P3_dev_run0,summer,14,1.3953517805619886e-15,0.0,1.3953517805619886e-15,,False
qp,,P3_dev_run0,summer,15,1.668661757950904e-14,0.0,1.668661757950904e-14,,False
qp,,P3_dev_run0,summer,16,0.046296657839357234,0.2,0.15370334216064277,0.7685167108032138,False
qp,,P3_dev_run0,summer,17,1.7946697407320567e-15,0.0,1.7946697407320567e-15,,False
qp,,P3_dev_run0,summer,18,1.3500446726261522e-15,0.0,1.3500446726261522e-15,,False
qp,,P3_dev_run0,summer,19,1.2907081188669265e-15,0.0,1.2907081188669265e-15,,False
qp,,P3_dev_run0,summer,20,1.2774090295472362e-15,0.0,1.2774090295472362e-15,,False
qp,,P3_dev_run0,summer,21,1.2556586755333059e-15,0.0,1.2556586755333059e-15,,False
qp,,P3_dev_run0,summer,22,1.2609406286960193e-15,0.0,1.2609406286960193e-15,,False
qp,,P3_dev_run0,summer,23,1.5049139982624314e-15,0.0,1.5049139982624314e-15,,False
qp,,P3_dev_run0,winter,0,0.046326988182451546,0.15,0.10367301181754845,0.6911534121169898,False
qp,,P3_dev_run0,winter,1,1.1704499745186189e-15,0.0,1.1704499745186189e-15,,False
qp,,P3_dev_run0,winter,2,1.5971716764548767e-07,0.0,1.5971716764548767e-07,,False
qp,,P3_dev_run0,winter,3,1.5971716723543955e-07,0.0,1.5971716723543955e-07,,False
qp,,P3_dev_run0,winter,4,0.10294891131528874,0.2,0.09705108868471127,0.4852554434235563,False
qp,,P3_dev_run0,winter,5,3.034626219193585e-06,0.0,3.034626219193585e-06,,False
qp,,P3_dev_run0,winter,6,3.034626219583576e-06,0.0,3.034626219583576e-06,,False
qp,,P3_dev_run0,winter,7,3.0346262197307904e-06,0.0,3.0346262197307904e-06,,False
qp,,P3_dev_run0,winter,8,3.034626220392745e-06,0.0,3.034626220392745e-06,,False
qp,,P3_dev_run0,winter,9,1.2088023751726842e-15,0.0,1.2088023751726842e-15,,False
qp,,P3_dev_run0,winter,10,0.09265023871504457,0.3,0.20734976128495541,0.6911658709498514,False
qp,,P3_dev_run0,winter,11,1.2298625778518864e-15,0.0,1.2298625778518864e-15,,False
qp,,P3_dev_run0,winter,12,1.1497530397479146e-15,0.0,1.1497530397479146e-15,,False
qp,,P3_dev_run0,winter,13,9.033117083599289e-15,0.0,9.033117083599289e-15,,False
qp,,P3_dev_run0,winter,14,1.307392375593886e-15,0.0,1.307392375593886e-15,,False
qp,,P3_dev_run0,winter,15,1.1949960975150254e-15,0.0,1.1949960975150254e-15,,False
qp,,P3_dev_run0,winter,16,1.1714372427031499e-15,0.0,1.1714372427031499e-15,,False
qp,,P3_dev_run0,winter,17,1.200067597927223e-15,0.0,1.200067597927223e-15,,False
qp,,P3_dev_run0,winter,18,1.2187507510357333e-15,0.0,1.2187507510357333e-15,,False
qp,,P3_dev_run0,winter,19,1.2686954159172389e-15,0.0,1.2686954159172389e-15,,False
qp,,P3_dev_run0,winter,20,1.9027896142169837e-15,0.0,1.9027896142169837e-15,,False
qp,,P3_dev_run0,winter,21,1.5971716883338148e-07,0.0,1.5971716883338148e-07,,False
qp,,P3_dev_run0,winter,22,1.5971716917302483e-07,0.0,1.5971716917302483e-07,,False
qp,,P3_dev_run0,winter,23,0.05147453551622836,0.15,0.09852546448377164,0.656836429891811,False
qp,,P3_dev_run0,shoulder,0,0.04632698818245294,0.1,0.053673011817547064,0.5367301181754706,False
qp,,P3_dev_run0,shoulder,1,6.34199208617715e-16,0.0,6.34199208617715e-16,,False
qp,,P3_dev_run0,shoulder,2,1.5971716368037123e-07,0.0,1.5971716368037123e-07,,False
qp,,P3_dev_run0,shoulder,3,1.5971717045881547e-07,0.0,1.5971717045881547e-07,,False
qp,,P3_dev_run0,shoulder,4,0.10294891131529142,0.2,0.09705108868470859,0.48525544342354293,False
qp,,P3_dev_run0,shoulder,5,3.0346262201941115e-06,0.0,3.0346262201941115e-06,,False
qp,,P3_dev_run0,shoulder,6,3.034626220445682e-06,0.0,3.034626220445682e-06,,False
qp,,P3_dev_run0,shoulder,7,3.0346262214358563e-06,0.0,3.0346262214358563e-06,,False
qp,,P3_dev_run0,shoulder,8,8.918259505131626e-16,0.0,8.918259505131626e-16,,False
qp,,P3_dev_run0,shoulder,9,7.0369009422361245e-16,0.0,7.0369009422361245e-16,,False
qp,,P3_dev_run0,shoulder,10,0.04630168467123349,0.15,0.1036983153287665,0.6913221021917767,False
qp,,P3_dev_run0,shoulder,11,1.8413148188440575e-15,0.0,1.8413148188440575e-15,,False
qp,,P3_dev_run0,shoulder,12,6.277044945812007e-16,0.0,6.277044945812007e-16,,False
qp,,P3_dev_run0,shoulder,13,6.413750818985298e-16,0.0,6.413750818985298e-16,,False
qp,,P3_dev_run0,shoulder,14,6.213504319273273e-16,0.0,6.213504319273273e-16,,False
qp,,P3_dev_run0,shoulder,15,6.441293319463227e-16,0.0,6.441293319463227e-16,,False
qp,,P3_dev_run0,shoulder,16,8.159517462088403e-16,0.0,8.159517462088403e-16,,False
qp,,P3_dev_run0,shoulder,17,8.852994601836417e-16,0.0,8.852994601836417e-16,,False
qp,,P3_dev_run0,shoulder,18,8.168185652471765e-16,0.0,8.168185652471765e-16,,False
qp,,P3_dev_run0,shoulder,19,9.330731014148108e-16,0.0,9.330731014148108e-16,,False
qp,,P3_dev_run0,shoulder,20,7.713445421326205e-16,0.0,7.713445421326205e-16,,False
qp,,P3_dev_run0,shoulder,21,6.599264413496334e-16,0.0,6.599264413496334e-16,,False
qp,,P3_dev_run0,shoulder,22,6.566732475388264e-16,0.0,6.566732475388264e-16,,False
qp,,P3_dev_run0,shoulder,23,7.3723173097631845e-16,0.0,7.3723173097631845e-16,,False
