poly_n,method,M,point_id,bus,S,E,solve_time_s_per_scenario,solve_time_s_total,n_variables,n_constraints,dpp_ok,solver_status,build_time_s,theory_radius_err,max_s_app_deficit_mva,pcs_gap_won_per_yr,pcs_undercharge_frac_weighted,pcs_ratio_min,pcs_ratio_p25,pcs_ratio_median,pcs_ratio_p75,pcs_ratio_max,s_cap,n_hours_at_s_cap,max_norm_over_S,q_sum_mvar,n_nonzero_q_hours,arb_proxy,q_loss_measured,pcs_true_cost,pcs_charged_cost,actual_line_loss_reduction,b_energy,ledger_residual,j_net,b_minus_a
12,baseline_a,,P1_old_full_opt,15,0.176,0.419,summer:0.027847100;winter:0.034887900;shoulder:0.024583500,0.0873185,97,148,True,summer:optimal;winter:optimal;shoulder:optimal,0.031233100016834214,0.03407417371093169,nan,7.778569336466421e-14,1.0,nan,nan,nan,nan,nan,0.17000294542687602,0,0.999999999999689,-1.8154955663544975e-15,0,1929928.0695698299,0.0,7.778569336466421e-14,0.0,186974.0365203913,2116902.1060901145,-1.0663643479347229e-07,2851468.9153551552,0.0
12,baseline_a,,P2_dev_run1,17,0.303,0.404,summer:0.037956400;winter:0.051031000;shoulder:0.027163100,0.11615049999999999,97,148,True,summer:optimal;winter:optimal;shoulder:optimal,0.009429099998669699,0.03407417371093169,nan,1.409666706007057e-15,1.0,nan,nan,nan,nan,nan,0.29267552536558766,0,0.9999999999998045,-4.525039514911607e-17,0,1970438.069872567,6.884395400304335e-13,1.409666706007057e-15,0.0,145351.04963587743,2115789.1195085067,6.239861249923706e-08,2519239.102197882,0.0
12,baseline_a,,P3_dev_run0,31,1.045,0.405,summer:0.031072600;winter:0.059926000;shoulder:0.016222200,0.1072208,97,148,True,summer:optimal;winter:optimal_inaccurate;shoulder:optimal,0.014101199980359524,0.03407417371093169,nan,9.739619491177484e-14,1.0,nan,nan,nan,nan,nan,1.0093924884720764,0,0.367665614811929,-2.457408842294068e-15,0,2016973.128141027,2.815859047414768e-12,9.739619491177484e-14,0.0,149052.9879551549,2166026.1160959383,-2.4354085326194763e-07,390130.15421386063,0.0
12,qp,,P1_old_full_opt,15,0.176,0.419,summer:0.022391000;winter:0.042768700;shoulder:0.034298000,0.09945770000000001,145,460,True,summer:optimal;winter:optimal;shoulder:optimal,0.37650340000982396,0.03407417371093169,0.005997054573123939,29357.69657476197,0.27187242851289484,3.419260978679168e-14,1.4510854462135279e-12,0.8836634939895234,0.8836634939900814,0.9975882008186561,0.17000294542687602,12,0.9999999999999999,1.1947990482487088,34,1897025.0734858124,237658.79862676183,107983.35357264645,78625.65699788448,428529.8690871288,2217571.588999912,-3.8277357816696167e-07,2952138.398264954,100669.48290979862
12,qp,,P2_dev_run1,17,0.303,0.404,summer:0.037168500;winter:0.041732300;shoulder:0.033645300,0.1125461,145,460,True,summer:optimal;winter:optimal;shoulder:optimal,0.0186282999929972,0.03407417371093169,0.010324474634411607,19622.56864645095,0.1775825948695207,1.2991014230503654e-13,0.8828798522166027,0.883663494024959,0.883663494257708,0.9982402352940577,0.29267552536558766,2,0.9999999999999947,1.236014833893384,28,1955177.9273759453,240675.64730324788,110498.26510795546,90875.69646150451,394501.4411122442,2239181.103380024,-2.100132405757904e-07,2642631.0860693995,123391.9838715177
12,qp,,P3_dev_run0,31,1.045,0.405,summer:0.046598100;winter:0.043309800;shoulder:0.040191300,0.13009920000000003,145,460,True,summer:optimal;winter:optimal;shoulder:optimal,0.01962369997636415,0.03407417371093169,0.01666248658042252,35812.22835447133,0.11618661755600625,0.7307987149087181,0.8836634939895042,0.8836634942376526,0.8836634952473741,0.9540271866327095,1.0093924884720764,0,0.46794863963905764,2.5456425717045774,27,1982672.8847827674,552763.1029378395,308230.23432288587,272418.00596841454,699377.6731430355,2373820.3236028627,-5.4016709327697754e-08,597924.3617207855,207794.20750692487
12,pwl,9,P1_old_full_opt,15,0.176,0.419,summer:0.181946400;winter:0.121561300;shoulder:0.109631600,0.4131393,337,676,True,summer:optimal;winter:optimal;shoulder:optimal,0.02307880000444129,0.03407417371093169,0.005997054573109756,31380.006934116784,0.347011755140498,4.9564034244117e-12,1.5239268321163647e-10,0.8835375523068879,0.8836634940178494,0.883672187759317,0.17000294542687602,14,0.9999999999998703,1.114735297661931,32,1902133.002476859,214188.45784511673,90429.23321549052,59049.22628137373,402214.85744691035,2213918.6267083758,9.73232090473175e-08,2948485.435973417,97016.52061826177
12,pwl,9,P2_dev_run1,17,0.303,0.404,summer:0.264670500;winter:0.278121800;shoulder:0.356990300,0.8997825999999999,337,676,True,summer:optimal;winter:optimal;shoulder:optimal,0.020238400000380352,0.03407417371093169,0.010324474634360037,20120.134716613145,0.18751775123598707,6.153123003205958e-12,0.8836620379931212,0.8836634939928957,0.8836635485881343,0.99998732578819,0.29267552536558766,3,0.9999999999996892,1.2369542400337554,25,1961961.7462607622,233490.45732442028,107297.22697715368,87177.09226054054,381301.71082735976,2235966.2301109424,-2.60770320892334e-08,2639416.2128003184,120177.11060243659
12,pwl,9,P3_dev_run0,31,1.045,0.405,summer:0.115818200;winter:0.357980500;shoulder:0.133479100,0.6072778,337,676,True,summer:optimal;winter:optimal;shoulder:optimal,0.0331268000009004,0.03407417371093169,0.01666248704812029,33022.93448543787,0.11187363269518308,0.832975644413439,0.883661446046588,0.8836634939926727,0.8836634940550111,0.9915700342455606,1.0093924884720764,0,0.46794865278363096,2.467339757736776,25,1983417.5301928027,544597.2964907018,295180.67564154224,262157.74115610437,684631.0659951257,2372867.9205461126,-2.7334317564964294e-07,596971.9586640354,206841.8044501748
16,baseline_a,,P1_old_full_opt,15,0.176,0.419,summer:0.031247400;winter:0.037933000;shoulder:0.028582400,0.09776280000000001,97,148,True,summer:optimal;winter:optimal;shoulder:optimal,0.014267699996707961,0.01921471959676957,nan,7.778570240216276e-14,1.0,nan,nan,nan,nan,nan,0.17261820935096855,0,0.999999999999689,-1.815495715598804e-15,0,1929928.069569785,0.0,7.778570240216276e-14,0.0,186974.03737257334,2116902.1069421233,-2.3515895009040833e-07,2851468.9162071645,0.0
16,baseline_a,,P2_dev_run1,17,0.303,0.404,summer:0.036806600;winter:0.054014700;shoulder:0.030068000,0.12088929999999999,97,148,True,summer:optimal;winter:optimal;shoulder:optimal,0.015870400005951524,0.01921471959676957,nan,1.409666706007057e-15,1.0,nan,nan,nan,nan,nan,0.29717793996217884,0,0.9999999999998045,-4.525039514911607e-17,0,1970438.069872567,6.884395400304335e-13,1.409666706007057e-15,0.0,145351.0496400375,2115789.1195124243,-1.802109181880951e-07,2519239.102201799,0.0
16,baseline_a,,P3_dev_run0,31,1.045,0.405,summer:0.040538300;winter:0.054223700;shoulder:0.022885100,0.1176471,97,148,True,summer:optimal;winter:optimal_inaccurate;shoulder:optimal,0.017737200018018484,0.01921471959676957,nan,9.739619491177484e-14,1.0,nan,nan,nan,nan,nan,1.0249206180213757,0,0.367665614811929,-2.457408842294068e-15,0,2016973.128141027,2.815859047414768e-12,9.739619491177484e-14,0.0,149052.98794927442,2166026.1160899717,-3.296881914138794e-07,390130.1542078946,0.0
16,qp,,P1_old_full_opt,15,0.176,0.419,summer:0.045690400;winter:0.045080400;shoulder:0.048531300,0.13930209999999998,145,556,True,summer:optimal;winter:optimal;shoulder:optimal,0.019164199999067932,0.01921471959676957,0.003381790649031352,17548.226438397935,0.1684674880872107,1.1055382361863583e-13,0.8859866172546951,0.8859866172549642,0.8859866174750743,0.9702951993855244,0.17261820935096855,12,0.9999999999999993,1.175801855405862,32,1904166.0879802462,230301.12900557136,104163.87540196319,86615.64896356525,421856.66194891144,2221858.874527051,-1.434236764907837e-07,2956425.683792094,104956.76758492924
16,qp,,P2_dev_run1,17,0.303,0.404,summer:0.038689200;winter:0.042524700;shoulder:0.041366500,0.1225804,145,556,True,summer:optimal;winter:optimal;shoulder:optimal,0.015550600015558302,0.01921471959676957,0.005822060037810051,14536.49634358978,0.11521862231695225,3.4793552772382642e-12,0.8859866172547588,0.8859866173334012,0.8859866181921242,0.9999810984280989,0.29717793996217884,2,0.9999999999999448,1.4357520007757785,26,1951487.7600476958,260805.2775152012,126164.46934768642,111627.97300409664,415202.8042355211,2240526.0949353487,-1.816079020500183e-07,2643976.0776247233,124736.97542292438
16,qp,,P3_dev_run0,31,1.045,0.405,summer:0.041776700;winter:0.040850100;shoulder:0.044056800,0.1266836,145,556,True,summer:optimal;winter:optimal;shoulder:optimal,0.019443900004262105,0.01921471959676957,0.008878855238429018,18792.48732146414,0.07814396618675964,0.8859866172546992,0.8859866172548676,0.8859866194971687,0.956765453995548,0.9718163328107846,1.0249206180213757,0,0.4421876752923156,2.1538230320482508,25,1996098.3117252872,474678.0643531383,240485.45573629014,221692.968414826,624256.8301398294,2379869.686128823,-3.259629011154175e-09,603973.7242467459,213843.57003885135
16,pwl,9,P1_old_full_opt,15,0.176,0.419,summer:0.120405500;winter:0.226713100;shoulder:0.139822600,0.48694119999999996,337,772,True,summer:optimal;winter:optimal;shoulder:optimal,0.020763800013810396,0.01921471959676957,0.0033817906490156147,17890.20172832688,0.16310945153666515,1.0150776030376347e-11,0.883124591803916,0.8859866172699596,0.8859866250752972,0.99116962205215,0.17261820935096855,14,0.9999999999998579,1.1970849924970992,32,1905443.7302857304,234741.39108506573,109682.1892280434,91791.98749971652,424434.0984143578,2220195.6394715924,-4.5262277126312256e-07,2954762.448736634,103293.53252946958
16,pwl,9,P2_dev_run1,17,0.303,0.404,summer:0.179567300;winter:0.100929700;shoulder:0.201445900,0.4819429,337,772,True,summer:optimal;winter:optimal_inaccurate;shoulder:optimal,0.02546269999584183,0.01921471959676957,0.005822060037701804,14496.69148791609,0.12155419788670076,2.1659299533985687e-11,0.8859864747912906,0.8859866172813006,0.885987153269204,0.9991415865827475,0.29717793996217884,3,0.9999999999994114,1.333461561977841,25,1962721.640881142,246472.93444275518,119261.13404514657,104764.44255723048,393324.4722872336,2236784.9791228925,-3.366731107234955e-07,2640234.961812267,120995.85961046815
16,pwl,9,P3_dev_run0,31,1.045,0.405,summer:0.116246800;winter:0.151152600;shoulder:0.076611000,0.3440104,337,772,True,summer:optimal;winter:optimal_inaccurate;shoulder:optimal,0.021161100012250245,0.01921471959676957,0.008878857480817515,16848.885516309034,0.06862896485935231,0.8243837435974757,0.8859866172573233,0.8859874194921749,0.9567654531182211,0.9897682953154785,1.0249206180213757,0,0.44218778705493306,2.1683736957417854,25,2004020.8322729545,476012.30922711955,245506.91607893276,228658.03056262372,620594.1758334108,2379108.0920271054,-3.2689422369003296e-07,603212.1301450282,213081.97593713365
32,baseline_a,,P1_old_full_opt,15,0.176,0.419,summer:0.031948100;winter:0.031888600;shoulder:0.025266900,0.08910359999999999,97,148,True,summer:optimal;winter:optimal;shoulder:optimal,0.022643700009211898,0.004815273327803071,nan,7.778597256393568e-14,1.0,nan,nan,nan,nan,nan,0.17515251189430664,0,0.999999999999689,-1.8154073052522794e-15,0,1929928.0694873054,0.0,7.778597256393568e-14,0.0,186974.03736710356,2116902.1068540676,-3.413297235965729e-07,2851468.91611911,0.0
32,baseline_a,,P2_dev_run1,17,0.303,0.404,summer:0.041262100;winter:0.047517600;shoulder:0.027033600,0.11581330000000001,97,148,True,summer:optimal;winter:optimal;shoulder:optimal,0.015492400008952245,0.004815273327803071,nan,1.409666706007057e-15,1.0,nan,nan,nan,nan,nan,0.30154097218167564,0,0.9999999999998045,-4.525039514911607e-17,0,1970438.069872567,6.884395400304335e-13,1.409666706007057e-15,0.0,145351.0496442969,2115789.119516746,-1.1781230568885803e-07,2519239.1022061203,0.0
32,baseline_a,,P3_dev_run0,31,1.045,0.405,summer:0.031309800;winter:0.051484900;shoulder:0.022594700,0.1053894,97,148,True,summer:optimal;winter:optimal_inaccurate;shoulder:optimal,0.014871499995933846,0.004815273327803071,nan,9.739624332739452e-14,1.0,nan,nan,nan,nan,nan,1.0399680393724458,0,0.3676656148108281,-2.4574477354218557e-15,0,2016973.1283029423,2.8158642608562194e-12,9.739624332739452e-14,0.0,149052.98795720914,2166026.1162601085,-4.284083843231201e-08,390130.15437803045,0.0
32,qp,,P1_old_full_opt,15,0.176,0.419,summer:0.049160000;winter:0.052911100;shoulder:0.062496900,0.164568,145,940,True,summer:optimal;winter:optimal;shoulder:optimal,0.02279580000322312,0.004815273327803071,0.0008474881056932948,4138.2639201283455,0.04206971250997833,1.18239724326394e-11,0.9592198095514345,0.962701792139123,0.9787863652862585,0.9996553408155169,0.17515251189430664,12,0.9999999999999996,1.2050953772439443,32,1900776.4385794615,231838.71442874713,98366.82195407941,94228.55803395106,423437.8294909521,2225847.4461162463,-8.800998330116272e-08,2960414.255381288,108945.33926217817
32,qp,,P2_dev_run1,17,0.303,0.404,summer:0.049088600;winter:0.052119300;shoulder:0.053731800,0.1549397,145,940,True,summer:optimal;winter:optimal;shoulder:optimal,0.02319439998245798,0.004815273327803071,0.0014590278183239658,3997.856948413086,0.03717797117071607,0.8881720652103811,0.9592198095515017,0.9690030879926544,0.9787863654200536,0.9999976538117553,0.30154097218167564,2,0.999999999999996,1.3381295041641081,26,1951775.3555762956,246281.35346184828,107532.95089867823,103535.09395026515,401829.3767046826,2246071.781382118,-1.8207356333732605e-07,2649521.7640714925,130282.66186537221
32,qp,,P3_dev_run0,31,1.045,0.405,summer:0.026272200;winter:0.055638100;shoulder:0.053877300,0.1357876,145,940,True,summer:optimal;winter:optimal;shoulder:optimal,0.023148100008256733,0.004815273327803071,0.002153947227362507,4822.963296966045,0.020191355276801597,0.9592198095514278,0.9787863652792888,0.9809461852646127,0.9868293637358017,0.9949226472324412,1.0399680393724458,0,0.42805327521294045,2.1304254839568966,26,1994028.4081752023,481393.82091071917,238862.782158426,234039.81886145996,630647.4198441282,2385813.045860649,-2.551823854446411e-07,609917.083978571,219786.92960054055
32,pwl,9,P1_old_full_opt,15,0.176,0.419,summer:0.324419900;winter:0.136921700;shoulder:0.404606100,0.8659477,337,1156,True,summer:optimal;winter:optimal_inaccurate;shoulder:optimal,0.024875900009647012,0.004815273327803071,0.0008474881056284855,4264.2600264471985,0.042902094904847,1.417200263247287e-06,0.8925631543155659,0.9592198095793614,0.9787863652825541,0.9990465479730046,0.17515251189430664,13,0.9999999999992663,1.2081796608420345,32,1901717.5543869822,232307.22057241667,99395.14692475846,95130.88689831126,422415.910291112,2224738.317753286,-4.936009645462036e-08,2959305.127018327,107836.21089921705
32,pwl,9,P2_dev_run1,17,0.303,0.404,summer:0.417139300;winter:0.417524300;shoulder:0.440111100,1.2747747,337,1156,True,summer:optimal;winter:optimal;shoulder:optimal,0.024156500003300607,0.004815273327803071,0.0014590278183150285,3786.94107269893,0.03812438452124909,0.8881720652108706,0.9592198095587422,0.9716173975627718,0.9787864118085683,0.9999562144918767,0.30154097218167564,3,0.999999999999941,1.2573585355685188,25,1960290.2465198464,232995.24544702529,99331.20548052998,95544.26440783105,382559.7870249591,2243518.828064235,-4.0512531995773315e-08,2646968.81075361,127729.70854748972
32,pwl,9,P3_dev_run0,31,1.045,0.405,summer:0.363121100;winter:0.479938100;shoulder:0.367004300,1.2100635,337,1156,True,summer:optimal;winter:optimal;shoulder:optimal,0.02797279998776503,0.004815273327803071,0.0020977823967080478,4878.522661812312,0.020044816398302277,0.9592198095546491,0.9787863652803727,0.9787866560737233,0.9868294645626182,0.9908920809271676,1.0399680393724458,0,0.43806811251577216,2.1495091436022093,25,1994139.431665224,488306.3555474172,243380.76063522865,238502.23797341634,632740.3910902126,2383499.062119996,-2.1187588572502136e-07,607603.100237919,217472.94585988857
64,baseline_a,,P1_old_full_opt,15,0.176,0.419,summer:0.027307000;winter:0.034516100;shoulder:0.026301600,0.0881247,97,148,True,summer:optimal;winter:optimal;shoulder:optimal,0.01884450000943616,0.001204543794827595,nan,7.778570240216276e-14,1.0,nan,nan,nan,nan,nan,0.17578800029211034,0,0.999999999999689,-1.815495715598804e-15,0,1929928.069569785,0.0,7.778570240216276e-14,0.0,186974.0373744308,2116902.1069440176,-1.9790604710578918e-07,2851468.916209059,0.0
64,baseline_a,,P2_dev_run1,17,0.303,0.404,summer:0.036763700;winter:0.052329000;shoulder:0.028116700,0.11720939999999999,97,148,True,summer:optimal;winter:optimal;shoulder:optimal,0.015033400006359443,0.001204543794827595,nan,1.409666706007057e-15,1.0,nan,nan,nan,nan,nan,0.3026350232301672,0,0.9999999999998045,-4.525039514911607e-17,0,1970438.069872567,6.884395400304335e-13,1.409666706007057e-15,0.0,145351.04963498184,2115789.1195074893,-5.960464477539063e-08,2519239.102196865,0.0
64,baseline_a,,P3_dev_run0,31,1.045,0.405,summer:0.040597800;winter:0.059436200;shoulder:0.024467300,0.12450130000000001,97,148,True,summer:optimal;winter:optimal_inaccurate;shoulder:optimal,0.014322100003482774,0.001204543794827595,nan,9.739619491177484e-14,1.0,nan,nan,nan,nan,nan,1.0437412517344051,0,0.367665614811929,-2.457408842294068e-15,0,2016973.128141027,2.815859047414768e-12,9.739619491177484e-14,0.0,149052.98795566906,2166026.116096575,-1.210719347000122e-07,390130.15421449766,0.0
64,qp,,P1_old_full_opt,15,0.176,0.419,summer:0.074122100;winter:0.064767800;shoulder:0.064155000,0.20304490000000003,145,1708,True,summer:optimal;winter:optimal;shoulder:optimal,0.22640889999456704,0.001204543794827595,0.0002119997078895708,1108.0714343122381,0.011425770479849693,0.8887102227740852,0.9870169454302717,0.9915334784124747,0.9938791194841792,0.9975732749222331,0.17578800029211034,12,0.999999999999999,1.1773564936127248,32,1902300.5709506916,231247.74786432774,96980.01865750895,95871.94722319671,422559.978584712,2227880.5308778384,-5.634501576423645e-08,2962447.3401428796,110978.4239338208
64,qp,,P2_dev_run1,17,0.303,0.404,summer:0.060196700;winter:0.071833100;shoulder:0.063333800,0.1953636,145,1708,True,summer:optimal;winter:optimal;shoulder:optimal,0.030881799990311265,0.001204543794827595,0.0003595877910413936,727.4437844938802,0.006293063216700309,0.9874540680512832,0.9915334784118188,0.9938791169363039,0.9953501295426073,0.9998621906942584,0.3026350232301672,2,0.9988241203465851,1.370591794775633,26,1952075.3437873174,255345.16750294942,115594.54584270115,114867.10205820727,410206.6134908836,2246687.4114354462,-5.3551048040390015e-08,2650137.394124821,130898.29192795604
64,qp,,P3_dev_run0,31,1.045,0.405,summer:0.063302500;winter:0.064094500;shoulder:0.067576000,0.19497299999999998,145,1708,True,summer:optimal;winter:optimal;shoulder:optimal,0.028059400006895885,0.001204543794827595,0.0005621245002028208,1293.0290433394548,0.00520222327038015,0.987454068051392,0.9953501292122046,0.9953501302694778,0.996332542387274,0.99752099428657,1.0437412517344051,0,0.4465742003930141,2.1858547906028862,26,1993421.290632369,492559.13487537846,248553.16201085833,247260.13296751888,641172.5349840822,2386040.663605397,-1.9604340195655823e-07,610144.7017233204,220014.54750882275
64,pwl,9,P1_old_full_opt,15,0.176,0.419,summer:1.402736300;winter:1.664092100;shoulder:0.846421100,3.9132495,337,1924,True,summer:optimal;winter:optimal;shoulder:optimal,0.04420329999993555,0.001204543794827595,0.00021199970788221556,1060.8398369083152,0.012082272027991961,0.8887102227817812,0.9805525269412624,0.9882426039165557,0.99387911640131,0.9992798198732221,0.17578800029211034,13,0.9999999999999217,1.1362554181568767,32,1904487.497589936,220432.79028435942,87801.35345823891,86740.5136213306,409933.6964030551,2226619.840534594,-1.5832483768463135e-07,2961186.6497996356,109717.7335905768
64,pwl,9,P2_dev_run1,17,0.303,0.404,summer:1.228713100;winter:1.362106700;shoulder:0.534534000,3.1253538,337,1924,True,summer:optimal;winter:optimal;shoulder:optimal,0.03489760000957176,0.001204543794827595,0.0003649767698215012,938.5673504974257,0.008901147283388634,0.9598066678393049,0.9858476653984563,0.9915334784124302,0.9938810974525886,0.9990325540371207,0.3026350232301672,3,0.9999999999999214,1.2857748141023673,25,1960116.604298166,240516.41792631886,105443.41314843591,104504.84579793848,389068.7574353615,2243741.948584914,-1.7741695046424866e-07,2647191.9312742893,127952.82907742448
64,pwl,9,P3_dev_run0,31,1.045,0.405,summer:0.360888700;winter:0.521507600;shoulder:0.514671600,1.3970679,337,1924,True,summer:optimal;winter:optimal;shoulder:optimal,0.04109060001792386,0.001204543794827595,0.0005395628057702773,1089.5538243443589,0.0044140886955877975,0.9835314460616935,0.9890298480337505,0.9915334784290302,0.9963325418305012,0.998467013690868,1.0437412517344051,0,0.43806811936535756,2.1982182983015837,24,1993476.5003725216,493444.38860058476,246835.50773083628,245745.95390649192,637363.015257962,2384004.007899406,-2.416782081127167e-07,608108.0460173283,217977.89180283062
128,baseline_a,,P1_old_full_opt,15,0.176,0.419,summer:0.033102900;winter:0.033066700;shoulder:0.024933800,0.0911034,97,148,True,summer:optimal;winter:optimal;shoulder:optimal,0.016319000016665086,0.00030118130379575003,nan,7.778570240216276e-14,1.0,nan,nan,nan,nan,nan,0.17594699209053194,0,0.999999999999689,-1.815495715598804e-15,0,1929928.069569785,0.0,7.778570240216276e-14,0.0,186974.03736944415,2116902.106939147,-8.195638656616211e-08,2851468.91620419,0.0
128,baseline_a,,P2_dev_run1,17,0.303,0.404,summer:0.034509700;winter:0.048481500;shoulder:0.027326200,0.11031739999999998,97,148,True,summer:optimal;winter:optimal;shoulder:optimal,0.01722639999934472,0.00030118130379575003,nan,1.409666706007057e-15,1.0,nan,nan,nan,nan,nan,0.3029087420649499,0,0.9999999999998045,-4.525039514911607e-17,0,1970438.069872567,6.884395400304335e-13,1.409666706007057e-15,0.0,145351.04964146204,2115789.1195143033,2.742744982242584e-07,2519239.1022036783,0.0
128,baseline_a,,P3_dev_run0,31,1.045,0.405,summer:0.033318200;winter:0.052976800;shoulder:0.024022000,0.110317,97,148,True,summer:optimal;winter:optimal_inaccurate;shoulder:optimal,0.018498099991120398,0.00030118130379575003,nan,9.739624332739452e-14,1.0,nan,nan,nan,nan,nan,1.0446852655375334,0,0.3676656148108281,-2.4574477354218557e-15,0,2016973.1283029423,2.8158642608562194e-12,9.739624332739452e-14,0.0,149052.98795928946,2166026.1162618743,-3.5762786865234375e-07,390130.15437979624,0.0
128,qp,,P1_old_full_opt,15,0.176,0.419,summer:0.080405300;winter:0.082923100;shoulder:0.078731900,0.24206029999999998,145,3244,True,summer:optimal;winter:optimal;shoulder:optimal,0.023765999998431653,0.00030118130379575003,5.300790946805023e-05,266.0838477284706,0.0026665435549190755,0.9795425901372488,0.9967607913299923,0.9980587288120502,0.9986226346166114,0.999791597204119,0.17594699209053194,12,1.0000000000000009,1.2100035148803459,32,1900901.5647131149,235957.43269846556,99786.0497112884,99519.96586355993,427249.8692907089,2228365.384292358,-1.7741695046424866e-07,2962932.1935574003,111463.27735321037
128,qp,,P2_dev_run1,17,0.303,0.404,summer:0.081531100;winter:0.092448300;shoulder:0.081667600,0.255647,145,3244,True,summer:optimal;winter:optimal;shoulder:optimal,0.04151410001213662,0.00030118130379575003,8.938957307175199e-05,163.13765576048172,0.0014479348282025444,0.996489329220768,0.9977759341915856,0.9984629669372764,0.9988707155753016,0.9999102563298894,0.3029087420649499,2,0.999733526813025,1.3441980103691553,26,1952617.1655638213,252273.84507434902,112669.19793827986,112506.06028251938,406995.3855193538,2246943.353144997,1.0151416063308716e-07,2650393.335834371,131154.2336306926
128,qp,,P3_dev_run0,31,1.045,0.405,summer:0.073401600;winter:0.080420800;shoulder:0.095933800,0.24975619999999998,145,3244,True,summer:optimal;winter:optimal;shoulder:optimal,0.0423327999887988,0.00030118130379575003,0.00012954981131857446,281.59999129580683,0.0011126413572327715,0.997179308520892,0.9987595046217621,0.9989077868109182,0.9991316103924344,0.9998900755374689,1.0446852655375334,0,0.44969344271224787,2.2181001119876256,26,1993252.8118410115,497512.96955728857,253091.42920605492,252809.8292147591,646016.2993717082,2386177.682006384,-2.8079375624656677e-07,610281.7201243062,220151.56574450992
128,pwl,9,P1_old_full_opt,15,0.176,0.419,summer:0.765409700;winter:1.166423100;shoulder:1.278088800,3.2099216,337,3460,True,summer:optimal;winter:optimal;shoulder:optimal,0.04373119998490438,0.00030118130379575003,5.300790946227707e-05,218.42795136978384,0.00240756755406258,0.9795425901386426,0.991685571699103,0.9963422741396796,0.9985770081766413,0.99998932172292,0.17594699209053194,13,0.9999999999999487,1.159686893770148,32,1902933.8345570164,225464.65008713698,90725.57528082812,90507.14732945834,415218.5396705748,2227426.798946777,1.3969838619232178e-08,2961993.608211819,110524.6920076292
128,pwl,9,P2_dev_run1,17,0.303,0.404,summer:1.149665200;winter:1.105419400;shoulder:0.891274200,3.1463588,337,3460,True,summer:optimal;winter:optimal;shoulder:optimal,0.0441360000113491,0.00030118130379575003,9.12579348606446e-05,177.7246952283458,0.001689037738750688,0.9830758976355007,0.9928861713614748,0.9964893292217817,0.9990298852280888,0.9999747480173048,0.3029087420649499,3,0.9999999999991309,1.2858489456733866,25,1958978.1844265047,241503.62792031118,105222.45367933666,105044.72898410831,390290.5521745002,2244046.282921397,-2.7101486921310425e-07,2647496.2656107713,128257.16340709291
128,pwl,9,P3_dev_run0,31,1.045,0.405,summer:0.577863100;winter:0.831464800;shoulder:0.625709600,2.0350375,337,3460,True,summer:optimal;winter:optimal;shoulder:optimal,0.04432389998692088,0.00030118130379575003,0.00013299479328265917,321.9815753348521,0.0013078211820351012,0.9871387291943239,0.991966056200137,0.9971601685606759,0.9987595046440763,0.999289990654807,1.0446852655375334,0,0.43806810914502775,2.177150601667386,26,1996120.6308698659,490200.0188819533,246196.94172089826,245874.9601455634,634294.9771581219,2384218.666306977,-1.1222437024116516e-07,608322.7044248991,218192.55004510283
