point_id,b,S,E,scenario,t,n_feasible,matrix_rank,n_unique_p,n_unique_q,a_P,a_Q,b_PP,b_QQ,b_PQ,relative_max_residual,rmse_mw,lambda_min_cost,lambda_max_cost,lambda_min_over_lambda_max_pct,is_psd_cost
P1_old_full_opt,15,0.176,0.419,summer,0,37,5,9,17,-0.062028354317509846,-0.036574230064011906,0.02005793333416586,0.019123028074856767,0.0015968959546895367,0.0001635860822602471,6.088289573607005e-07,0.018665261198936068,0.02051570021008656,90.98037604273081,True
P1_old_full_opt,15,0.176,0.419,summer,1,37,5,9,17,-0.056278135756601656,-0.03319062549714064,0.019717240000601793,0.01887169223605282,0.0014300224477571052,0.00017565317932743046,5.907497517297814e-07,0.018463816489539243,0.02012511574711537,91.74514433381957,True
P1_old_full_opt,15,0.176,0.419,summer,2,37,5,9,17,-0.05384818910249613,-0.03176033289944566,0.019574296667617667,0.018765948757538023,0.0013605471895114622,0.00018160545944295232,5.832102252416837e-07,0.018378839735600318,0.019961405689555373,92.07187119701135,True
P1_old_full_opt,15,0.176,0.419,summer,3,37,5,9,17,-0.05237308752582337,-0.030891939839907873,0.019487830349554734,0.018701875453326466,0.0013186734074466348,0.00018551317811387084,5.786847552911027e-07,0.018327287813905333,0.019862417988975867,92.27118180715676,True
P1_old_full_opt,15,0.176,0.419,summer,4,37,5,9,17,-0.05149358075819143,-0.03037412639573211,0.019436385368513227,0.01866371731468147,0.0012938149440460608,0.00018795933785892624,5.760022204211954e-07,0.018296563944415242,0.019803538738779457,92.39037621385695,True
P1_old_full_opt,15,0.176,0.419,summer,5,37,5,9,17,-0.05143021886145559,-0.03033681727326351,0.01943268980437278,0.018660957216365955,0.0012920271953695897,0.00018813862521558096,5.75825910639111e-07,0.018294343367613704,0.01979930365312503,92.39892315468484,True
P1_old_full_opt,15,0.176,0.419,summer,6,37,5,9,17,-0.05235492521569453,-0.03088123590590068,0.019486793672753095,0.018701043453249598,0.001318159251706797,0.00018556121144396864,5.786875800684129e-07,0.018326626698664507,0.01986121042733819,92.27346321973717,True
P1_old_full_opt,15,0.176,0.419,summer,7,37,5,9,17,-0.055340327329920724,-0.03263861546844915,0.019662088428270216,0.01883070409719054,0.0014031360622880143,0.00017787781699401222,5.880276123659534e-07,0.018430922364426772,0.020061870161033984,91.8704099691813,True
P1_old_full_opt,15,0.176,0.419,summer,8,37,5,9,17,-0.06013583200560836,-0.03546068475512455,0.01994563225417671,0.01903979619775708,0.0015415905084624343,0.00016726787165705838,6.033037011363144e-07,0.018598700767330598,0.02038672768460319,91.229456021905,True
P1_old_full_opt,15,0.176,0.419,summer,9,37,5,9,17,-0.06646248849008035,-0.039182417955652304,0.020323019875173817,0.01931785390743902,0.0017279545071007818,0.00015583547561110202,6.230634487069828e-07,0.018820913829878855,0.020819959952733984,90.39841513915772,True
P1_old_full_opt,15,0.176,0.419,summer,10,37,5,9,17,-0.07006632741870322,-0.041301526302070284,0.020540152573779138,0.01947658651437101,0.001836004414989524,0.00015032320472257822,6.351826548710673e-07,0.0189474636841391,0.02106927540401105,89.92935599736852,True
P1_old_full_opt,15,0.176,0.419,summer,11,37,5,9,17,-0.07120985906722324,-0.04197388764671455,0.02060918269113675,0.01952732999519298,0.0018705776170137925,0.00014870989768549158,6.387159928259392e-07,0.018987808996345754,0.02114870368998397,89.78237756169605,True
P1_old_full_opt,15,0.176,0.419,summer,12,37,5,9,17,-0.07073444464527441,-0.04169439689254006,0.02058039233226879,0.01950634995711039,0.001856187204807562,0.00014937682141334696,6.370761476977065e-07,0.018971107422123257,0.02111563486725592,89.84388838595524,True
P1_old_full_opt,15,0.176,0.419,summer,13,37,5,9,17,-0.0688695854768897,-0.04059792707880551,0.02046780130143634,0.0194239677703413,0.001799971136454727,0.0001520870240550743,6.309240863555921e-07,0.0189055138648407,0.02098625520693694,90.0852185319444,True
P1_old_full_opt,15,0.176,0.419,summer,14,37,5,9,17,-0.07190987025764792,-0.04238538764937144,0.020651644163799696,0.019558196406321757,0.0018918101211181787,0.00014774465508138858,6.411964828353349e-07,0.019012380407905354,0.0211974601622161,89.6917850648655,True
P1_old_full_opt,15,0.176,0.419,summer,15,37,5,9,17,-0.0734814194085965,-0.04330923860638824,0.020746934023264656,0.019627945281420818,0.0019396676959230544,0.00014566174260603295,6.462777485678205e-07,0.01906779165241366,0.021307087652271812,89.4903703574928,True
P1_old_full_opt,15,0.176,0.419,summer,16,37,5,9,17,-0.07434407328299855,-0.04381630856915442,0.02079936417135732,0.01966625802652796,0.001966049444193624,0.00014455969039214598,6.491098429790543e-07,0.019098209852638003,0.021367412345247278,89.38007814917276,True
P1_old_full_opt,15,0.176,0.419,summer,17,37,5,9,17,-0.0758698775141409,-0.04471308007616631,0.020892346523796092,0.019734014869119992,0.002012905970357415,0.00014267694845431295,6.542671997426357e-07,0.019151982751690957,0.021474378641225127,89.1852708367739,True
P1_old_full_opt,15,0.176,0.419,summer,18,37,5,9,17,-0.07572186308900353,-0.044626107211173674,0.020883276773970866,0.019727501565826706,0.00200834966025977,0.0001428574417461697,6.536773678077856e-07,0.019146803319645748,0.021463975020151824,89.20436825736817,True
P1_old_full_opt,15,0.176,0.419,summer,19,37,5,9,17,-0.07521918553348943,-0.04433067233294667,0.020852625271003063,0.01970516923390898,0.001992893245556862,0.00014347092268057523,6.519780208248089e-07,0.019129084349713818,0.021428710155198226,89.26848238261061,True
P1_old_full_opt,15,0.176,0.419,summer,20,37,5,9,17,-0.07459944734563398,-0.04396642145503083,0.020814877882647187,0.019677643246109308,0.001973874528717612,0.00014423985049372671,6.498995256128232e-07,0.019107238695222347,0.021385282433534148,89.34760976203141,True
P1_old_full_opt,15,0.176,0.419,summer,21,37,5,9,17,-0.07229950965556245,-0.04261449646025833,0.020675136930362357,0.019575657742672798,0.0019036511036720771,0.00014722340144729482,6.422085712787893e-07,0.01902622241769501,0.021224572255340145,89.64243042828801,True
P1_old_full_opt,15,0.176,0.419,summer,22,37,5,9,17,-0.06850384921615851,-0.04038287144776687,0.020445759256656905,0.01940783539985788,0.0017889893189719022,0.00015263797867203204,6.297147182383944e-07,0.018892658953098135,0.02096093570341665,90.13270791159678,True
P1_old_full_opt,15,0.176,0.419,summer,23,37,5,9,17,-0.06511921751099495,-0.03839238480888608,0.020242502306250597,0.01925873100190039,0.0016880325303108776,0.00015806038570877616,6.18736711472836e-07,0.018773726204402316,0.020727507103748672,90.57397066821892,True
P1_old_full_opt,15,0.176,0.419,winter,0,37,5,9,17,-0.06516674223497847,-0.0384203264626717,0.020245373764548234,0.019260778554054434,0.0016894417101634557,0.00015797870718922287,6.1894736401257e-07,0.01877536952889432,0.020730782789708347,90.56758598722679,True
P1_old_full_opt,15,0.176,0.419,winter,1,37,5,9,17,-0.06026658653675583,-0.03553770608118765,0.019953185752892875,0.019045859932767174,0.0015453994410206534,0.00016701525045022587,6.032515689072371e-07,0.01860348997845315,0.020395555707206903,91.21344985897827,True
P1_old_full_opt,15,0.176,0.419,winter,2,37,5,9,17,-0.057885228774361905,-0.03413643636195621,0.019812108377280487,0.018941788798690632,0.0014763111677363674,0.00017201600901114617,5.957572178063068e-07,0.01852007187093988,0.020233825305031244,91.53025486651191,True
P1_old_full_opt,15,0.176,0.419,winter,3,37,5,9,17,-0.05652690736461186,-0.033337040336375745,0.01973190866209804,0.018882533507503404,0.001437170039503638,0.00017507530137659695,5.915251374731411e-07,0.018472521157328347,0.020141921012273096,91.71181411183406,True
P1_old_full_opt,15,0.176,0.419,winter,4,37,5,9,17,-0.05597438220986827,-0.03301184413973864,0.01969934545284914,0.01885844661013236,0.0014213039341614622,0.00017636599078427282,5.898202110413359e-07,0.018453181835030304,0.020104610227951195,91.78582238503222,True
P1_old_full_opt,15,0.176,0.419,winter,5,37,5,9,17,-0.056480821829622475,-0.033309908100215925,0.01972921156224101,0.018880490676401792,0.0014358454417289293,0.0001751807935487912,5.914273849202915e-07,0.01847088779959543,0.020138814439047373,91.71785089683343,True
P1_old_full_opt,15,0.176,0.419,winter,6,37,5,9,17,-0.058274535104791025,-0.03436551096192718,0.019835186654538067,0.018958693665514913,0.0014875650398903442,0.00017116490002432036,5.971003373503038e-07,0.018533648536687264,0.020260231783365716,91.47796893372153,True
P1_old_full_opt,15,0.176,0.419,winter,7,37,5,9,17,-0.06211297177093975,-0.03662394586901798,0.02006312674313434,0.019126483967749117,0.0015993775496063595,0.0001634190738025912,6.094424402011297e-07,0.01866807612922916,0.020521534581654295,90.9682268397117,True
P1_old_full_opt,15,0.176,0.419,winter,8,37,5,9,17,-0.068215442663417,-0.040213282529519515,0.02042838685315318,0.019395119499050206,0.001780339449374023,0.0001530770926410607,6.287605634705266e-07,0.01888252409809569,0.020940982254107697,90.17019292106879,True
P1_old_full_opt,15,0.176,0.419,winter,9,37,5,9,17,-0.07555420582796753,-0.044527586398924714,0.020873017505744506,0.019720106431055547,0.0020031915083187565,0.00014306238345519347,6.530354735615656e-07,0.019140925762111384,0.02145219817468867,89.22594135222776,True
P1_old_full_opt,15,0.176,0.419,winter,10,37,5,9,17,-0.07607722627511024,-0.04483495179868151,0.020904971046060667,0.019743280662952008,0.0020192926977637624,0.0001424288650911707,6.549018825406209e-07,0.01915932248639552,0.021488929222617154,89.15903760449024,True
P1_old_full_opt,15,0.176,0.419,winter,11,37,5,9,17,-0.07409873622660966,-0.04367212215013089,0.020784397397460082,0.019655437183698263,0.0019585384564060893,0.00014487216755483775,6.481957422139298e-07,0.019089604938895055,0.021350229642263286,89.41170778372674,True
P1_old_full_opt,15,0.176,0.419,winter,12,37,5,9,17,-0.0711030642498013,-0.04191112385399813,0.020602668513270053,0.01952269000364566,0.0018673429334797181,0.00014886078398340915,6.382467608876153e-07,0.01898410111890709,0.021141257398008623,89.79646177854717,True
P1_old_full_opt,15,0.176,0.419,winter,13,37,5,9,17,-0.06671088190881308,-0.03932849675962953,0.020337937015733446,0.01932878361241982,0.0017353576645895985,0.00015543455973582993,6.238823970299516e-07,0.018829635150564558,0.020837085477588706,90.36597354662072,True
P1_old_full_opt,15,0.176,0.419,winter,14,37,5,9,17,-0.06927436921741846,-0.040835899922534336,0.020492299393294063,0.01944168735130424,0.0018121419603331843,0.00015148094270580129,6.324587498207631e-07,0.018919658164835196,0.021014328579763104,90.03218015280733,True
P1_old_full_opt,15,0.176,0.419,winter,15,37,5,9,17,-0.07063751878415038,-0.041637395395952424,0.020574570034410624,0.019502000642905384,0.0018532562836540145,0.00014951208190800344,6.368421551959151e-07,0.01896765889207439,0.021108911785241616,89.85616636730514,True
P1_old_full_opt,15,0.176,0.419,winter,16,37,5,9,17,-0.07207540193462653,-0.042482726712366206,0.020661610129545108,0.019565634441921817,0.0018968385868257595,0.00014752297467222894,6.415974836912995e-07,0.019018273102558013,0.021208971468908912,89.6708882391476,True
P1_old_full_opt,15,0.176,0.419,winter,17,37,5,9,17,-0.07421647173581539,-0.043741290021613116,0.020791642014463405,0.019660525980733052,0.0019621421247142876,0.0001447193173530584,6.487765863809024e-07,0.019093672279257658,0.0213584957159388,89.39614724368901,True
P1_old_full_opt,15,0.176,0.419,winter,18,37,5,9,17,-0.07417722117749931,-0.04371824464627695,0.02078919411653688,0.019658882994601588,0.0019609405737855898,0.00014477155702296757,6.485093133618773e-07,0.01909234831898844,0.02135572879215003,89.40153016930255,True
P1_old_full_opt,15,0.176,0.419,winter,19,37,5,9,17,-0.07302174892860627,-0.043039057811472214,0.02071896319869673,0.01960765118643972,0.0019256423882109477,0.00014626365023479685,6.446256374080728e-07,0.019051651558405665,0.021274962826730786,89.5496350032083,True
P1_old_full_opt,15,0.176,0.419,winter,20,37,5,9,17,-0.07116131100308892,-0.04194536536306057,0.020606198494382395,0.0195252581118508,0.0018691070069813964,0.00014877941205401385,6.384515040080552e-07,0.01898614584747292,0.021145310758760274,89.78891851758276,True
P1_old_full_opt,15,0.176,0.419,winter,21,37,5,9,17,-0.06862891648606957,-0.040456412349882336,0.020453295709588263,0.019413350469774392,0.001792743068755119,0.00015244881666498852,6.301292808645657e-07,0.018897054083537042,0.020969592095825614,90.11646004930563,True
P1_old_full_opt,15,0.176,0.419,winter,22,37,5,9,17,-0.06603309136722608,-0.03892987772567247,0.020297266619765508,0.019298935563534583,0.0017151720874498122,0.00015653554414958197,6.216912861561128e-07,0.01880582086568032,0.02079038131761977,90.45442975950834,True
P1_old_full_opt,15,0.176,0.419,winter,23,37,5,9,17,-0.06518575436325486,-0.0384315136681667,0.020246500545870853,0.019261633946111918,0.0016900055150203125,0.00015794711218123232,6.189825558813503e-07,0.01877604873132515,0.02073208576065762,90.56517008508446,True
P1_old_full_opt,15,0.176,0.419,shoulder,0,37,5,9,17,-0.056923557065928276,-0.033570466873006057,0.0197553492957377,0.018899760640566005,0.001448579816347724,0.00017416319545571543,5.928494744388161e-07,0.01848636304130214,0.020168746895001564,91.65846117035477,True
P1_old_full_opt,15,0.176,0.419,shoulder,1,37,5,9,17,-0.05199192816064861,-0.03066753706560809,0.01946552016123574,0.01868534271234728,0.0013078903692402485,0.00018656253046722384,5.775097380524442e-07,0.018313976567855487,0.01983688630572753,92.32283880443308,True
P1_old_full_opt,15,0.176,0.419,shoulder,2,37,5,9,17,-0.04996787340214748,-0.029475782088850187,0.01934731938796769,0.018597628928678177,0.0012508835894093663,0.00019242659113919886,5.713409013211817e-07,0.018243305875447955,0.019701642441197913,92.59789344922612,True
P1_old_full_opt,15,0.176,0.419,shoulder,3,37,5,9,17,-0.048889610160098254,-0.028840827181416156,0.01928452944414196,0.018550969929119438,0.001220688978897981,0.0001957665703978113,5.680848281668901e-07,0.018205676806708447,0.019629822566552952,92.74498913570878,True
P1_old_full_opt,15,0.176,0.419,shoulder,4,37,5,9,17,-0.04843261790830173,-0.028571701836358352,0.019257956785428746,0.01853120627186686,0.001207928335538077,0.00019707015466727268,5.667149204979423e-07,0.01818973098194335,0.019599432075352256,92.80743907277952,True
P1_old_full_opt,15,0.176,0.419,shoulder,5,37,5,9,17,-0.048826840994415296,-0.028803856886741808,0.019280891977779185,0.018548232294458646,0.0012189349816238773,0.00019596505434040372,5.679264160589496e-07,0.018203472707673068,0.019625651564564764,92.75346934488778,True
P1_old_full_opt,15,0.176,0.419,shoulder,6,37,5,9,17,-0.050328229690998,-0.029687955462819934,0.019368371574324878,0.018613166937888396,0.001261001643178869,0.00019134253471093818,5.725217922068215e-07,0.018255844228128447,0.019725694284084827,92.54855096713989,True
P1_old_full_opt,15,0.176,0.419,shoulder,7,37,5,9,17,-0.05327360848672265,-0.03142205288010949,0.019540674468371218,0.0187408391448533,0.001344209506474875,0.00018309457978436908,5.816321031320328e-07,0.018358670535468784,0.019922843077755735,92.14884875525932,True
P1_old_full_opt,15,0.176,0.419,shoulder,8,37,5,9,17,-0.05702511608494033,-0.03363020076910444,0.019761429796184057,0.018904047360172045,0.0014515038525583085,0.00017392775221069945,5.933583567825836e-07,0.01848983169192467,0.020175645464431433,91.64431306309994,True
P1_old_full_opt,15,0.176,0.419,shoulder,9,37,5,9,17,-0.06055633131715873,-0.03570813081757404,0.019970518838679827,0.019058330117488847,0.0015538462410423365,0.0001664296657661211,6.044523553767092e-07,0.01861351848911137,0.020415330467057305,91.17422085891097,True
P1_old_full_opt,15,0.176,0.419,shoulder,10,37,5,9,17,-0.06067792621875215,-0.03577971718814143,0.019977636987677686,0.01906382559477947,0.001557393672550214,0.0001661938228339844,6.046029578089839e-07,0.018617884915441148,0.020423577667016014,91.15878333847917,True
P1_old_full_opt,15,0.176,0.419,shoulder,11,37,5,9,17,-0.05961342223380488,-0.03515338405498812,0.019914439963067628,0.019017275889218144,0.0015263904344167412,0.00016834289200867041,6.01207286074723e-07,0.01858059368117346,0.02035112217111231,91.30009404369822,True
P1_old_full_opt,15,0.176,0.419,shoulder,12,37,5,9,17,-0.05770003495894127,-0.034027450808665094,0.019801163934931976,0.018933702776321653,0.0014709632614525042,0.00017242376970987946,5.951818553962376e-07,0.01851358591927759,0.020221280791976038,91.55496187276093,True
P1_old_full_opt,15,0.176,0.419,shoulder,13,37,5,9,17,-0.0550100872984755,-0.03244427297268629,0.0196425660793884,0.018816482796741755,0.001393690215506737,0.000178687889296237,5.867991242845664e-07,0.01841946487132516,0.020039584004804996,91.91540536424624,True
P1_old_full_opt,15,0.176,0.419,shoulder,14,37,5,9,17,-0.057866703876678326,-0.03412549655541164,0.01981110396412166,0.018940830785629022,0.0014757760571330047,0.00017205181736859387,5.959005300102443e-07,0.018519332917243222,0.02023260183250746,91.53213744110975,True
P1_old_full_opt,15,0.176,0.419,shoulder,15,37,5,9,17,-0.05956682577347536,-0.035125946865125386,0.019911722979966084,0.01901516264813891,0.0015250360541184393,0.00016843646825253156,6.011625132074968e-07,0.018578915342041705,0.020347970286063288,91.30598816908416,True
P1_old_full_opt,15,0.176,0.419,shoulder,16,37,5,9,17,-0.06118357683884779,-0.0360772042160665,0.020007722379906126,0.019085914669727828,0.0015721623104626714,0.00016520046196154788,6.062756826859205e-07,0.01863557983696079,0.020458057212673166,91.09164004789564,True
P1_old_full_opt,15,0.176,0.419,shoulder,17,37,5,9,17,-0.06341363391338761,-0.037389118338074956,0.020140610290202605,0.0191836633266073,0.001637617376292727,0.00016103228574610917,6.134324361399463e-07,0.01871377794143131,0.020610495675378596,90.79732111337276,True
P1_old_full_opt,15,0.176,0.419,shoulder,18,37,5,9,17,-0.06406622305962081,-0.037773007484339295,0.02017954791957388,0.01921239016661474,0.001656870906236195,0.00015987515562350803,6.154303611714729e-07,0.018736722552477728,0.020655215533710893,90.71182298678008,True
P1_old_full_opt,15,0.176,0.419,shoulder,19,37,5,9,17,-0.06454954366590966,-0.0380572997053318,0.020208442830840088,0.019233631931800693,0.001671159435456232,0.00015903342441598016,6.169763793429187e-07,0.018753691767333283,0.020688382995307498,90.64841738277448,True
P1_old_full_opt,15,0.176,0.419,shoulder,20,37,5,9,17,-0.06402835054755228,-0.03775073805689116,0.020177266110881054,0.019210756877588626,0.0016557523120083184,0.00015994260246567622,6.152677055405876e-07,0.01873541149726525,0.02065261149120443,90.71691250883367,True
P1_old_full_opt,15,0.176,0.419,shoulder,21,37,5,9,17,-0.06204715599726639,-0.03658528781979219,0.020059060923050417,0.019123839261066793,0.0015974472902265113,0.00016355023902974575,6.089063630361945e-07,0.01866591276135613,0.02051698742276108,90.97784375813669,True
P1_old_full_opt,15,0.176,0.419,shoulder,22,37,5,9,17,-0.059846520705867635,-0.03529054322745684,0.01992825795015437,0.019027481747309515,0.0015331691391178015,0.00016786566964666164,6.019266632121083e-07,0.01858876842359041,0.020366971273873474,91.26918368778709,True
P1_old_full_opt,15,0.176,0.419,shoulder,23,37,5,9,17,-0.058395144475311425,-0.034436506660532974,0.019842272094483557,0.018964043564243666,0.001491054781991047,0.0001709073261508705,5.973670354097047e-07,0.018537922353578887,0.020268393305148336,91.46221939984805,True
P2_dev_run1,17,0.303,0.404,summer,0,37,5,9,17,-0.06402088526298104,-0.037370574122675304,0.024649557223271664,0.023451626311019394,0.0017687239507908556,0.0006967341452255672,4.717548470823534e-06,0.022982483288966606,0.025118700245324452,91.49551156909293,True
P2_dev_run1,17,0.303,0.404,summer,1,37,5,9,17,-0.05807820400732791,-0.03390813327284041,0.024220445372913183,0.02312622354327221,0.001579898598531658,0.0007384528764179561,4.576213890516565e-06,0.02271242330271657,0.024634245613468823,92.19857453356927,True
P2_dev_run1,17,0.303,0.404,summer,2,37,5,9,17,-0.055567597322342496,-0.03244482644105475,0.024040414361275436,0.022989398572842316,0.0015013301898266634,0.0007586565406024059,4.517218373373e-06,0.022598578670031434,0.02443123426408632,92.49871875384997,True
P2_dev_run1,17,0.303,0.404,summer,3,37,5,9,17,-0.05404372639845367,-0.03155646036006743,0.02393153604013278,0.022906483965699928,0.0014539892609903224,0.0007717871224843866,4.481833755388958e-06,0.022529513442162145,0.024308506563670562,92.68160256226045,True
P2_dev_run1,17,0.303,0.404,summer,4,37,5,9,17,-0.05313521204777881,-0.03102676834522026,0.02386675794599238,0.022857113102181567,0.001425890043852518,0.0007799540362847852,4.460834279989686e-06,0.022488358806249397,0.024235512241924554,92.7909366295432,True
P2_dev_run1,17,0.303,0.404,summer,5,37,5,9,17,-0.053069762404218325,-0.030988607487436804,0.023862095174509466,0.02285355819560183,0.0014238693689732004,0.0007805525622169423,4.4593242470097834e-06,0.02248539462212406,0.02423025874798724,92.79882173768316,True
P2_dev_run1,17,0.303,0.404,summer,6,37,5,9,17,-0.054024964533156056,-0.031545522053195565,0.023930197286171347,0.022905463934110807,0.001453408037036464,0.0007719531562139898,4.481399360165212e-06,0.022528663392326082,0.02430699782795607,92.68385817032213,True
P2_dev_run1,17,0.303,0.404,summer,7,37,5,9,17,-0.057109218411976824,-0.03334341598026615,0.024150847458328923,0.023073411261714888,0.0015494899642023927,0.0007460516814108812,4.553222061985388e-06,0.022668494379356974,0.024555764340686837,92.31435057306354,True
P2_dev_run1,17,0.303,0.404,summer,8,37,5,9,17,-0.06206477331041608,-0.036231100110007144,0.024507790344169632,0.023344371642320106,0.0017061261089901872,0.0007096139301077771,4.6703747274575356e-06,0.022893558671985996,0.024958603314503742,91.72612098322936,True
P2_dev_run1,17,0.303,0.404,summer,9,37,5,9,17,-0.06860494946505052,-0.04004023318009576,0.02498344532687234,0.023704078074246654,0.001917129436016872,0.0006693941787277855,4.828335788286266e-06,0.023191354888542428,0.025496168512576568,90.96015692358937,True
P2_dev_run1,17,0.303,0.404,summer,10,37,5,9,17,-0.0723316114983199,-0.04220974734135666,0.025256811587056317,0.023910111385801406,0.002039548991203774,0.0006497062780163749,4.920067363261648e-06,0.023361438417949756,0.025805484554907967,90.52896630653125,True
P2_dev_run1,17,0.303,0.404,summer,11,37,5,9,17,-0.0735142966897923,-0.04289811394790904,0.02534392115489409,0.023975659744151955,0.002078732837974273,0.000643878071069253,4.949443047666962e-06,0.023415476431700485,0.02590410446734556,90.39292001473275,True
P2_dev_run1,17,0.303,0.404,summer,12,37,5,9,17,-0.07302259393659302,-0.04261193320646089,0.025307684483613067,0.023948398452802132,0.0020624225955214806,0.0006462779504481142,4.937214592133996e-06,0.023393006501488508,0.02586307643492669,90.4494349709206,True
P2_dev_run1,17,0.303,0.404,summer,13,37,5,9,17,-0.07109398722970384,-0.04148932923083195,0.025165838571052267,0.023841601728284992,0.001998716883679974,0.0006560148995142617,4.889463550930539e-06,0.023304921543057657,0.025702518756279602,90.67174219010668,True
P2_dev_run1,17,0.303,0.404,summer,14,37,5,9,17,-0.07423831850166537,-0.04331948704799293,0.025397332699925182,0.02401582597203774,0.0021027999043394946,0.0006404029953318288,4.967489416305904e-06,0.02344857215427616,0.025964586517686763,90.30982310580326,True
P2_dev_run1,17,0.303,0.404,summer,15,37,5,9,17,-0.07586389065364144,-0.04426545808620898,0.025517485808502688,0.024106113667243145,0.00215705487331843,0.0006328466795960128,5.008181936942002e-06,0.02352291872633322,0.026100680749412613,90.12377474814559,True
P2_dev_run1,17,0.303,0.404,summer,16,37,5,9,17,-0.07675626831650734,-0.044784704775142,0.025583582832928078,0.02415574088363293,0.002186968136430892,0.0006288375863092987,5.030623710508974e-06,0.0235637558258713,0.026175567890689706,90.02194689442672,True
P2_dev_run1,17,0.303,0.404,summer,17,37,5,9,17,-0.07833476642525515,-0.04570308731028848,0.02570073857235579,0.024243633647687786,0.002240105501849117,0.0006219757312986605,5.070499850830807e-06,0.02363603235568563,0.026308339864357943,89.84235598882199,True
P2_dev_run1,17,0.303,0.404,summer,18,37,5,9,17,-0.0781816335664906,-0.04561399878814991,0.025689359718596677,0.024235100929952798,0.002234937966592465,0.0006226289081317786,5.0666213241003384e-06,0.02362901838136539,0.026295442267184083,89.85974885409586,True
P2_dev_run1,17,0.303,0.404,summer,19,37,5,9,17,-0.07766158389495322,-0.045311439460008915,0.025650737801704293,0.024206132999943036,0.0022174088577743695,0.0006248669817600875,5.053465751962375e-06,0.023605202137580945,0.026251668664066384,89.91886359548657,True
P2_dev_run1,17,0.303,0.404,summer,20,37,5,9,17,-0.07702045104373016,-0.04493841690518381,0.02560316914380817,0.02417044122592643,0.002195841369159547,0.000627668998980164,5.037281521126233e-06,0.023575848606144128,0.02619776176359047,89.99184288678332,True
P2_dev_run1,17,0.303,0.404,summer,21,37,5,9,17,-0.07464133674370428,-0.043554028138158035,0.02542709138727818,0.024038196707041305,0.00211622266556543,0.0006384983208052583,4.9775554734934045e-06,0.023466999270470492,0.025998288823848994,90.26363015454895,True
P2_dev_run1,17,0.303,0.404,summer,22,37,5,9,17,-0.07071577593861819,-0.04126915801864571,0.025138075037146084,0.023820682606768704,0.0019862738633456417,0.0006579871078176583,4.880138966266721e-06,0.023287656677765885,0.025671100966148903,90.71545746508521,True
P2_dev_run1,17,0.303,0.404,summer,23,37,5,9,17,-0.06721611989685934,-0.0392315326679235,0.02488200241088484,0.02362749323654318,0.0018719136672474546,0.0006772890779732939,4.7944711741810154e-06,0.023128043110164892,0.02538145253726313,91.12182636596566,True
P2_dev_run1,17,0.303,0.404,winter,0,37,5,9,17,-0.06726525441812482,-0.03926014484094643,0.024885587280686305,0.023630200845280922,0.0018735095640198055,0.0006770042462812476,4.795666281763712e-06,0.02313028229594303,0.025385505830024194,91.11609770874115,True
P2_dev_run1,17,0.303,0.404,winter,1,37,5,9,17,-0.0621999135077584,-0.03630979490853639,0.024517615595567897,0.023351698640608713,0.0017104367395165757,0.0007086947299113162,4.67393615413415e-06,0.022899650332392024,0.024969663903784585,91.70988612674593,True
P2_dev_run1,17,0.303,0.404,winter,2,37,5,9,17,-0.05973886268815309,-0.034875912279656494,0.024339886128425064,0.023217024158725744,0.0016322609583358863,0.0007259899656366737,4.615118263045795e-06,0.022787862538224363,0.024769047748926444,92.00136706592626,True
P2_dev_run1,17,0.303,0.404,winter,3,37,5,9,17,-0.05833525594450071,-0.0340579673795039,0.024238879803513816,0.02314032076581231,0.0015879832516407094,0.0007364820513903699,4.582004509079928e-06,0.022724131128396656,0.024655069440929468,92.16818951916113,True
P2_dev_run1,17,0.303,0.404,winter,4,37,5,9,17,-0.05776434574313171,-0.03372524289929043,0.02419786442203623,0.02310915357137846,0.0015700374665003833,0.0007408897760964031,4.568585367891418e-06,0.022698219909237625,0.024608798084177062,92.23619874321331,True
P2_dev_run1,17,0.303,0.404,winter,5,37,5,9,17,-0.05828763614270832,-0.0340302153751712,0.024235457184188625,0.023137720403257657,0.0015864849745467272,0.0007368465337154457,4.580884107669193e-06,0.022721969618261756,0.024651207969184526,92.1738587685665,True
P2_dev_run1,17,0.303,0.404,winter,6,37,5,9,17,-0.06014117115474822,-0.03511033666218362,0.024368881175903852,0.023239029574219076,0.0016449932942698559,0.0007230697487264243,4.624641584274692e-06,0.022806136806881053,0.024801773943241876,91.95365161811498,True
P2_dev_run1,17,0.303,0.404,winter,7,37,5,9,17,-0.0641083515251289,-0.037421557069017876,0.024655856424162115,0.023456510623953326,0.0017715331541924909,0.0006961804399560722,4.719320763866844e-06,0.022986515343629596,0.025125851704485846,91.4855170442867,True
P2_dev_run1,17,0.303,0.404,winter,8,37,5,9,17,-0.07041753830529374,-0.04109553745231241,0.025116194484529706,0.02380419251542518,0.0019764735142960843,0.0006595572843622273,4.872795233802182e-06,0.023274044613912963,0.025646342386041927,90.74995671343727,True
P2_dev_run1,17,0.303,0.404,winter,9,37,5,9,17,-0.07800818035674988,-0.04551308704741979,0.02567647439022657,0.024225437521144814,0.002229087980852272,0.0006233719593890983,5.062230749514844e-06,0.023621074267168377,0.026280837644203008,89.87945737101984,True
P2_dev_run1,17,0.303,0.404,winter,10,37,5,9,17,-0.07854928787003364,-0.0458278881003178,0.025716683865360843,0.024255589198811645,0.0022473491720618258,0.0006210651248824299,5.075936850464423e-06,0.023645858955818416,0.02632641410835407,89.81800126100332,True
P2_dev_run1,17,0.303,0.404,winter,11,37,5,9,17,-0.07650247286465287,-0.04463703313337342,0.025564774678357924,0.024141622201000697,0.002178451360752079,0.0006299680334431619,5.024233744964965e-06,0.02355213989901227,0.02615425698034635,90.05088508807785,True
P2_dev_run1,17,0.303,0.404,winter,12,37,5,9,17,-0.07340384163273345,-0.042833827967017284,0.025335778452628167,0.023969534650778557,0.002075066520998127,0.0006444143362585559,4.946694153180947e-06,0.023410428393044518,0.025894884710362203,90.40560965956533,True
P2_dev_run1,17,0.303,0.404,winter,13,37,5,9,17,-0.06886178064148304,-0.04018972534065169,0.02500229571076458,0.023718145141402913,0.0019255152004094625,0.0006679637995142602,4.835062270241833e-06,0.023202998378268398,0.025517442473899095,90.92995272548156,True
P2_dev_run1,17,0.303,0.404,winter,14,37,5,9,17,-0.07151258826736974,-0.041733004480358896,0.025196587386433784,0.023864764143826545,0.002012507838557172,0.0006538565242616122,4.899799082841649e-06,0.02332403363199759,0.025737317898262738,90.62340421094133,True
P2_dev_run1,17,0.303,0.404,winter,15,37,5,9,17,-0.07292234910853676,-0.04255358725110697,0.025300300437265454,0.023942842274015916,0.002059100788873225,0.0006467712424997144,4.934724232708271e-06,0.023388426116454406,0.025854716594826965,90.46096494878611,True
P2_dev_run1,17,0.303,0.404,winter,16,37,5,9,17,-0.07440953272353447,-0.04341912811553796,0.02540997265374643,0.024025328623223836,0.0021085000131081735,0.0006395912688762766,4.971763975620042e-06,0.0234564001284219,0.025978901148548363,90.29019354705302,True
P2_dev_run1,17,0.303,0.404,winter,17,37,5,9,17,-0.07662426700112186,-0.044707899813099736,0.025573799556437397,0.024148397182115432,0.0021825375581676285,0.0006294245833048772,5.027299491059663e-06,0.023557714108828346,0.02616448262972448,90.03699573277753,True
P2_dev_run1,17,0.303,0.404,winter,18,37,5,9,17,-0.07658366327942584,-0.04468427436519677,0.025570790640403254,0.024146138446734366,0.0021811751119162615,0.000629605561747009,5.026277276512013e-06,0.023555855743720547,0.026161073343417073,90.04162571811268,True
P2_dev_run1,17,0.303,0.404,winter,19,37,5,9,17,-0.07538840178031847,-0.043988769871725106,0.025482306897493787,0.024079688758804094,0.0021411535289325226,0.0006350225402394105,4.996254070780831e-06,0.02350116619103397,0.02606082946526391,90.17812047140833,True
P2_dev_run1,17,0.303,0.404,winter,20,37,5,9,17,-0.07346408461600634,-0.04286889007918978,0.025340219355805892,0.02397287523619105,0.0020770659835507924,0.0006441216519192804,4.9481932914318545e-06,0.023413181597433778,0.025899912994563165,90.39868822087783,True
P2_dev_run1,17,0.303,0.404,winter,21,37,5,9,17,-0.07084510817096135,-0.04134444805077881,0.025147567023496614,0.02382783516183972,0.0019905270036291445,0.0006573103153300862,4.883326119509284e-06,0.02329356019448559,0.025681841990850746,90.70050428152315,True
P2_dev_run1,17,0.303,0.404,winter,22,37,5,9,17,-0.06816097572896317,-0.03978172268052786,0.024950991005750628,0.02367958411949736,0.0019026511052910103,0.0006718832035719987,4.817491193206938e-06,0.023171111363466126,0.025459463761781858,91.01178084610383,True
P2_dev_run1,17,0.303,0.404,winter,23,37,5,9,17,-0.06728491058340566,-0.0392715910485909,0.024887021483290354,0.023631284058571084,0.0018741480759802767,0.0006768904158381773,4.796144431872005e-06,0.023131178093628395,0.025387127448233047,91.11380616336069,True
P2_dev_run1,17,0.303,0.404,shoulder,0,37,5,9,17,-0.058745116734437004,-0.03429679681017102,0.024268384713760176,0.023162649115828653,0.0016008894678457633,0.0007333652336797959,4.591894907232153e-06,0.022742699061751966,0.024688334767836863,92.1192104514898,True
P2_dev_run1,17,0.303,0.404,shoulder,1,37,5,9,17,-0.05364998930703934,-0.0313268763074823,0.023903489210654143,0.022885016855428764,0.001441800014028962,0.0007752905943277057,4.472989849034768e-06,0.022511632896910924,0.02427687316917198,92.7287165033154,True
P2_dev_run1,17,0.303,0.404,shoulder,2,37,5,9,17,-0.05155930929827101,-0.030107864407913746,0.023754631414970463,0.022771584389314658,0.001377370368986823,0.0007947618651273841,4.424579044014931e-06,0.022417009416738288,0.024109206387546833,92.98111707367266,True
P2_dev_run1,17,0.303,0.404,shoulder,3,37,5,9,17,-0.05044566721036196,-0.029458423504876853,0.023675576325885853,0.022711227774297984,0.0013432519190700494,0.0008057480971865537,4.399088529052609e-06,0.02236661703465033,0.024020187065533508,93.1159152658895,True
P2_dev_run1,17,0.303,0.404,shoulder,4,37,5,9,17,-0.04997370456351135,-0.029183169813782918,0.023642117970971762,0.022685669546029415,0.0013288346499406613,0.0008105418332378835,4.388317971998323e-06,0.02234526760504933,0.023982519911951845,93.17314313544433,True
P2_dev_run1,17,0.303,0.404,shoulder,5,37,5,9,17,-0.05038084097359815,-0.029420616852108568,0.023670979070842136,0.02270771649576028,0.0013412701541549443,0.0008064015772738324,4.397607990062647e-06,0.02236368435081492,0.024015011215787495,93.12377225171983,True
P2_dev_run1,17,0.303,0.404,shoulder,6,37,5,9,17,-0.05193150690824952,-0.030324903567808165,0.023781086399757807,0.022791772060826755,0.0013888044960662545,0.000791188461081268,4.4331223726457265e-06,0.022433856536982728,0.024139001923601838,92.93613964647018,True
P2_dev_run1,17,0.303,0.404,shoulder,7,37,5,9,17,-0.05497400252690792,-0.032098794966867156,0.02399796942010888,0.022957085311976905,0.001482858208258244,0.0007636892370736208,4.503410836547473e-06,0.02257167028675823,0.024383384445327554,92.56988232034995,True
P2_dev_run1,17,0.303,0.404,shoulder,8,37,5,9,17,-0.05885006005880776,-0.03435797884690324,0.024275898340784315,0.023168440646360602,0.0016041971218692386,0.0007325779195931081,4.5941295268321476e-06,0.02274750147948358,0.024696837507661336,92.10694070618135,True
P2_dev_run1,17,0.303,0.404,shoulder,9,37,5,9,17,-0.06249938078078479,-0.036484292402806456,0.02453923699055976,0.023368200672648567,0.0017199963964766377,0.0007066852674964069,4.680752930162557e-06,0.02291332063118285,0.02499411703202548,91.6748553342514,True
P2_dev_run1,17,0.303,0.404,shoulder,10,37,5,9,17,-0.06262505752683857,-0.03655750696376417,0.02454833479468252,0.023375093354941416,0.0017240113168628945,0.0007058457580316253,4.683757151875262e-06,0.022919035972927555,0.02500439217669638,91.66004040797147,True
P2_dev_run1,17,0.303,0.404,shoulder,11,37,5,9,17,-0.06152485276767517,-0.035916541275610545,0.024468755619182717,0.02331478312529031,0.001688924745052306,0.0007133083175239316,4.657505106603884e-06,0.022869013376029427,0.024914525368443605,91.78988175706934,True
P2_dev_run1,17,0.303,0.404,shoulder,12,37,5,9,17,-0.05954748732168297,-0.034764395264496935,0.02432610028755904,0.023206559510745264,0.0016262107263135192,0.0007273924587220281,4.610593106004596e-06,0.022779170732993282,0.024753489065311024,92.0240806170452,True
P2_dev_run1,17,0.303,0.404,shoulder,13,37,5,9,17,-0.05676801382680289,-0.033144543305677676,0.024126380627768132,0.023054805400162064,0.0015388076419584201,0.0007487852180850486,4.545235439461443e-06,0.022653016026810358,0.02452817000111984,92.35510038366552,True
P2_dev_run1,17,0.303,0.404,shoulder,14,37,5,9,17,-0.05971971934711422,-0.03486475728073548,0.024338506926808175,0.02321597728272011,0.001631655564855429,0.0007261298663376856,4.61466545904936e-06,0.022786993059803713,0.024767491149724572,92.0036386489518,True
P2_dev_run1,17,0.303,0.404,shoulder,15,37,5,9,17,-0.061476695323176414,-0.03588848391683196,0.024465275694806766,0.023312144812186665,0.0016873921051611257,0.0007136409002705908,4.656358489111345e-06,0.02286682438058669,0.02491059612640674,91.79557271351878,True
P2_dev_run1,17,0.303,0.404,shoulder,16,37,5,9,17,-0.06314769310549266,-0.03686196613684593,0.024586189266388118,0.02340376652612812,0.0017407269386423702,0.000702389575964709,4.696265544968151e-06,0.022942807067495134,0.025047148725021107,91.59847821151865,True
P2_dev_run1,17,0.303,0.404,shoulder,17,37,5,9,17,-0.06545286341868835,-0.03820466618775367,0.02475354940400163,0.023530416481227775,0.0018148254037834016,0.0006877905351719738,4.7517267593704125e-06,0.02304772001797194,0.02523624586725746,91.32784701497539,True
P2_dev_run1,17,0.303,0.404,shoulder,18,37,5,9,17,-0.06612749630836694,-0.03859757039195486,0.02480265156923502,0.02356753813131277,0.001836625786603506,0.0006837072772684981,4.768048058911285e-06,0.02307844455721006,0.025291745143337728,91.24892104683141,True
P2_dev_run1,17,0.303,0.404,shoulder,19,37,5,9,17,-0.06662716134256444,-0.03888855888026552,0.02483905470862032,0.023595048576987354,0.001852805685053055,0.0006807356420550324,4.780162710300477e-06,0.023101206653333376,0.0253328966322743,91.19054559241468,True
P2_dev_run1,17,0.303,0.404,shoulder,20,37,5,9,17,-0.06608834372450957,-0.03857476867706422,0.02479980039010189,0.023565383066876045,0.0018353591722008872,0.0006839420038231156,4.767099728315184e-06,0.023076661190563775,0.025288522266414155,91.253498118441,True
P2_dev_run1,17,0.303,0.404,shoulder,21,37,5,9,17,-0.06404031989572552,-0.037381929678927735,0.024650919060017335,0.023452773709994736,0.0017693480684615667,0.0006966141559127409,4.7176853384732506e-06,0.022983419402574683,0.025120273367437388,91.49350831654309,True
P2_dev_run1,17,0.303,0.404,shoulder,22,37,5,9,17,-0.061765762249029424,-0.03605689750120116,0.024486168311329916,0.023327983338407545,0.001696595797943165,0.0007116521470707974,4.6632442641869225e-06,0.022879964617026367,0.024934187032711094,91.76142212701862,True
P2_dev_run1,17,0.303,0.404,shoulder,23,37,5,9,17,-0.06026581073831865,-0.035182962208048105,0.02437786815050159,0.023245848932169036,0.0016489416428780296,0.0007221726751957516,4.627594911446358e-06,0.022811799036569276,0.02481191804610135,91.9388778980497,True
P3_dev_run0,31,1.045,0.405,summer,0,15,5,3,9,-0.05509776934369673,-0.04434152295230945,0.013691643131718861,0.013096869680828866,0.0010830454119856814,0.000474553056959682,1.1436582334743337e-05,0.012776449231196797,0.014012063581350931,91.18178173414336,True
P3_dev_run0,31,1.045,0.405,summer,1,15,5,3,9,-0.04999994077672817,-0.04021975029023167,0.013473704532905145,0.012917691658406854,0.0009449334544804229,0.0005205298581878548,1.1098373250373644e-05,0.012647507994047954,0.013743888197264045,92.02277996241017,True
P3_dev_run0,31,1.045,0.405,summer,2,15,5,3,9,-0.047844981496246344,-0.03847800045298514,0.013382217273416737,0.012842366571007721,0.0008874181443383018,0.000544027075352973,1.0957773345370173e-05,0.012592929393771754,0.013631654450652706,92.38005144099573,True
P3_dev_run0,31,1.045,0.405,summer,3,15,5,3,9,-0.046536605795588284,-0.03742068297995825,0.013326856288454062,0.012796754054373069,0.0008527486662005909,0.0005597615571570654,1.0873088894293291e-05,0.012559762178661811,0.01356384816416532,92.59733688145943,True
P3_dev_run0,31,1.045,0.405,summer,4,15,5,3,9,-0.04575643252659571,-0.036790278671310975,0.013293911525013892,0.012769599128797082,0.0008321655742095118,0.0005697379424978436,1.0822835775437279e-05,0.012539972084072308,0.013523538569738664,92.72700350877645,True
P3_dev_run0,31,1.045,0.405,summer,5,15,5,3,9,-0.045700224719267296,-0.0367448628966372,0.013291539928086914,0.01276764399711255,0.0008306852547794064,0.0005704749184148593,1.081922228686826e-05,0.01253854590086025,0.013520638024339216,92.73634778395035,True
P3_dev_run0,31,1.045,0.405,summer,6,15,5,3,9,-0.04652049534015997,-0.03740766473703726,0.013326175481890896,0.012796192981385443,0.0008523229491404451,0.0005599629087963178,1.0872049341762801e-05,0.01255935361766731,0.013563014845609029,92.60001379216473,True
P3_dev_run0,31,1.045,0.405,summer,7,15,5,3,9,-0.049168310149644,-0.039547539875576534,0.01343835324719415,0.012888593237387296,0.0009226764928006334,0.000529266341190283,1.104394798368086e-05,0.012626451832394034,0.013700494652187412,92.16055443938372,True
P3_dev_run0,31,1.045,0.405,summer,8,15,5,3,9,-0.05342021883009009,-0.04298494296329282,0.013619690491470453,0.01303775401276541,0.0010372775784223567,0.0004883914859950173,1.1324412706039208e-05,0.012734038546282349,0.013923405957953515,91.45778399866478,True
P3_dev_run0,31,1.045,0.405,summer,9,15,5,3,9,-0.059027256610438894,-0.04752000797921723,0.013861089918545006,0.013235931192019393,0.0011914811606819912,0.0004461482575145836,1.170271923821628e-05,0.012875745590823728,0.01422127551974067,90.53861288989725,True
P3_dev_run0,31,1.045,0.405,summer,10,15,5,3,9,-0.06221994982084354,-0.050103365815112995,0.013999700910438275,0.013349526890280265,0.0012808575328321858,0.00042648609275249585,1.1922487494820899e-05,0.012956400443944433,0.014392827356774107,90.01984198640716,True
P3_dev_run0,31,1.045,0.405,summer,11,15,5,3,9,-0.06323283655407648,-0.050923097088734486,0.01404385115415511,0.01338567945103097,0.0013094514360418943,0.0004207871266339415,1.199287689375509e-05,0.012981987530320723,0.014447543074865357,89.85602232192485,True
P3_dev_run0,31,1.045,0.405,summer,12,15,5,3,9,-0.06281174749266209,-0.05058229973504954,0.014025486212558499,0.013370643006630994,0.0012975500388006528,0.00042312717661904163,1.1963574592678276e-05,0.012971350132041667,0.014424779087147826,89.92408170464716,True
P3_dev_run0,31,1.045,0.405,summer,13,15,5,3,9,-0.061159836935770207,-0.04924549506144854,0.013953582833207911,0.01331174761303466,0.0012510538813067739,0.0004327167849131104,1.1849161340233758e-05,0.012929620369682406,0.014335710076560166,90.19169821816634,True
P3_dev_run0,31,1.045,0.405,summer,14,15,5,3,9,-0.06385283003471429,-0.05142489607573264,0.014070917561902046,0.013407835775912098,0.0013270108436367622,0.0004174149714149783,1.2036122118773589e-05,0.012997649759249419,0.014481103578564726,89.75593392266629,True
P3_dev_run0,31,1.045,0.405,summer,15,15,5,3,9,-0.06524461644966958,-0.05255145652898401,0.014131793021165646,0.013457648294493897,0.0013665865162142557,0.00041014827596822504,1.2133643248536276e-05,0.0130328102597517,0.014556631055907843,89.53177565397114,True
P3_dev_run0,31,1.045,0.405,summer,16,15,5,3,9,-0.06600852457381343,-0.05316984998127027,0.01416527374817341,0.013485033018011188,0.0013884011498181423,0.0004063290488085705,1.2187430521897294e-05,0.013052109852010774,0.014598196914173824,89.40905461645124,True
P3_dev_run0,31,1.045,0.405,summer,17,15,5,3,9,-0.067359552124048,-0.05426362688851088,0.014224605105431973,0.01353354161320126,0.0014271431155920909,0.00039984962327013827,1.228301188658761e-05,0.013086245158715122,0.014671901559918111,89.19256379462895,True
P3_dev_run0,31,1.045,0.405,summer,18,15,5,3,9,-0.0672284991458667,-0.054157522124668046,0.014218843199859261,0.013528831867824324,0.0014233760246127334,0.0004004632967194327,1.2273714768204233e-05,0.0130829337872046,0.014664741280478984,89.21353290166795,True
P3_dev_run0,31,1.045,0.405,summer,19,15,5,3,9,-0.0667834141228389,-0.05379717595227911,0.014199285106289055,0.013512843412651973,0.001410596627255561,0.0004025709470745323,1.224218063448986e-05,0.013071687907903853,0.014640440611037175,89.28479856029287,True
P3_dev_run0,31,1.045,0.405,summer,20,15,5,3,9,-0.06623465707261705,-0.053352915213081144,0.014175193992990488,0.013493145467917153,0.0013948713540972166,0.0004052204843386,1.2203388265322057e-05,0.013057823112467417,0.014610516348440223,89.37276959319396,True
P3_dev_run0,31,1.045,0.405,summer,21,15,5,3,9,-0.06419791575315378,-0.051704207377428466,0.014085996365572173,0.013420176823629034,0.0013368030740903297,0.00041557483228749786,1.206024478880117e-05,0.013006367416908828,0.014499805772292379,89.70028717048503,True
P3_dev_run0,31,1.045,0.405,summer,22,15,5,3,9,-0.06083583644390904,-0.04898332203381028,0.0139395063408413,0.013300213214136767,0.0012419702134735477,0.00043467799606189834,1.1826821056971315e-05,0.012921435530879714,0.014318284024098354,90.24430238380747,True
P3_dev_run0,31,1.045,0.405,summer,23,15,5,3,9,-0.05783700599102811,-0.046557114654924237,0.013809630011787125,0.013193721905335676,0.0011584535193858662,0.00045421563343770653,1.1621601554819925e-05,0.012845673414326603,0.014157678502796199,90.73290802435959,True
P3_dev_run0,31,1.045,0.405,winter,0,15,5,3,9,-0.057879118995519556,-0.04659118157359874,0.013811448757363374,0.013195214044503861,0.0011596193864038557,0.0004539227202429993,1.1624464140738261e-05,0.012846737473407498,0.014159925328459735,90.72602556446473,True
P3_dev_run0,31,1.045,0.405,winter,1,15,5,3,9,-0.05353612898514247,-0.04307866874702392,0.0136246546229991,0.01304183376552326,0.0010404298214656568,0.0004873980399896948,1.1332135371660829e-05,0.012736969432657116,0.013929518955865245,91.43868839271016,True
P3_dev_run0,31,1.045,0.405,winter,2,15,5,3,9,-0.051424935411431526,-0.0413717052945737,0.013534410368839362,0.012967637465472661,0.000983248974795898,0.0005064407992417242,1.1192116660095213e-05,0.01268357126044624,0.013818476573865781,91.7870446329378,True
P3_dev_run0,31,1.045,0.405,winter,3,15,5,3,9,-0.05022053622794403,-0.04039806760841709,0.013483091187712732,0.012925416398468519,0.0009508501258839337,0.0005182780264526437,1.1112844937715448e-05,0.012653092035425039,0.013755415550756211,91.98625798498271,True
P3_dev_run0,31,1.045,0.405,winter,4,15,5,3,9,-0.04973058475752974,-0.04000202277084956,0.013462248444824921,0.012908262958813995,0.0009377162752576436,0.0005233161665130722,1.1080722663081929e-05,0.012640688963119363,0.013729822440519554,92.06738847411505,True
P3_dev_run0,31,1.045,0.405,winter,5,15,5,3,9,-0.0501796707239931,-0.040365033878204074,0.013481352000752548,0.01292398518740504,0.0009497536498641,0.0005186931595105357,1.1110162936847945e-05,0.012652057624325344,0.013753279563832243,91.99302294121291,True
P3_dev_run0,31,1.045,0.405,winter,6,15,5,3,9,-0.051770102332096814,-0.041650759490547494,0.013549139757577424,0.01297975181546364,0.0009925638040559925,0.0005031845650178345,1.1214916089555278e-05,0.012692303860564507,0.013836587712476556,91.73001410687232,True
P3_dev_run0,31,1.045,0.405,winter,7,15,5,3,9,-0.05517276926188484,-0.04440217795444514,0.01369486538649002,0.013099516137030786,0.0010850989240581788,0.00047396042201912835,1.1441617375946885e-05,0.012778344980522481,0.014016036542998324,91.16946107639733,True
P3_dev_run0,31,1.045,0.405,winter,8,15,5,3,9,-0.06058033479933545,-0.04877658202598549,0.013928411946404363,0.01329112133728637,0.00123481528228732,0.00043624400418974856,1.1809227026064406e-05,0.012914981045089018,0.014304552238601715,90.28581132541252,True
P3_dev_run0,31,1.045,0.405,winter,9,15,5,3,9,-0.06708005250461195,-0.05403733636729981,0.014212318280183133,0.013523498147904616,0.0014191112996123295,0.0004011621996920387,1.2263190361232502e-05,0.01307918296794743,0.014656633460140319,89.23729315819442,True
P3_dev_run0,31,1.045,0.405,winter,10,15,5,3,9,-0.06754313767298976,-0.05441226579781167,0.014232679063353912,0.013540140810467154,0.001432423506409896,0.0003989951749559027,1.2296044962132557e-05,0.01309088395785217,0.014681935915968896,89.16320049874207,True
P3_dev_run0,31,1.045,0.405,winter,11,15,5,3,9,-0.06579127568607371,-0.05299397993064569,0.014155747204854763,0.013477241851429116,0.0013821905601221285,0.00040740343606752397,1.217211503603804e-05,0.0130466211198601,0.014586367936423778,89.44393269609797,True
P3_dev_run0,31,1.045,0.405,winter,12,15,5,3,9,-0.06313824645587322,-0.050846541952076094,0.014039724523905114,0.013382300955727337,0.0013067762644041272,0.00042130922224856864,1.1986289786858885e-05,0.012979598022777115,0.014442427456855336,89.87130495584476,True
P3_dev_run0,31,1.045,0.405,winter,13,15,5,3,9,-0.059247340413530566,-0.04769806380540924,0.013870617912136896,0.013243744227850816,0.0011976055228221942,0.000444703164502852,1.1717766539709104e-05,0.012881305784836782,0.01423305635515093,90.50273857852778,True
P3_dev_run0,31,1.045,0.405,winter,14,15,5,3,9,-0.06151841841385976,-0.04953565919306213,0.013969171821627147,0.013324519651096739,0.0012611207956331762,0.0004305777649703172,1.1873924343746872e-05,0.012938678721783458,0.014355012750940428,90.13352301575502,True
P3_dev_run0,31,1.045,0.405,winter,15,15,5,3,9,-0.0627258954234541,-0.050512819214157366,0.014021743746746201,0.013367578527758637,0.0012951260163414715,0.00042360931638414797,1.1957607253694345e-05,0.012969181376690904,0.014420140897813934,89.9379657147248,True
P3_dev_run0,31,1.045,0.405,winter,16,15,5,3,9,-0.0639994350880759,-0.05154355668908782,0.014077322387633045,0.013413077924595016,0.0013311693042295386,0.00041663004630660696,1.2046365740789503e-05,0.013001353326585323,0.014489046985642736,89.7322877030382,True
P3_dev_run0,31,1.045,0.405,winter,17,15,5,3,9,-0.06589553238569193,-0.0530783787005825,0.014160318460340021,0.013480980478797222,0.001385170328115603,0.00040688669006435204,1.2179463000328501e-05,0.013049255126340314,0.01459204381279693,89.4271926109239,True
P3_dev_run0,31,1.045,0.405,winter,18,15,5,3,9,-0.06586077548402962,-0.05305024191076665,0.014158794403806723,0.013479734037234471,0.0013841768025753967,0.00040705872413299355,1.217701294605033e-05,0.01304837700402309,0.014590151437018101,89.43277292459608,True
P3_dev_run0,31,1.045,0.405,winter,19,15,5,3,9,-0.06483754287625686,-0.052221942451172114,0.014113971427393918,0.013443068235801268,0.0013549887374740704,0.0004122315549058587,1.2105056532653182e-05,0.01302252618559738,0.014534513477597806,89.59726244479482,True
P3_dev_run0,31,1.045,0.405,winter,20,15,5,3,9,-0.0631898367523295,-0.050888295736016845,0.014041975133760777,0.013384143558157233,0.001308235202551419,0.0004210242126871891,1.1989882109261613e-05,0.01298090128121892,0.01444521741069909,89.86296925932315,True
P3_dev_run0,31,1.045,0.405,winter,21,15,5,3,9,-0.060946632764126395,-0.049072974748486486,0.013944319013296574,0.013304156923804017,0.001245075170287957,0.0004340042573121282,1.1834456922743774e-05,0.012924234454185713,0.014324241482914878,90.22630950197947,True
P3_dev_run0,31,1.045,0.405,winter,22,15,5,3,9,-0.05864678827041001,-0.04721220375399824,0.013844627873105548,0.01322243057846992,0.0011809065043353899,0.00044868016734390704,1.1676741828396508e-05,0.012866133232873197,0.014200925218702271,90.60066886296121,True
P3_dev_run0,31,1.045,0.405,winter,23,15,5,3,9,-0.0578959661376058,-0.0466048099478,0.013812176379328385,0.013195810995453791,0.0011600858425462064,0.0004538056983880478,1.1625609453683742e-05,0.012847163144458778,0.014160824230323398,90.72327242752155,True
P3_dev_run0,31,1.045,0.405,shoulder,0,15,5,3,9,-0.05057225186838407,-0.04068238321548353,0.013498065435166826,0.01293773803440878,0.0009602947839542514,0.0005147425327180051,1.1135948932564124e-05,0.012661994173198196,0.01377380929637741,91.92804910206193,True
P3_dev_run0,31,1.045,0.405,shoulder,1,15,5,3,9,-0.046198502262548034,-0.03714747880390707,0.013312572923459451,0.012784981946985593,0.0008438203231509691,0.0005640279177125418,1.0851288424268259e-05,0.012551186997156424,0.01354636787328862,92.65352243906987,True
P3_dev_run0,31,1.045,0.405,shoulder,2,15,5,3,9,-0.04440290990091015,-0.03569670628217075,0.01323687345935172,0.012722564988731611,0.0007966153217399853,0.00058821023167962,1.0736081583225644e-05,0.01250561238645585,0.013453826061627481,92.95208908731105,True
P3_dev_run0,31,1.045,0.405,shoulder,3,15,5,3,9,-0.0434462332999923,-0.03492385312914116,0.013196648755746812,0.01268937988015154,0.0007716100361175969,0.0006022447007768966,1.0675091222007702e-05,0.012481304517320824,0.01340472411857753,93.11123755261069,True
P3_dev_run0,31,1.045,0.405,shoulder,4,15,5,3,9,-0.043040746763105896,-0.03459630242865968,0.013179622050297197,0.012675329105694778,0.000761041979539068,0.0006084589500007555,1.0649322198301873e-05,0.012470995493929738,0.013383955662062238,93.17869700719085,True
P3_dev_run0,31,1.045,0.405,shoulder,5,15,5,3,9,-0.04339053948678752,-0.03487886305624377,0.013194309334265592,0.01268744947946181,0.0007701574348823905,0.000603088556714146,1.0671548940309788e-05,0.012479888792285614,0.013401870021441789,93.1205031261974,True
P3_dev_run0,31,1.045,0.405,shoulder,6,15,5,3,9,-0.04472261309286497,-0.03595499568174388,0.013250332422196075,0.012733665688906345,0.0008049940964050151,0.0005837064628579264,1.0756523882934453e-05,0.012513731345859447,0.013470266765242971,92.89891257497845,True
P3_dev_run0,31,1.045,0.405,shoulder,7,15,5,3,9,-0.04733536235389424,-0.03806615358399565,0.013360637257423608,0.012824589406903533,0.0008738917000208511,0.000550013938603332,1.0924727391141236e-05,0.012580013585428233,0.013605213078898908,92.46465683760063,True
P3_dev_run0,31,1.045,0.405,shoulder,8,15,5,3,9,-0.05066230408709729,-0.040755180088275084,0.013501901025369656,0.012940893890727313,0.0009627151730358894,0.0005138479632559473,1.1141870424541831e-05,0.012664273255219094,0.013778521660877873,91.91314980603089,True
P3_dev_run0,31,1.045,0.405,shoulder,9,15,5,3,9,-0.05379297519055423,-0.043286360117943144,0.013635658608886507,0.013050876678920763,0.0010474202301822436,0.0004852169876800483,1.1349262682899784e-05,0.012743463708394397,0.013943071579412873,91.39638734416518,True
P3_dev_run0,31,1.045,0.405,shoulder,10,15,5,3,9,-0.053900762059104136,-0.04337352041193828,0.013640278101168727,0.013054672635931287,0.0010503559804020768,0.0004843099473908854,1.1356456268394023e-05,0.012746188946268085,0.013948761790831928,91.37864089589475,True
P3_dev_run0,31,1.045,0.405,shoulder,11,15,5,3,9,-0.052957105552482224,-0.04261047657889126,0.01359986754554684,0.013021460728081613,0.0010246978691757316,0.000492418855636333,1.1293598197658148e-05,0.012722327462455163,0.013899000811173292,91.53411554755641,True
P3_dev_run0,31,1.045,0.405,shoulder,12,15,5,3,9,-0.05126073505385676,-0.04123895886913173,0.013527406834208892,0.012961876746042893,0.000978822435168019,0.0005080105646922317,1.1181283356633948e-05,0.012679416693326109,0.013809866886925676,91.81418472128934,True
P3_dev_run0,31,1.045,0.405,shoulder,13,15,5,3,9,-0.04887544471575614,-0.03931082852373416,0.01342591747652225,0.01287835477955598,0.0009148567711981065,0.0005324393868007094,1.102483133426809e-05,0.012619034866805379,0.013685237389272851,92.20910465679452,True
P3_dev_run0,31,1.045,0.405,shoulder,14,15,5,3,9,-0.051408510593865336,-0.04135842669137242,0.013533709712231284,0.012967061160786525,0.0009828060575516628,0.0005065972144944086,1.1191032642786506e-05,0.01268315569301543,0.01381761518000238,91.78975914288883,True
P3_dev_run0,31,1.045,0.405,shoulder,15,15,5,3,9,-0.05291579712777454,-0.04257707601605736,0.013598100248437238,0.013020007968601012,0.0010235769529131724,0.0004927826697529923,1.1290852796270752e-05,0.012721282796157493,0.013896825420880757,91.54092687271623,True
P3_dev_run0,31,1.045,0.405,shoulder,16,15,5,3,9,-0.054348981100064635,-0.043735975832720514,0.013659497946745008,0.01307046433647314,0.0010625778300250804,0.00048058945098837877,1.138640800826921e-05,0.01275752080568361,0.013972441477534538,91.3048791522632,True
P3_dev_run0,31,1.045,0.405,shoulder,17,15,5,3,9,-0.056325536866395604,-0.04533451450401331,0.013744450372320959,0.013140230682733265,0.0011167408642302427,0.0004651136254212608,1.1519224620902081e-05,0.012807479993408168,0.014077201061646056,90.98030167589708,True
P3_dev_run0,31,1.045,0.405,shoulder,18,15,5,3,9,-0.05690387781243175,-0.04580230368840604,0.01376936819092617,0.013160683856857694,0.0011326714350817588,0.0004608532508769553,1.1558314223010767e-05,0.012822095001466012,0.014107957046317851,90.88555458008396,True
P3_dev_run0,31,1.045,0.405,shoulder,19,15,5,3,9,-0.05733218973717801,-0.046148758694160325,0.013787839736871726,0.013175842751265198,0.0011444934964923246,0.00045777111491964064,1.158733008285864e-05,0.012832917967805255,0.014130764520331669,90.81545410611689,True
P3_dev_run0,31,1.045,0.405,shoulder,20,15,5,3,9,-0.05687031504311535,-0.04577515585970435,0.013767921388379524,0.01315949641164054,0.0011317459179489304,0.00046109736537330756,1.1556042928970619e-05,0.01282124688262809,0.014106170917391974,90.89105014898368,True
P3_dev_run0,31,1.045,0.405,shoulder,21,15,5,3,9,-0.0551144340863581,-0.044355000263318005,0.01369235906695919,0.01309745768904969,0.001083501641783601,0.00047442119120172697,1.1437700969757432e-05,0.01277687046306993,0.01401294629293895,91.17904397812565,True
P3_dev_run0,31,1.045,0.405,shoulder,22,15,5,3,9,-0.05316374837805993,-0.04277756279447196,0.013608710442384694,0.013028729434821097,0.001030308032489715,0.0004906102419123126,1.1307339658180463e-05,0.012727553166247725,0.013909886710958067,91.50004907100421,True
P3_dev_run0,31,1.045,0.405,shoulder,23,15,5,3,9,-0.05187703489056043,-0.04173721223625069,0.013553704894738262,0.012983506126691243,0.0009954522195053058,0.0005021875848093137,1.1221986703248873e-05,0.012695009015693998,0.013842202005735507,91.712351910728,True
