scenario,t,unit,b,p_ch,p_dis,p_net,q_mvar,s_apparent,s_rated,s_utilization,poly_margin,poly_binding,loss_pcs_mw,soc,soc_frac,load_mw,smp_won_per_kwh,p_slack_base,p_slack_ess,p_slack_ess_qzero,v_lindistflow,mu_penalty_active,recompute_p_shift_mw,recompute_p_shift_frac_s,recompute_coef_delta_max,recompute_jnet_delta_won
summer,0,0,31,0.0,0.18817080930913918,0.18817080930913918,0.09477981255117982,0.21069282461273617,0.21069418956369043,0.9999935216488073,-6.209219976072156e-05,True,0.0005630503825899252,0.2203919188419567,0.5000000000000001,7.034750000000001,130.62,7.185512271970117,6.984578537437987,6.986368027999784,0.9861159301726178,False,0.18817080930887892,0.8930991865439983,0.0967050890335841,0.045923037635573795
summer,1,0,31,0.0,1.6560273873570826e-13,1.6560273873570826e-13,2.794431176215325e-12,2.7993338253379022e-12,0.21069418956369043,1.3286241215929193e-11,0.2106307324101761,False,6.58432771650549e-14,0.022039807360107463,0.05000139632141467,6.447649999999999,122.52,6.573632573047587,6.573632573613347,6.573632573537418,0.9860782879724869,False,2.9916519952667193e-13,1.4199024669175214e-12,1.1173152504120516e-05,-7.933169249956112e-09
summer,2,0,31,6.487386774933777e-07,0.0,-6.487386774933777e-07,1.4635337047137766e-06,1.600872504763914e-06,0.21069418956369043,7.598085680858269e-06,0.2106291315404707,False,2.380334568176343e-08,0.022039191884195692,0.050000000000000065,6.1959,111.95,6.311975827253596,6.3119765016520555,6.311976510351631,0.9874246373424069,False,6.487386769182584e-07,3.079053476802938e-06,3.6377765988031115e-07,-4.878222622297438e-09
summer,3,0,31,0.02720054326792675,0.0,-0.02720054326792675,0.04295435176250333,0.0508423631375178,0.21069418956369043,0.24130880515880926,0.15978836927545764,False,0.0005910454967397767,0.022039191884195366,0.04999999999999932,6.042,107.47,6.152230182343842,6.180523214932513,6.180842288928942,0.9883185264092131,False,0.027200543267599596,0.1290996364158262,0.015551452366529819,-0.004196458703227743
summer,4,0,31,0.18819717023900537,0.0,-0.18819717023900537,0.09473049472018057,0.2106941895636881,0.21069418956369043,0.9999999999999889,-6.345715071265356e-05,True,0.0005624254831170688,0.04784373182409365,0.10854239138051712,5.94985,104.36,6.056656131750002,6.253469218557081,6.254866900799802,0.9873395624907549,False,0.18819717023901994,0.8932243011956915,0.11410568036632109,-0.0202783994588885
summer,5,0,31,0.18819717023901467,0.0,-0.18819717023901467,0.0947304947201608,0.2106941895636875,0.21069418956369043,0.999999999999986,-6.345715071204294e-05,True,0.000562425483116821,0.2263850511633419,0.5135965337406109,5.9432,104.35,6.04976122818321,6.246565186526296,6.247960308060785,0.9873751044594039,False,0.18819717023903576,0.8932243011957666,0.11421554673402437,-0.020289597577325715
summer,6,0,31,0.01458265928371401,0.0,-0.01458265928371401,0.025741993658208947,0.02958554020605607,0.21069418956369043,0.1404193455326052,0.1810451922069194,False,0.0003750720230585518,0.4049213846232397,0.9186393647073997,6.040100000000001,107.59,6.150259008515443,6.165421116110823,6.165595697316102,0.9883207880375183,False,0.014582659284004942,0.06921244156852636,0.008361565246904797,0.01621035231535087
summer,7,0,31,1.232603488956028e-05,0.0,-1.232603488956028e-05,3.73114401367218e-05,3.9294715944702185e-05,0.21069418956369043,0.0001865011846129902,0.21059143769703073,False,6.742170263785482e-07,0.41874464579971793,0.9500000000000007,6.35075,114.98,6.4728686591927795,6.472881482057467,6.4728816559431355,0.9865969206260087,False,1.2326034889417895e-05,5.850201619201215e-05,6.783638904270689e-06,3.982724396313899e-09
summer,8,0,31,1.2326034889532525e-05,0.0,-1.2326034889532525e-05,0.03030682618414994,0.030306828690699603,0.21069418956369043,0.14384273602162245,0.18032390372227586,False,0.0007573625663952525,0.418744645799718,0.9500000000000008,6.84285,127.23,6.985253043091473,6.985298784016101,6.985266097190194,0.9842458187264994,False,1.2326034889207285e-05,5.850201619101255e-05,6.367335631008595e-06,7.417410470752237e-06
summer,9,0,31,1.2326034886819892e-05,0.0,-1.2326034886819892e-05,0.13289969589501774,0.1328996964666185,0.21069418956369043,0.6307705814850886,0.07773103594635694,False,0.003322184260793295,0.41874464579971793,0.9500000000000007,7.47935,134.5,7.650457756139371,7.650453124186107,7.6504708857329,0.9817944319983252,False,1.232603488481187e-05,5.850201617015096e-05,5.910434050606965e-06,8.4896380901818e-06
summer,10,0,31,7.956205566111329e-17,0.0,-7.956205566111329e-17,0.19022246862221964,0.19022246862221964,0.21069418956369043,0.902836803502441,0.020408263790755804,False,0.0047555617155554935,0.41874464579971543,0.9499999999999951,7.8355999999999995,138.16,8.024006123412613,8.023848242689303,8.024006123412674,0.9804189322704454,False,1.827901112138813e-16,8.675612345665847e-16,2.4619212578090694e-09,-2.941774060460922e-08
summer,11,0,31,0.0,4.560505761181056e-16,4.560505761181056e-16,0.20824542194238072,0.20824542194238072,0.21069418956369043,0.9883776214883729,0.0023853104705947314,False,0.005206135548559512,0.4187329520904157,0.9499734706486441,7.9477,140.85,8.141734210688744,8.14151508487343,8.141734210688794,0.9799855235749189,False,7.266830935815143e-16,3.4489944648513735e-15,1.6608441501956234e-10,9.326102078099918e-08
summer,12,0,31,0.0,3.0529834205299404e-16,3.0529834205299404e-16,0.20076200164388067,0.20076200164388067,0.21069418956369043,0.952859697078607,0.00986873076909478,False,0.0050190500410970135,0.41872125870766935,0.9499469420381402,7.90115,140.59,8.092836335878602,8.092643641902269,8.092836335878562,0.9801655281278425,False,4.748793764410554e-16,2.2538797933841682e-15,2.9154084635035406e-09,1.3064139078693138e-07
summer,13,0,31,2.0977954286841506e-16,0.0,-2.0977954286841506e-16,0.1712747832960427,0.1712747832960427,0.21069418956369043,0.8129070082602743,0.03935594911693274,False,0.0042818695824010655,0.41870956565146833,0.949920414168465,7.7178,137.7,7.900387440847766,7.90028507836843,7.900387440847695,0.9808740939542456,False,4.0026211210159126e-16,1.899730186819398e-15,2.634324593568993e-09,6.759022170080287e-08
summer,14,0,31,0.0,5.009326761974363e-15,5.009326761974363e-15,0.21063073241291094,0.21063073241291094,0.21069418956369043,0.999698818695898,6.45039577307216e-14,True,0.0052657683103226535,0.41869787292180416,0.9498938870395992,8.0161,142.31,8.213611994824772,8.213337589442546,8.213611994824735,0.9796396555831826,False,8.335179999817141e-15,3.95605593921588e-14,2.0599110108539423e-09,-6.898123001627954e-09
summer,15,0,31,0.0,0.11272088994057033,0.11272088994057033,0.17800573723030458,0.2106941895636859,0.21069418956369043,0.9999999999999786,-6.345715071046087e-05,True,0.0024493324905778915,0.4186861805186609,0.9498673606515069,8.16905,145.06,8.374458917452944,8.251258264052478,8.253806252910957,0.9798886491594879,False,0.11272088994053057,0.5349976198866953,0.055077678044022214,0.023254689494978664
summer,16,0,31,0.0,0.1213194402349314,0.1213194402349314,0.1722603696065401,0.21069418956368705,0.21069418956369043,0.9999999999999839,-6.345715071159885e-05,True,0.002234368733218893,0.29985832955032543,0.6802843115254019,8.252650000000001,145.39,8.462445671960106,8.329819581491144,8.332503808169484,0.9794894268064103,False,0.12131944023493046,0.5758081914179081,0.0585639971598707,0.02702738562369177
summer,17,0,31,0.0,0.04750746716138789,0.04750746716138789,0.20523808778295144,0.21066473865574378,0.21069418956369043,0.9998602196481657,-3.40062427683363e-05,True,0.0040789317873589,0.17197028865640931,0.39014653885682954,8.3999,143.23,8.617543845835959,8.564808366943703,8.566540396528138,0.9781021316789977,False,0.047507467161422706,0.22548067063359498,0.020321168919246485,0.007953700181293575
summer,18,0,31,0.0,2.18116708482426e-15,2.18116708482426e-15,0.21063073241296787,0.21063073241296787,0.21069418956369043,0.9996988186961683,7.577272143066693e-15,True,0.005265768310324146,0.12188910052685843,0.27652806229765914,8.38565,141.5,8.602527556482379,8.601929345450866,8.602527556481082,0.9776469507765537,False,3.609557398430178e-15,1.7131736788304028e-14,9.287038786519915e-07,7.884814514757393e-05
summer,19,0,31,0.0,4.234351460033886e-16,4.234351460033886e-16,0.21063073241296676,0.21063073241296676,0.21069418956369043,0.999698818696163,8.68749516769185e-15,True,0.005265768310324164,0.12188569669656761,0.2765203400764708,8.337200000000001,140.33,8.551483062848575,8.55092756475338,8.55148306284857,0.9779084364181733,False,6.724438622465574e-16,3.1915633916581516e-15,1.0910125078673761e-09,-5.814415008492668e-10
summer,20,0,31,0.0,2.5742930986901906e-16,2.5742930986901906e-16,0.21063073241296495,0.21063073241296495,0.21069418956369043,0.9996988186961544,1.049160758270773e-14,True,0.005265768310324122,0.12188229296133303,0.27651261807093525,8.27735,140.02,8.488451308767335,8.487948464742756,8.488451308767335,0.9782313515927076,False,3.9506135479423353e-16,1.8750462725732215e-15,3.4949777860559136e-09,-9.76344685654773e-09
summer,21,0,31,1.7770186673112148e-16,0.0,-1.7770186673112148e-16,0.21063073241293667,0.21063073241293667,0.21069418956369043,0.9996988186960202,3.877453913503359e-14,True,0.005265768310323418,0.12187888932114994,0.2765048962810417,8.0541,137.43,8.253558437481066,8.253250945545068,8.253558437481065,0.979434937215374,False,3.4649371068060627e-16,1.644533773798566e-15,4.298649863652577e-09,-3.564721564805473e-09
summer,22,0,31,1.0105524404382294e-14,0.0,-1.0105524404382294e-14,0.1654661815369613,0.1654661815369613,0.21069418956369043,0.7853381333372877,0.04516455087601415,False,0.004136654538423784,0.12187548577601648,0.2764971747067858,7.6817,135.17,7.862523853537317,7.862436700674239,7.8625238535372795,0.9810135173510771,False,1.6935551309165208e-14,8.037977385250002e-14,3.770291107568444e-09,7.589896036316879e-08
summer,23,0,31,0.10385078514921646,0.0,-0.10385078514921646,0.18332227344156388,0.21069418956367125,0.21069418956369043,0.999999999999909,-6.345715069580593e-05,True,0.002671085110361372,0.12187208232593874,0.2764894533481815,7.3454,133.37,7.5102334521833525,7.619017966855519,7.6208701127259,0.981720114028469,False,0.10385078514920894,0.4928981922295301,0.055283659620758645,-0.023735770504908115
winter,0,0,31,0.0,0.1881708093094584,0.1881708093094584,0.09477981255058297,0.2106928246127528,0.21069418956369043,0.9999935216488862,-6.209219977734715e-05,True,0.0005630503825823604,0.2203919188419567,0.5000000000000001,7.35015,151.61,7.515203801605535,7.313577700796596,7.315492147886068,0.984426656358846,False,0.18817080930946167,0.8930991865467642,0.09320232449666241,0.05461361321115825
winter,1,0,31,0.0,1.6535691048891898e-16,1.6535691048891898e-16,0.03245192567563116,0.03245192567563116,0.21069418956369043,0.15402382829271766,0.1781788067373443,False,0.0008112981418907756,0.022039807359771124,0.05000139632065163,6.85615,143.16,6.999124229734558,6.999158763676465,6.999124230008376,0.9841948213528902,False,2.1510664432924074e-16,1.0209424606093206e-15,8.673295989576515e-06,0.0010245195023968895
winter,2,0,31,6.487386667969541e-07,0.0,-6.487386667969541e-07,5.259832536211766e-06,5.299688685837065e-06,0.21069418956369043,2.515346387487838e-05,0.2106254327242896,False,1.1627375047600286e-07,0.02203919188419927,0.05000000000000818,6.6129500000000005,132.98,6.745671121904709,6.745671799930703,6.745671807546298,0.9851933145588193,False,6.487386797506715e-07,3.0790534902461807e-06,3.446093413169343e-07,-4.195915104426195e-09
winter,3,0,31,0.1452821862446927,0.0,-0.1452821862446927,0.1525946521863109,0.21069418956368677,0.21069418956369043,0.9999999999999826,-6.34571507113213e-05,True,0.0016353000829748535,0.022039191884192608,0.049999999999993064,6.4733,129.41,6.600316034072806,6.752273333288455,6.753958930889304,0.9856041821213433,False,0.14528218624466124,0.6895405447369687,0.08497104828138298,-0.022984016207374825
winter,4,0,31,0.1661000116642764,0.0,-0.1661000116642764,0.12962572137128597,0.21069418956368735,0.21069418956369043,0.9999999999999853,-6.345715071190416e-05,True,0.0011148544474852747,0.15986778651614844,0.36268976502443784,6.4163,128.4,6.541025518881866,6.714908784907319,6.716641954609713,0.9854402527356362,False,0.16610001166422306,0.7883464276266287,0.096246573668505,-0.022980637289286843
winter,5,0,31,0.10678940382297901,0.0,-0.10678940382297901,0.15162930307773004,0.18546002890301025,0.21069418956369043,0.8802332389282516,0.025170703509965198,False,0.0019667656270007826,0.31744240317291295,0.7201770483257859,6.46855,130.18,6.595374315518021,6.706940651177034,6.708248198974495,0.986089182044971,False,0.10678940382304161,0.5068455093336136,0.06358396487486301,0.024008450446131965
winter,6,0,31,1.2326034870088559e-05,0.0,-1.2326034870088559e-05,0.0005021067982817518,0.0005022580691401288,0.21069418956369043,0.0023838249653690712,0.21012847434383533,False,1.2248300856751017e-05,0.4187446457997231,0.9500000000000124,6.65285,132.99,6.787225546541536,6.787238988544485,6.787238578393064,0.98498409535103,False,1.2326034932723959e-05,5.8502016397552055e-05,6.5203543273354355e-06,-6.57372244101812e-08
winter,7,0,31,1.2326034896180516e-05,0.0,-1.2326034896180516e-05,0.06263921542985902,0.06263921664260677,0.21069418956369043,0.29729921253320396,0.14799151577036868,False,0.0015656722651927663,0.4187446457997116,0.9499999999999864,7.0432999999999995,140.92,7.194440614754511,7.194497761240488,7.1944536924681355,0.9834746930779773,False,1.2326034875882235e-05,5.8502016127769e-05,6.2127375587385915e-06,8.415451403596258e-06
winter,8,0,31,1.2326034889618501e-05,0.0,-1.2326034889618501e-05,0.1608819987783955,0.16088199925057742,0.21069418956369043,0.7635806169298496,0.04974873316239803,False,0.004021741830392198,0.41874464579971776,0.9500000000000004,7.6532,155.88,7.832638016759644,7.832575100429252,7.832651167234376,0.9811234383388941,False,1.2326034889724641e-05,5.850201619346803e-05,5.797433234586316e-06,1.0205088150153085e-05
winter,9,0,31,0.0,0.08337807853752645,0.08337807853752645,0.19344873097082538,0.21065211960678842,0.21069418956369043,0.9998003269241116,-2.1387193812977268e-05,True,0.0031818510267315526,0.4187446457997177,0.9500000000000002,8.3695,171.35,8.58551085358381,8.493722336040147,8.496065136354087,0.9785946824519138,False,0.08337807853756242,0.3957303175290374,0.03508722803513313,-0.5058569425354612
winter,10,0,31,0.0,0.1802313209930768,0.1802313209930768,0.10900772775880799,0.21063241388268777,0.21069418956369043,0.9997067993135901,-1.6814697123279654e-06,True,0.0007600273222402753,0.3308462876680223,0.7505862497283139,8.41985,177.93,8.638569098829022,8.442818082510875,8.445380061912838,0.9787127818863022,False,0.18023132099307454,0.8554166651026354,0.08081930757491224,0.24976134108705633
winter,11,0,31,0.0,0.1127208899406778,0.1127208899406778,0.17800573723023821,0.21069418956368732,0.21069418956369043,0.9999999999999852,-6.345715071187641e-05,True,0.00244933249057524,0.14085989985346975,0.3195668439061066,8.2289,172.76,8.437444362477024,8.31413160564042,8.316724939784176,0.9795662803151957,False,0.11272088994064673,0.5349976198872466,0.05475077330973251,0.028163146545971338
winter,12,0,31,0.0,3.5153934297564206e-16,3.5153934297564206e-16,0.20656475519275183,0.20656475519275183,0.21069418956369043,0.9804008151364311,0.0040659772202236155,False,0.005164118879818791,0.02203980735977317,0.05000139632065627,7.937250000000001,168.65,8.130755801676802,8.130542732047982,8.130755801718683,0.980025928886442,False,2.298128168836788e-16,1.0907411227598617e-15,4.234007766243632e-06,0.004095775449524828
winter,13,0,31,5.190416723811331e-06,0.0,-5.190416723811331e-06,0.13687511779463807,0.13687511789305049,0.21069418956369043,0.6496387877449022,0.07375561451992496,False,0.00342174818690817,0.022039191884201073,0.05000000000001227,7.50405,160.75,7.676328396778449,7.676309250557797,7.676333926814475,0.9816992128173107,False,5.19041673009236e-06,2.463483563946768e-05,2.4829026599348266e-06,4.362281342900308e-06
winter,14,0,31,7.608450887480521e-17,0.0,-7.608450887480521e-17,0.17769371089425157,0.17769371089425157,0.21069418956369043,0.8433726210590957,0.03293702151872388,False,0.004442342772356291,0.0220435005741629,0.050009775063418554,7.7577,164.01,7.942247335459139,7.942127179354657,7.942247335459055,0.9807199609176757,False,7.604603773790721e-17,3.6093087282276177e-16,8.171528601570813e-10,-7.296864969023875e-08
winter,15,0,31,1.1273468488370366e-17,0.0,-1.1273468488370366e-17,0.19923483051563473,0.19923483051563473,0.21069418956369043,0.9456114140034618,0.011395901897340716,False,0.004980870762890873,0.02204288499545602,0.05000837850879415,7.89165,165.6,8.082859061280748,8.08267158722444,8.082859061280772,0.9802022602321644,False,9.998686558740012e-17,4.745591978329106e-16,4.6728486313021344e-09,-1.4111660590065966e-07
winter,16,0,31,0.0,1.936219853217861e-16,1.936219853217861e-16,0.21063073241295993,0.21063073241295993,0.21069418956369043,0.9996988186961306,1.5515366769136563e-14,True,0.005265768310323998,0.02204226943393946,0.050006981993169185,8.03225,167.93,8.23058798040219,8.230299519063053,8.230587980402214,0.9795526555045881,False,2.2069098150104607e-16,1.047446927502164e-15,2.226294945386125e-09,-3.5605768706689633e-08
winter,17,0,31,0.0,6.721980759468316e-16,6.721980759468316e-16,0.21063073241297173,0.21063073241297173,0.21069418956369043,0.9996988186961866,3.7192471324942744e-15,True,0.0052657683103242816,0.022041653889612555,0.05000558551654214,8.2403,168.53,8.44944448826395,8.448974179425752,8.44944448826392,0.9784311980553987,False,4.526269941136241e-16,2.1482651944552093e-15,5.335261738751471e-10,9.513164908603322e-09
winter,18,0,31,0.0,2.5529403081708264e-17,2.5529403081708264e-17,0.21063073241297162,0.21063073241297162,0.21069418956369043,0.999698818696186,3.83026943495679e-15,True,0.005265768310324295,0.02204103836247461,0.050004189078911444,8.2365,166.68,8.445444339434182,8.444977365024613,8.445444339434161,0.9784516928205644,False,1.4831961670164496e-16,7.039568438445696e-16,2.3251347161795288e-09,1.1780292991092622e-08
winter,19,0,31,5.816601718080966e-17,0.0,-5.816601718080966e-17,0.21063073241296873,0.21063073241296873,0.21069418956369043,0.9996988186961724,6.716849298982197e-15,True,0.005265768310324222,0.02204042285252638,0.0500027926802788,8.1244,164.82,8.327486405627468,8.327117577499275,8.327486405627445,0.979056095387254,False,9.215976029377616e-17,4.374100704182795e-16,1.693095968377481e-09,-8.864431532557004e-09
winter,20,0,31,2.8108086430668525e-16,0.0,-2.8108086430668525e-16,0.20748141722930763,0.20748141722930763,0.21069418956369043,0.9847514905796126,0.003149315183667817,False,0.005187035430732689,0.02203980735976686,0.050001396320641954,7.94295,162.31,8.136743928939524,8.136527564695877,8.136743928939557,0.9800038892158832,False,5.15357416573258e-17,2.445997289438641e-16,1.8618646948079082e-10,-4.647168620405817e-08
winter,21,0,31,6.487386781712966e-07,0.0,-6.487386781712966e-07,0.16745369082794767,0.16745369082920433,0.21069418956369043,0.7947712804798777,0.043177041583771114,False,0.004186326052263158,0.022039191884195695,0.05000000000000007,7.69405,158.05,7.875476154986827,7.8753845692142574,7.875476847376147,0.98096581752366,False,6.487386782283311e-07,3.079053483020826e-06,3.040088078655204e-07,5.069535006629183e-07
winter,22,0,31,0.06379934437304534,0.0,-0.06379934437304534,0.18414477252660275,0.19488369247144488,0.21069418956369043,0.924959975759245,0.015747039941530566,False,0.003277108702459991,0.022039191884195636,0.04999999999999994,7.4366,152.64,7.605691721801845,7.672391978446771,7.67368067853981,0.9817272914213039,False,0.0637993443728492,0.30280542859281556,0.028998006188291053,-0.8136220863760074
winter,23,0,31,0.14528218624404834,0.0,-0.14528218624404834,0.1525946521868855,0.21069418956365862,0.21069418956369043,0.999999999999849,-6.345715068317714e-05,True,0.0016353000829902585,0.08256501443251968,0.1873140695592545,7.35205,150.5,7.517191992503694,7.669819950630417,7.672061047830023,0.9808879267152484,False,0.14528218624424477,0.689540544734992,0.07630359042366475,-0.02579954743134891
shoulder,0,0,31,0.0,0.18817080930946076,0.18817080930946076,0.09477981255057848,0.21069282461275288,0.21069418956369043,0.9999935216488866,-6.209219977743041e-05,True,0.0005630503825823035,0.22039191884195664,0.5,6.51415,142.46,6.6428211382204125,6.443015149233596,6.444601529837824,0.9888979370577295,False,0.18817080930946095,0.8930991865467608,0.103247833770192,0.04812884076296875
shoulder,1,0,31,0.0,6.161070963178451e-16,6.161070963178451e-16,2.567663120315368e-13,2.5676705120055935e-13,0.21069418956369043,1.2186717238490415e-12,0.21063073241271868,False,6.4037736026060435e-15,0.02203980735976863,0.050001396320645965,6.0021,133.73,6.11084061686081,6.110840617152528,6.1108406171185266,0.988459812812444,False,5.02922344115847e-16,2.3869777574659666e-15,7.739037173775127e-06,7.187425978049087e-10
shoulder,2,0,31,6.487386780915e-07,0.0,-6.487386780915e-07,1.0244719622746464e-06,1.2126024385340693e-06,0.21069418956369043,5.755272326423191e-06,0.2106295198105369,False,1.4096594011064244e-08,0.02203919188419577,0.05000000000000024,5.789300000000001,122.25,5.890276214014047,5.8902768875323535,5.8902768946629855,0.9895952368644271,False,6.487386781272656e-07,3.079053482541147e-06,3.867146478502612e-07,3.5225852915156545e-09
shoulder,3,0,31,0.12339974770071671,0.0,-0.12339974770071671,0.12961080822766843,0.17895937902783968,0.21069418956369043,0.8493797546027833,0.03167135338513577,False,0.0013889907831780754,0.0220391918841956,0.04999999999999985,5.6753,116.75,5.77224095934433,5.900731633928123,5.901784172366325,0.9899181057377623,False,0.12339974770073286,0.5856817786777672,0.08226241655716449,0.13951665544899663
shoulder,4,0,31,0.1881971702389907,0.0,-0.1881971702389907,0.09473049472021265,0.21069418956368943,0.21069418956369043,0.9999999999999952,-6.345715071398583e-05,True,0.0005624254831174685,0.13910791706948133,0.315592145575074,5.62685,114.38,5.722102135006586,5.918473843267037,5.919747869191726,0.9890644111282094,False,0.18819717023899007,0.8932243011955497,0.11977082697293634,-0.0225496696507947
shoulder,5,0,31,0.106574078724542,0.0,-0.106574078724542,0.1119382554421422,0.1545581032732194,0.21069418956369043,0.733566044670151,0.05607262913975605,False,0.0011996006137169359,0.3176466877985722,0.7206405059396871,5.66865,116.86,5.765358237089774,5.87627742972614,5.877207570289661,0.989992398919432,False,0.10657407872452654,0.5058235300423908,0.07117211465984452,-0.03782323675595824
shoulder,6,0,31,1.2326034889780618e-05,0.0,-1.2326034889780618e-05,2.175849447253944e-05,2.5007263301201483e-05,0.21069418956369043,0.00011868985733772252,0.21060572514967424,False,3.170307102855219e-07,0.41874464579971754,0.9499999999999998,5.827299999999999,124.3,5.929640531145821,5.929653331560102,5.92965346780174,0.9893926306535265,False,1.2326034889796739e-05,5.8502016193810226e-05,7.302277168135237e-06,3.611705032671604e-09
shoulder,7,0,31,1.2326034889845138e-05,0.0,-1.2326034889845138e-05,2.780708914781046e-05,3.0416530751878294e-05,0.21069418956369043,0.00014436340563005288,0.21060031588222358,False,4.5226239655082924e-07,0.41874464579971754,0.9499999999999998,6.13605,132.21,6.24983359108182,6.249846404415465,6.249846563061008,0.9877445463078809,False,1.2326034889790384e-05,5.8502016193780065e-05,6.984855910183173e-06,4.041516395511515e-09
shoulder,8,0,31,1.2326034889463477e-05,0.0,-1.2326034889463477e-05,5.489032603512742e-05,5.6257257561481413e-05,0.21069418956369043,0.0002670090602782166,0.21057447515541397,False,1.0982805668004493e-06,0.4187446457997176,0.95,6.5245999999999995,143.59,6.653696362515698,6.653709197736927,6.653709379419064,0.9856667622267787,False,1.2326034889476614e-05,5.8502016192290845e-05,6.629570312700871e-06,5.011487873547842e-09
shoulder,9,0,31,0.0,6.23162031007904e-16,6.23162031007904e-16,0.03720357768025838,0.03720357768025838,0.21069418956369043,0.17657619205019492,0.17342715473271708,False,0.0009300894420064447,0.41874464579971726,0.9499999999999992,6.8856,153.46,7.0298433224252594,7.029880839476918,7.029843322425356,0.9840815731281504,False,5.437846951356967e-16,2.5809192757606484e-15,2.3633373058646673e-09,-4.572020085224712e-08
shoulder,10,0,31,0.0,0.11770971917010463,0.11770971917010463,0.17467230811090012,0.21063236505317534,0.21069418956369043,0.9997065675582079,-1.6326401998945084e-06,True,0.00232306614707677,0.41873295209041667,0.9499734706486463,6.89795,156.95,7.042727295642623,6.916522545360951,6.918192913669249,0.9867397081004003,False,0.11770971917007447,0.5586756778334989,0.06603126259244811,0.38310448953992216
shoulder,11,0,31,0.0,0.032268902966433644,0.032268902966433644,0.08365398529484487,0.08966198388596604,0.21069418956369043,0.4255550856511031,0.12096874852700941,False,0.0014348270229883112,0.2946465046546461,0.668460318787681,6.78965,155.97,6.929780430668722,6.8951099520440735,6.895636109505066,0.9854254180144535,False,0.03226890296641579,0.15315516309794233,0.016635398933514175,-0.4402468646809449
shoulder,12,0,31,0.0,5.889171774594482e-14,5.889171774594482e-14,2.512811681267011e-12,2.513501696822783e-12,0.21069418956369043,1.1929620375520514e-11,0.21063073241046196,False,6.1365249476921e-14,0.26062446496830377,0.5912750030440044,6.59395,152.39,6.725887116421448,6.725887116425883,6.725887116426519,0.9852950393569642,False,4.190273511955221e-14,1.9887940529506387e-13,1.2581218837639036e-06,8.626421086153085e-09
shoulder,13,0,31,4.0521326558728004e-13,0.0,-4.0521326558728004e-13,1.7632521869610276e-12,1.8092142121459123e-12,0.21069418956369043,8.586920293779662e-12,0.21063073241116623,False,3.510002366396584e-14,0.2606171868650231,0.5912584913149925,6.31655,145.46,6.437320106715954,6.437320106716379,6.437320106716431,0.9867796319435814,False,3.7091518649007926e-13,1.760443357541931e-12,1.3337088761194196e-10,1.120070602532196e-09
shoulder,14,0,31,2.5460907057134555e-14,0.0,-2.5460907057134555e-14,3.5468983278332224e-12,3.5469897104128002e-12,0.21069418956369043,1.6834777066030985e-11,0.21063073240942845,False,8.803822008389172e-14,0.2606099089656094,0.5912419800484907,6.61105,149.8,6.7436926105952395,6.74369261059525,6.743692610595239,0.9852034501728985,False,1.811150330097444e-14,8.596109526551297e-14,2.9499902258137176e-09,1.247343855320817e-08
shoulder,15,0,31,0.0,1.9465731265348155e-16,1.9465731265348155e-16,0.020955127497111318,0.020955127497111318,0.21069418956369043,0.09945754811988693,0.18967560491586413,False,0.0005238781874277786,0.2606026312689846,0.5912254692420531,6.7848999999999995,152.34,6.924828462268203,6.924853580419041,6.924828462268212,0.9844687469705244,False,1.731359443907142e-16,8.217404796461042e-16,3.2930636798252745e-11,-1.4686549424519635e-08
shoulder,16,0,31,0.0,0.0011816782120414098,0.0011816782120414098,0.048136233748605796,0.04815073585000783,0.21069418956369043,0.22853376236772022,0.16247999656296763,False,0.0011742264409491615,0.2605953537755443,0.5912089588965774,6.94925,154.47,7.0962565625609795,7.095016151445511,7.0950039054419385,0.9838574157651205,False,0.0011816782120414576,0.005608499287467298,0.0006054107354018884,-0.01453848365251248
shoulder,17,0,31,0.0,0.016359214863112224,0.016359214863112224,0.09428047834855187,0.09568924970219607,0.21069418956369043,0.454161787282085,0.11494148271077938,False,0.001983250870977098,0.25934250021038674,0.5883666278988242,7.1743999999999994,154.67,7.331405118469767,7.3136914553108925,7.3140313750194075,0.9832686546658648,False,0.01635921486311258,0.0776443569563525,0.008139470214381432,-0.14797310976001396
shoulder,18,0,31,0.0,0.0071211500167917925,0.0071211500167917925,0.09653907540291944,0.09680136288922908,0.21069418956369043,0.4594401159789323,0.11382936952374637,False,0.0022420053218109343,0.2420914349248105,0.5492293823586486,7.23995,154.25,7.39993198662635,7.392216779598433,7.392363805551565,0.9828252415320304,False,0.007121150016792307,0.03379851163213813,0.0035234820612859074,-0.04856717343580078
shoulder,19,0,31,0.0,0.027870357062436256,0.027870357062436256,0.12411233606568393,0.12720310045934005,0.21069418956369043,0.6037333099823715,0.0834276319536354,False,0.002483318584922597,0.23457845531396979,0.532184792769526,7.2884,154.81,7.450601442079562,7.42038545020348,7.420976519344952,0.9830779975619781,False,0.027870357062430868,0.1322787169411047,0.013569258841975839,-0.10718855574064468
shoulder,20,0,31,0.0,8.56649724243831e-15,8.56649724243831e-15,0.0937250383071042,0.0937250383071042,0.21069418956369043,0.4448392169769456,0.11690569410587125,False,0.002343125957677393,0.20519448592352038,0.4655218008938559,7.23615,153.91,7.395958600907522,7.395990405587094,7.395958600907523,0.9827321890495045,False,7.456047398657503e-15,3.5388006731925684e-14,6.832110359344583e-07,0.0002585915117823707
shoulder,21,0,31,0.0,2.7369346820714958e-17,2.7369346820714958e-17,0.06156621149375345,0.06156621149375345,0.21069418956369043,0.2922064990080929,0.149064520919222,False,0.001539155287343837,0.20518875573760356,0.46550880090286956,7.03665,150.45,7.187496304589105,7.18754072022115,7.187496304589019,0.983500432126528,False,2.755112482139892e-17,1.3076357197344794e-16,1.7052833391522961e-09,2.73725743568827e-08
shoulder,22,0,31,3.790367689999201e-16,0.0,-3.790367689999201e-16,0.025554211327560264,0.025554211327560264,0.21069418956369043,0.1212857904647414,0.18507652108541517,False,0.0006388552831889977,0.20518302571171476,0.4654958012749365,6.8134,147.35,6.954542591975322,6.954571849250893,6.954542591975344,0.9843591892969542,False,3.275987292435083e-16,1.5548541225645853e-15,9.56692600925345e-10,1.66205948851951e-08
shoulder,23,0,31,0.016043377993021673,0.0,-0.016043377993021673,0.04856399832808466,0.05114539970551781,0.21069418956369043,0.24274708197426179,0.15948533270745763,False,0.0008775505428124043,0.20517729584584096,0.4654828020100272,6.6652000000000005,144.91,6.800089832033767,6.81679979261394,6.817057279861581,0.9851739760109047,False,0.016043377993009925,0.07614532715037306,0.0084537562227684,0.05918712134635546
summer_peak,0,0,31,0.0,0.18332226893965553,0.18332226893965553,0.10385079205847227,0.2106941890521792,0.21069418956369043,0.9999999975722575,-6.345663920376277e-05,True,0.0006842980028130926,0.22039191884195683,0.5000000000000004,7.686450000000001,132.98,7.867505373339356,7.6701699256842835,7.672331859633346,0.9826484218752687,False,0.1833222414047655,0.8700868390551857,0.0880579438829445,0.04542290898743407
summer_peak,1,0,31,0.0,0.004848404792898713,0.004848404792898713,0.04709368376854448,0.04734260322296898,0.21069418956369043,0.2246981908756333,0.16328812919000646,False,0.0010623549607517576,0.027150527674640414,0.0615960145392402,6.9198,127.95,7.0655245831633025,7.060311930580296,7.060386563528046,0.9840503252820578,False,0.004848431685980479,0.023011700968217037,0.0024924413600705226,0.41625156302849486
summer_peak,2,0,31,6.487583815215053e-07,0.0,-6.487583815215053e-07,7.993361139113617e-06,8.01964523765772e-06,0.21069418956369043,3.8062963455541675e-05,0.21062271276773778,False,1.842721714034055e-07,0.02203919205771232,0.050000000393654764,6.622450000000001,117.96,6.755564047530454,6.755564772245992,6.755564733255966,0.9851427022402871,False,6.503778075055536e-07,3.0868331435829745e-06,3.790315053620778e-07,3.6209694127500813
summer_peak,3,0,31,8.633345059136884e-07,0.0,-8.633345059136884e-07,3.8014948397380558e-06,3.898295715521887e-06,0.21069418956369043,1.850215102559094e-05,0.21062683411725994,False,7.587403024020503e-08,0.022039192073305586,0.05000000042903098,6.43625,113.83,6.561774691450622,6.561777196187743,6.561775602455656,0.9861393885091625,False,2.399414821092201e-06,1.138813949288756e-05,1.303431266134141e-06,0.5817210901669271
summer_peak,4,0,31,0.18819716098218575,0.0,-0.18819716098218575,0.0947305110360519,0.21069418863107328,0.21069418956369043,0.9999999955735982,-6.345621809783486e-05,True,0.0005624256912221887,0.0220393956538049,0.05000046228920349,6.3232,109.52,6.444231705644267,6.641560000389752,6.643102512112225,0.9853420802775085,False,0.18819710316174118,0.8932239828324804,0.10829081852002767,-0.013439997780330531
summer_peak,5,0,31,0.1926186669444894,0.0,-0.1926186669444894,0.08538202464157116,0.21069418830942158,0.21069418956369043,0.9999999940469699,-6.345589644612959e-05,True,0.0004518880341233049,0.2005814268068061,0.4550562195309968,6.3118,108.99,6.432383433475228,6.634462062514602,6.635917400868054,0.9852615040176023,False,0.19261856192688936,0.9142091783630464,0.09957636667203859,0.025923771428841263
summer_peak,6,0,31,0.037358696366357816,0.0,-0.037358696366357816,0.07421892456604692,0.08309104017843488,0.21069418956369043,0.39436797165836135,0.12753969223454056,False,0.0011433085953019278,0.38331315476705163,0.8696170821080016,6.42485,112.96,6.549917690871033,6.588845786906538,6.589354174559903,0.9864418115128206,False,0.03735732078162089,0.1773058899202733,0.020084935218098766,0.02969272388618896
summer_peak,7,0,31,1.2326082031582248e-05,0.0,-1.2326082031582248e-05,0.020804025035305845,0.020804028686817622,0.21069418956369043,0.09874040062471112,0.1898267037261578,False,0.0005197925651196514,0.4187446457403187,0.9499999998652426,6.78395,121.14,6.923838087042967,6.9238757978971535,6.9238511343265055,0.9844723623050475,False,1.232641143823491e-05,5.850380337379346e-05,6.413541904127391e-06,1.0119632451255867
summer_peak,8,0,31,1.2325944244703665e-05,0.0,-1.2325944244703665e-05,0.11729540890122246,0.11729540954885609,0.21069418956369043,0.5567092751430577,0.09333532286411936,False,0.002932077090115287,0.4187446457786674,0.9499999999522436,7.38245,131.19,7.549006382698002,7.549025851620209,7.549019500605369,0.9821681707049644,False,1.2325432462212865e-05,5.8499156942754836e-05,5.9709278212720686e-06,0.12500421909053522
summer_peak,9,0,31,1.2326032805021076e-05,0.0,-1.2326032805021076e-05,0.2106307246545493,0.21063072501520677,0.21069418956369043,0.9996987835848009,7.39776867542119e-09,True,0.005265459974560048,0.41874464568731484,0.9499999997449935,8.16335,135.09,8.368461632824845,8.368071631408034,8.368474845233964,0.9788459817445331,False,1.2326063001894875e-05,5.8502149619882364e-05,0.00016437671218292113,-0.005917169004992723
summer_peak,10,0,31,1.2325702882513596e-05,0.0,-1.2325702882513596e-05,0.21063073030133161,0.21063073066196977,0.21069418956369043,0.9996988103855542,1.7510056737890523e-09,True,0.005265460123977187,0.41874464568041414,0.9499999997293379,8.645,139.1,8.876052584650294,8.875237318237769,8.876065856106113,0.9762458909673059,False,1.2323683621524015e-05,5.8490856568205014e-05,5.234620888069636e-06,-0.001135155999127356
summer_peak,11,0,31,8.305327913375206e-10,0.0,-8.305327913375206e-10,0.21063073079126776,0.21063073079126776,0.21069418956369043,0.9996988109992303,1.6217076848068501e-09,True,0.005265768249018379,0.41874464536089523,0.94999999900445,8.826450000000001,141.38,9.067708702864751,9.066718230636587,9.067708703760614,0.9752647234434489,False,5.600724711088553e-09,2.658224568359783e-08,3.3400938426782693e-09,-0.003426276198742924
summer_peak,12,0,31,1.1268019077535251e-10,0.0,-1.1268019077535251e-10,0.21063073084019693,0.21063073084019693,0.21069418956369043,0.9996988112314587,1.5727785185326582e-09,True,0.005265768268187923,0.41873295243394926,0.9499734714280138,8.83785,143.69,9.079757898049879,9.078757187535436,9.079757898171518,0.9752030369872436,False,7.920210767541937e-10,3.759102604558417e-09,4.948447520599521e-10,-0.0014551516689882433
summer_peak,13,0,31,3.6976543904380505e-05,0.0,-3.6976543904380505e-05,0.21063073048080555,0.2106307337264497,0.21069418956369043,0.9996988249302359,-1.3134742460341187e-09,True,0.005264843929563637,0.41872125914765984,0.9499469430363403,8.69725,140.69,8.931217070959535,8.93038108514569,8.931256904228336,0.9759631101790291,False,3.6973780076229984e-05,0.00017548552313092258,1.562786927517689e-05,0.0005186321262694478
summer_peak,14,0,31,1.232596297087029e-05,0.0,-1.232596297087029e-05,0.21063073118163128,0.21063073154228465,0.21069418956369043,0.9996988145637182,8.706907972388933e-10,True,0.005265460139482849,0.4187446457342297,0.9499999998514286,9.04115,146.9,9.294794126105145,9.293623150228079,9.294807447388656,0.9741021529002679,False,1.2325566960531552e-05,5.849979530074167e-05,5.052060559159943e-06,-0.0008797897841186439
summer_peak,15,0,31,1.2325673297993715e-05,0.0,-1.2325673297993715e-05,0.21063073139788008,0.21063073175851652,0.21069418956369043,0.9996988155900012,6.544589314927407e-10,True,0.005265460152130468,0.41874464566204433,0.9499999996876626,9.2207,150.81,9.484960543533035,9.483626542613882,9.484973887169094,0.9731289753674752,False,1.2323497864919418e-05,5.848997492735397e-05,4.974811307818138e-06,-0.00011180533462293828
summer_peak,16,0,31,1.2339654082544473e-05,0.0,-1.2339654082544473e-05,0.21063073149076325,0.21063073185221823,0.21069418956369043,0.9996988160347297,5.607572184374021e-10,True,0.005265459804953397,0.4187446453153216,0.9499999989010577,9.3252,152.15,9.595748425110873,9.59431903982852,9.595761797149837,0.9725621271789767,False,1.2342999572959809e-05,5.858253423371536e-05,4.939454765251154e-06,-0.0020913857170717226
summer_peak,17,0,31,0.0,0.14540747599658221,0.14540747599658221,0.15246936170319816,0.21068991512143456,0.21069418956369043,0.9999797125764848,-5.918270845911566e-05,True,0.0016320609781213101,0.4187446582321276,0.950000028205231,9.4981,147.89,9.779228957908591,9.618090718258898,9.62170787853509,0.9728652963910213,False,0.14540747797837966,0.6901352062887556,0.06140964560269002,0.0505068615366246
summer_peak,18,0,31,0.0,0.1472167132464758,0.1472167132464758,0.1506601244534225,0.21064480472923097,0.21069418956369043,0.9997656089398491,-1.407231625552563e-05,True,0.0015857022870688804,0.26546273754147515,0.6022515229604196,9.5,146.66,9.781246455053857,9.618158346503938,9.621766440897343,0.9728601064641877,False,0.1472167152282886,0.6987222359247202,0.062058081090603914,0.05165336199050283
summer_peak,19,0,31,0.0,0.0837093174349764,0.0837093174349764,0.19331152731692258,0.21065753349697927,0.21069418956369043,0.9998260224129243,-2.6801084003824638e-05,True,0.0031737054015500746,0.1102780210289933,0.2501861719986063,9.43255,146.01,9.709641641591766,9.61569826259882,9.618939349611026,0.972848062223149,False,0.08370931937457954,0.39730245787948115,0.03210308512803258,0.002134339214449575
summer_peak,20,0,31,7.97025512320133e-07,0.0,-7.97025512320133e-07,0.21063073109692876,0.21063073109843672,0.21069418956369043,0.9996988124571203,1.3145387278701293e-09,True,0.005265748351823115,0.022039137253404603,0.04999987605990422,9.3423,144.19,9.613885010647836,9.612427776440105,9.613885874491723,0.9724694813512282,False,7.958968190255796e-07,3.777497712080898e-06,1.9516660919640258e-06,-0.0034323105108891895
summer_peak,21,0,31,6.045263483672386e-07,0.0,-6.045263483672386e-07,0.21063073112048158,0.2106307311213491,0.21069418956369043,0.9996988125658675,1.291626333665974e-09,True,0.005265753164875023,0.02203923413249501,0.050000095848113595,9.0307,141.65,9.283733510133604,9.282559641716333,9.28373416341089,0.974158907311342,False,6.063058401657557e-07,2.877658094992109e-06,2.497762423914365e-07,-0.0018095870113063288
summer_peak,22,0,31,0.03602068168213568,0.0,-0.03602068168213568,0.2075922694089051,0.21069418555618752,0.21069418956369043,0.9999999809795281,-6.345314321207218e-05,True,0.0043668375968512994,0.02203919216782094,0.05000000064345662,8.5595,138.64,8.785825969068949,8.822956958418148,8.824598212587906,0.9762365692462667,False,0.03602071157999452,0.17096205478939358,0.015190608906614077,-0.04306625704431834
summer_peak,23,0,31,0.17306007290844375,0.0,-0.17306007290844375,0.12012259928068596,0.21066377878748904,0.21069418956369043,0.9998556639067059,-3.30463745135956e-05,True,0.0009400926469761333,0.05621139741679112,0.1275259948553295,8.1054,133.97,8.307502407437003,8.490755141971098,8.493335741114635,0.976177513603143,False,0.17306004083547236,0.8213802250258937,0.08209624313979547,0.03415014225279603
winter_peak,0,0,31,0.0,0.18817080939762057,0.18817080939762057,0.09477981222634595,0.21069282454563337,0.21069418956369043,0.9999935213303229,-6.209213265792601e-05,True,0.0005630503787003206,0.2203919188419567,0.5000000000000001,7.80805,169.12,7.99508653933486,7.792442692176186,7.794541171043271,0.9819689843277543,False,0.18817080939767256,0.8930991869654321,0.08859314120173252,0.06305631928743366
winter_peak,1,0,31,1.438632081652431e-10,0.0,-1.438632081652431e-10,0.10596954735388156,0.10596954735388156,0.21069418956369043,0.5029542939619044,0.10466118505909389,False,0.002649238680250461,0.022039807263898353,0.05000139610314644,7.312150000000001,154.23,7.475445366637612,7.475465803709906,7.4754453670986845,0.9824393060495743,False,1.4386530477052194e-10,6.828157201128373e-10,9.564679276955431e-06,0.004102328180638193
winter_peak,2,0,31,6.490487864269825e-07,0.0,-6.490487864269825e-07,0.06646813707292026,0.06646813707608919,0.21069418956369043,0.31547209352916983,0.14416259533688625,False,0.0016616872006825706,0.022039191919571835,0.050000000080257415,7.06705,144.06,7.219244214786036,7.2192889834217615,7.2192449035635455,0.9833834117734945,False,6.490489231469873e-07,3.0805259722209246e-06,3.2443769087367975e-07,-4.497758802632281e-05
winter_peak,3,0,31,0.12962571478044904,0.0,-0.12962571478044904,0.16610001311267855,0.21069418665063902,0.21069418956369043,0.9999999861740306,-6.345423766357383e-05,True,0.002026711796754751,0.02203919221124991,0.0500000007419833,6.92075,140.86,7.066515846416437,7.202280217521412,7.204126491359253,0.9835236883747859,False,0.12962571478012583,0.6152315592971844,0.0725036747803398,-0.024725612768410742
winter_peak,4,0,31,0.15259463744016327,0.0,-0.15259463744016327,0.14528219977145,0.2106941882110809,0.21069418956369043,0.9999999935802238,-6.345579810546065e-05,True,0.0014524887692729423,0.14501449236234426,0.3289923086207493,6.84285,140.12,6.985253043451489,7.1452310037336595,7.147181996304496,0.9834655460858716,False,0.15259463743903837,0.7242470129576628,0.08463141760118496,-0.024460883987274633
winter_peak,5,0,31,0.13438391768845223,0.0,-0.13438391768845223,0.16219505895179506,0.21063303274100428,0.21069418956369043,0.9997097365484412,-2.300328028836951e-06,True,0.001906227876313803,0.28977697527762997,0.6574128870065999,6.8742,140.76,7.017951354362332,7.158704041540511,7.1605621435707345,0.9836786433278921,False,0.134383917688098,0.6378150150527776,0.07532029193104474,-0.029800180106485732
winter_peak,6,0,31,0.001578362200944676,0.0,-0.001578362200944676,0.0642948016225781,0.06431417217786482,0.21069418956369043,0.3052489122317414,0.14631656023511064,False,0.001568395249423005,0.4172589057804812,0.9466293228285247,7.0471,143.31,7.19840892923187,7.200088217455389,7.200083636348858,0.9834507645706392,False,0.001578362202679585,0.007491246939215968,0.0007952855376474341,-0.0622501989342914
winter_peak,7,0,31,1.2326054891681456e-05,0.0,-1.2326054891681456e-05,0.1261690952425174,0.12616909584461267,0.21069418956369043,0.5988257013916048,0.08446163656836278,False,0.0031539192447430273,0.41874464577866033,0.9499999999522276,7.437550000000001,152.79,7.606686383842004,7.606692880497141,7.606699508457371,0.9819556707941429,False,1.2326054888321773e-05,5.8502111111117035e-05,5.933700797673844e-06,-9.206830352413882e-06
winter_peak,8,0,31,1.2326038724774767e-05,0.0,-1.2326038724774767e-05,0.2106307231441224,0.2106307235047802,0.21069418956369043,0.9996987764159911,8.908195237022909e-09,True,0.00526545993665139,0.41874464579500936,0.9499999999893185,8.09115,167.44,8.292516093384618,8.292189168201956,8.292529296973747,0.9792351444351655,False,1.2326038720253858e-05,5.850203437398466e-05,5.539855590815619e-06,3.968925675265633e-06
winter_peak,9,0,31,1.2326062098374408e-05,0.0,-1.2326062098374408e-05,0.21063073160210039,0.21063073196275955,0.21069418956369043,0.9996988165593826,4.502158923447297e-10,True,0.005265460147516534,0.4187446457964208,0.9499999999925206,8.96705,182.48,9.216381526114873,9.215277500651569,9.216394838189354,0.9745034985083489,False,1.2326062095860333e-05,5.8502145319647297e-05,5.087704511634336e-06,2.5638089988511137e-06
winter_peak,10,0,31,0.0,0.20864712397584198,0.20864712397584198,0.028909458108034337,0.21064040237212464,0.21069418956369043,0.9997447144049052,-9.66995914919444e-06,True,4.983195990706656e-05,0.4187446458204364,0.9500000000470045,9.23875,195.23,9.504090890106825,9.277830612051945,9.278808859323274,0.973876789533997,False,0.20864712397584753,0.9902841858521015,0.07161653502935916,0.07094942118796778
winter_peak,11,0,31,0.0,0.16769097942617295,0.16769097942617295,0.12748054967278105,0.21064556754364322,0.21069418956369043,0.9997692294213338,-1.4835130667772978e-05,True,0.0010738647029367577,0.19880344437036782,0.4510225361596177,9.197899999999999,189.12,9.460799318135445,9.276502735231789,9.279708811069211,0.9745295279907636,False,0.16769097942617525,0.7958975032649592,0.07106130101799178,0.07184919815576007
winter_peak,12,0,31,6.488670488262467e-07,0.0,-6.488670488262467e-07,0.21063073159472348,0.21063073159572293,0.21069418956369043,0.9996988148173478,8.172525156613375e-10,True,0.005265752068216858,0.022039191863567988,0.049999999953202284,9.0136,184.09,9.265636041990883,9.264477681002065,9.265636743008194,0.9742515343496343,False,6.488670574623718e-07,3.079662798514084e-06,3.277684621525302e-06,0.0003674213600494622
winter_peak,13,0,31,0.12962571772286596,0.0,-0.12962571772286596,0.16610001393003726,0.21069418910526863,0.21069418956369043,0.9999999978242314,-6.345669229318451e-05,True,0.0020267117845600684,0.022039191983801838,0.05000000022597511,8.60225,176.98,8.830932681685855,8.967656979972709,8.97069190560912,0.9744598527216052,False,0.12962571772281042,0.6152315732637993,0.06046817473990612,-0.029586572748517715
winter_peak,14,0,31,0.03291383862673404,0.0,-0.03291383862673404,0.2080531293840363,0.2106405122943762,0.21069418956369043,0.9997452361195845,-9.779881400745483e-06,True,0.004443166841691058,0.1450144949274893,0.3289923144402572,8.8407,180.11,9.082770344382896,9.116468542193205,9.118290552625657,0.9747579762755344,False,0.0329138386268425,0.15621616663943658,0.01349857324837572,0.12492012452660149
winter_peak,15,0,31,2.6546028403312586e-10,0.0,-2.6546028403312586e-10,0.21063073157426165,0.21063073157426165,0.21069418956369043,0.9996988147154879,8.387137928611565e-10,True,0.005265768282720039,0.1762358040094402,0.39982365264449454,8.93855,182.19,9.186233512670473,9.185142212468584,9.186233512957784,0.9746579699534987,False,2.6548233606931593e-10,1.2600363428107905e-09,2.1038700164765305e-09,4.3013025659462134e-07
winter_peak,16,0,31,0.0,2.7090825335870243e-11,2.7090825335870243e-11,0.2106307316746872,0.2106307316746872,0.21069418956369043,0.9996988151921292,7.382882361017806e-10,True,0.005265768291189914,0.17623088276270765,0.3998124878822873,9.01455,187.28,9.266641400850252,9.265481497691077,9.266641400820975,0.9742463966043957,False,2.7092937787162212e-11,1.285889176311259e-10,2.2048101246724902e-09,2.7288716224205256e-07
winter_peak,17,0,31,0.0,0.124220644956824,0.124220644956824,0.17010868932704018,0.210636499254172,0.21069418956369043,0.9997261893665036,-5.7668411965472455e-06,True,0.0021603963574337018,0.17622596137071095,0.3998013227905213,9.1523,182.43,9.412488320413901,9.274950987786436,9.278320916949545,0.9746457340394197,False,0.12422064495687572,0.5895779338486468,0.05504998860193915,0.02114975812898514
winter_peak,18,0,31,0.0,0.022050474665784504,0.022050474665784504,0.2094781018049751,0.21063546370163289,0.21069418956369043,0.9997212744111303,-4.731288657439103e-06,True,0.0047146247258962135,0.04528328853283923,0.10273355023809186,9.04305,180.74,9.296805233108918,9.271238023497554,9.272980856648386,0.9743527244708341,False,0.022050474665834024,0.10465630168300592,0.009246835237783387,-0.07762189642092268
winter_peak,19,0,31,6.487170067122597e-07,0.0,-6.487170067122597e-07,0.2106307313407793,0.21063073134177832,0.21069418956369043,0.9996988136120719,1.0711971309973478e-09,True,0.005265752065619294,0.022039192022131854,0.05000000031293387,8.79225,177.25,9.031566781288147,9.03060765778208,9.031567480762234,0.975449751782764,False,6.487170154579206e-07,3.078950666847037e-06,1.8135023900404453e-06,0.00019485130535023404
winter_peak,20,0,31,6.487464488858519e-07,0.0,-6.487464488858519e-07,0.2106307307736891,0.21063073077468816,0.21069418956369043,0.9996988109205399,1.6382872836118167e-09,True,0.0052657520507059866,0.02203919199958683,0.05000000026178629,8.527199999999999,175.11,8.75175408049165,8.751031306657827,8.7517547782473,0.9768825935850246,False,6.487464464643399e-07,3.079090352741936e-06,2.752306896875607e-07,7.575848776173594e-07
winter_peak,21,0,31,6.487543146719677e-07,0.0,-6.487543146719677e-07,0.21063072899638727,0.21063072899738638,0.21069418956369043,0.9996988024850829,3.4155890615839013e-09,True,0.005265752006076798,0.022039192004465625,0.05000000027285474,8.21655,173.18,8.424445273176378,8.42399647434148,8.424445968926147,0.9785592753060706,False,6.487542987211343e-07,3.07912762124379e-06,2.895696118270096e-07,7.357657428284925e-07
winter_peak,22,0,31,0.05648667914084262,0.0,-0.05648667914084262,0.20297348223490594,0.21068692273352937,0.21069418956369043,0.9999655100590287,-5.619032055392825e-05,True,0.003855006089817172,0.022039192016495693,0.05000000030014719,7.9125499999999995,167.9,8.104809907839627,8.163752629582289,8.16526367065033,0.9794330645698848,False,0.05648667914153555,0.2680979445067244,0.024850004326055514,-0.006196753147901424
winter_peak,23,0,31,0.15259464713007487,0.0,-0.15259464713007487,0.1452821907542891,0.21069418901127226,0.21069418956369043,0.9999999973781044,-6.345659829681827e-05,True,0.0014524885470299361,0.07562748905706176,0.1715750047788602,7.802350000000001,164.63,7.989103845675117,8.149918625597905,8.152457478672837,0.9783035068290019,False,0.1525946471294164,0.7242470589502839,0.07590583041810171,-0.02667098446119919
